Command line invocation:
    /Applications/Xcode.app/Contents/Developer/usr/bin/xcodebuild -workspace /Users/vinay/Documents/Github/FindFood/FindFood/FindFood-FE/ios/FindFood.xcworkspace -configuration Debug -scheme FindFood -destination id=3C87BD02-CE09-4166-8EA9-2E43247858B8

ComputePackagePrebuildTargetDependencyGraph

Prepare packages

CreateBuildRequest

SendProjectDescription

CreateBuildOperation

ComputeTargetDependencyGraph
note: Building targets in dependency order
note: Target dependency graph (114 targets)
    Target 'FindFood' in project 'FindFood'
        ➜ Implicit dependency on target 'Pods-FindFood' in project 'Pods' via file 'libPods-FindFood.a' in build phase 'Link Binary'
        ➜ Implicit dependency on target 'AppAuth' in project 'Pods' via options '-lAppAuth' in build setting 'OTHER_LDFLAGS'
        ➜ Implicit dependency on target 'AppCheckCore' in project 'Pods' via options '-lAppCheckCore' in build setting 'OTHER_LDFLAGS'
        ➜ Implicit dependency on target 'EXConstants' in project 'Pods' via options '-lEXConstants' in build setting 'OTHER_LDFLAGS'
        ➜ Implicit dependency on target 'EXJSONUtils' in project 'Pods' via options '-lEXJSONUtils' in build setting 'OTHER_LDFLAGS'
        ➜ Implicit dependency on target 'EXManifests' in project 'Pods' via options '-lEXManifests' in build setting 'OTHER_LDFLAGS'
        ➜ Implicit dependency on target 'EXUpdatesInterface' in project 'Pods' via options '-lEXUpdatesInterface' in build setting 'OTHER_LDFLAGS'
        ➜ Implicit dependency on target 'Expo' in project 'Pods' via options '-lExpo' in build setting 'OTHER_LDFLAGS'
        ➜ Implicit dependency on target 'ExpoAdapterGoogleSignIn' in project 'Pods' via options '-lExpoAdapterGoogleSignIn' in build setting 'OTHER_LDFLAGS'
        ➜ Implicit dependency on target 'ExpoAsset' in project 'Pods' via options '-lExpoAsset' in build setting 'OTHER_LDFLAGS'
        ➜ Implicit dependency on target 'ExpoFileSystem' in project 'Pods' via options '-lExpoFileSystem' in build setting 'OTHER_LDFLAGS'
        ➜ Implicit dependency on target 'ExpoFont' in project 'Pods' via options '-lExpoFont' in build setting 'OTHER_LDFLAGS'
        ➜ Implicit dependency on target 'ExpoKeepAwake' in project 'Pods' via options '-lExpoKeepAwake' in build setting 'OTHER_LDFLAGS'
        ➜ Implicit dependency on target 'ExpoLocation' in project 'Pods' via options '-lExpoLocation' in build setting 'OTHER_LDFLAGS'
        ➜ Implicit dependency on target 'ExpoModulesCore' in project 'Pods' via options '-lExpoModulesCore' in build setting 'OTHER_LDFLAGS'
        ➜ Implicit dependency on target 'GTMAppAuth' in project 'Pods' via options '-lGTMAppAuth' in build setting 'OTHER_LDFLAGS'
        ➜ Implicit dependency on target 'GTMSessionFetcher' in project 'Pods' via options '-lGTMSessionFetcher' in build setting 'OTHER_LDFLAGS'
        ➜ Implicit dependency on target 'GoogleSignIn' in project 'Pods' via options '-lGoogleSignIn' in build setting 'OTHER_LDFLAGS'
        ➜ Implicit dependency on target 'GoogleUtilities' in project 'Pods' via options '-lGoogleUtilities' in build setting 'OTHER_LDFLAGS'
        ➜ Implicit dependency on target 'PromisesObjC' in project 'Pods' via options '-lPromisesObjC' in build setting 'OTHER_LDFLAGS'
        ➜ Implicit dependency on target 'RNCAsyncStorage' in project 'Pods' via options '-lRNCAsyncStorage' in build setting 'OTHER_LDFLAGS'
        ➜ Implicit dependency on target 'RNGestureHandler' in project 'Pods' via options '-lRNGestureHandler' in build setting 'OTHER_LDFLAGS'
        ➜ Implicit dependency on target 'RNGoogleSignin' in project 'Pods' via options '-lRNGoogleSignin' in build setting 'OTHER_LDFLAGS'
        ➜ Implicit dependency on target 'RNSVG' in project 'Pods' via options '-lRNSVG' in build setting 'OTHER_LDFLAGS'
        ➜ Implicit dependency on target 'RNScreens' in project 'Pods' via options '-lRNScreens' in build setting 'OTHER_LDFLAGS'
        ➜ Implicit dependency on target 'ReactAppDependencyProvider' in project 'Pods' via options '-lReactAppDependencyProvider' in build setting 'OTHER_LDFLAGS'
        ➜ Implicit dependency on target 'ReactCodegen' in project 'Pods' via options '-lReactCodegen' in build setting 'OTHER_LDFLAGS'
        ➜ Implicit dependency on target 'expo-dev-launcher' in project 'Pods' via options '-lexpo-dev-launcher' in build setting 'OTHER_LDFLAGS'
        ➜ Implicit dependency on target 'expo-dev-menu' in project 'Pods' via options '-lexpo-dev-menu' in build setting 'OTHER_LDFLAGS'
        ➜ Implicit dependency on target 'expo-dev-menu-interface' in project 'Pods' via options '-lexpo-dev-menu-interface' in build setting 'OTHER_LDFLAGS'
        ➜ Implicit dependency on target 'react-native-maps' in project 'Pods' via options '-lreact-native-maps' in build setting 'OTHER_LDFLAGS'
        ➜ Implicit dependency on target 'react-native-safe-area-context' in project 'Pods' via options '-lreact-native-safe-area-context' in build setting 'OTHER_LDFLAGS'
    Target 'Pods-FindFood' in project 'Pods'
        ➜ Explicit dependency on target 'AppAuth' in project 'Pods'
        ➜ Explicit dependency on target 'AppCheckCore' in project 'Pods'
        ➜ Explicit dependency on target 'EXConstants' in project 'Pods'
        ➜ Explicit dependency on target 'EXJSONUtils' in project 'Pods'
        ➜ Explicit dependency on target 'EXManifests' in project 'Pods'
        ➜ Explicit dependency on target 'EXUpdatesInterface' in project 'Pods'
        ➜ Explicit dependency on target 'Expo' in project 'Pods'
        ➜ Explicit dependency on target 'ExpoAdapterGoogleSignIn' in project 'Pods'
        ➜ Explicit dependency on target 'ExpoAsset' in project 'Pods'
        ➜ Explicit dependency on target 'ExpoFileSystem' in project 'Pods'
        ➜ Explicit dependency on target 'ExpoFont' in project 'Pods'
        ➜ Explicit dependency on target 'ExpoKeepAwake' in project 'Pods'
        ➜ Explicit dependency on target 'ExpoLocation' in project 'Pods'
        ➜ Explicit dependency on target 'ExpoModulesCore' in project 'Pods'
        ➜ Explicit dependency on target 'FBLazyVector' in project 'Pods'
        ➜ Explicit dependency on target 'GTMAppAuth' in project 'Pods'
        ➜ Explicit dependency on target 'GTMSessionFetcher' in project 'Pods'
        ➜ Explicit dependency on target 'GoogleSignIn' in project 'Pods'
        ➜ Explicit dependency on target 'GoogleUtilities' in project 'Pods'
        ➜ Explicit dependency on target 'PromisesObjC' in project 'Pods'
        ➜ Explicit dependency on target 'RCTDeprecation' in project 'Pods'
        ➜ Explicit dependency on target 'RCTRequired' in project 'Pods'
        ➜ Explicit dependency on target 'RCTTypeSafety' in project 'Pods'
        ➜ Explicit dependency on target 'RNCAsyncStorage' in project 'Pods'
        ➜ Explicit dependency on target 'RNGestureHandler' in project 'Pods'
        ➜ Explicit dependency on target 'RNGoogleSignin' in project 'Pods'
        ➜ Explicit dependency on target 'RNSVG' in project 'Pods'
        ➜ Explicit dependency on target 'RNScreens' in project 'Pods'
        ➜ Explicit dependency on target 'React' in project 'Pods'
        ➜ Explicit dependency on target 'React-Core' in project 'Pods'
        ➜ Explicit dependency on target 'React-Core-prebuilt' in project 'Pods'
        ➜ Explicit dependency on target 'React-CoreModules' in project 'Pods'
        ➜ Explicit dependency on target 'React-Fabric' in project 'Pods'
        ➜ Explicit dependency on target 'React-FabricComponents' in project 'Pods'
        ➜ Explicit dependency on target 'React-FabricImage' in project 'Pods'
        ➜ Explicit dependency on target 'React-ImageManager' in project 'Pods'
        ➜ Explicit dependency on target 'React-Mapbuffer' in project 'Pods'
        ➜ Explicit dependency on target 'React-NativeModulesApple' in project 'Pods'
        ➜ Explicit dependency on target 'React-RCTActionSheet' in project 'Pods'
        ➜ Explicit dependency on target 'React-RCTAnimation' in project 'Pods'
        ➜ Explicit dependency on target 'React-RCTAppDelegate' in project 'Pods'
        ➜ Explicit dependency on target 'React-RCTBlob' in project 'Pods'
        ➜ Explicit dependency on target 'React-RCTFBReactNativeSpec' in project 'Pods'
        ➜ Explicit dependency on target 'React-RCTFabric' in project 'Pods'
        ➜ Explicit dependency on target 'React-RCTImage' in project 'Pods'
        ➜ Explicit dependency on target 'React-RCTLinking' in project 'Pods'
        ➜ Explicit dependency on target 'React-RCTNetwork' in project 'Pods'
        ➜ Explicit dependency on target 'React-RCTRuntime' in project 'Pods'
        ➜ Explicit dependency on target 'React-RCTSettings' in project 'Pods'
        ➜ Explicit dependency on target 'React-RCTText' in project 'Pods'
        ➜ Explicit dependency on target 'React-RCTVibration' in project 'Pods'
        ➜ Explicit dependency on target 'React-RuntimeApple' in project 'Pods'
        ➜ Explicit dependency on target 'React-RuntimeCore' in project 'Pods'
        ➜ Explicit dependency on target 'React-RuntimeHermes' in project 'Pods'
        ➜ Explicit dependency on target 'React-callinvoker' in project 'Pods'
        ➜ Explicit dependency on target 'React-cxxreact' in project 'Pods'
        ➜ Explicit dependency on target 'React-debug' in project 'Pods'
        ➜ Explicit dependency on target 'React-defaultsnativemodule' in project 'Pods'
        ➜ Explicit dependency on target 'React-domnativemodule' in project 'Pods'
        ➜ Explicit dependency on target 'React-featureflags' in project 'Pods'
        ➜ Explicit dependency on target 'React-featureflagsnativemodule' in project 'Pods'
        ➜ Explicit dependency on target 'React-graphics' in project 'Pods'
        ➜ Explicit dependency on target 'React-hermes' in project 'Pods'
        ➜ Explicit dependency on target 'React-idlecallbacksnativemodule' in project 'Pods'
        ➜ Explicit dependency on target 'React-jserrorhandler' in project 'Pods'
        ➜ Explicit dependency on target 'React-jsi' in project 'Pods'
        ➜ Explicit dependency on target 'React-jsiexecutor' in project 'Pods'
        ➜ Explicit dependency on target 'React-jsinspector' in project 'Pods'
        ➜ Explicit dependency on target 'React-jsinspectorcdp' in project 'Pods'
        ➜ Explicit dependency on target 'React-jsinspectornetwork' in project 'Pods'
        ➜ Explicit dependency on target 'React-jsinspectortracing' in project 'Pods'
        ➜ Explicit dependency on target 'React-jsitooling' in project 'Pods'
        ➜ Explicit dependency on target 'React-jsitracing' in project 'Pods'
        ➜ Explicit dependency on target 'React-logger' in project 'Pods'
        ➜ Explicit dependency on target 'React-microtasksnativemodule' in project 'Pods'
        ➜ Explicit dependency on target 'React-oscompat' in project 'Pods'
        ➜ Explicit dependency on target 'React-perflogger' in project 'Pods'
        ➜ Explicit dependency on target 'React-performancetimeline' in project 'Pods'
        ➜ Explicit dependency on target 'React-rendererconsistency' in project 'Pods'
        ➜ Explicit dependency on target 'React-renderercss' in project 'Pods'
        ➜ Explicit dependency on target 'React-rendererdebug' in project 'Pods'
        ➜ Explicit dependency on target 'React-runtimeexecutor' in project 'Pods'
        ➜ Explicit dependency on target 'React-runtimescheduler' in project 'Pods'
        ➜ Explicit dependency on target 'React-timing' in project 'Pods'
        ➜ Explicit dependency on target 'React-utils' in project 'Pods'
        ➜ Explicit dependency on target 'ReactAppDependencyProvider' in project 'Pods'
        ➜ Explicit dependency on target 'ReactCodegen' in project 'Pods'
        ➜ Explicit dependency on target 'ReactCommon' in project 'Pods'
        ➜ Explicit dependency on target 'ReactNativeDependencies' in project 'Pods'
        ➜ Explicit dependency on target 'Yoga' in project 'Pods'
        ➜ Explicit dependency on target 'expo-dev-client' in project 'Pods'
        ➜ Explicit dependency on target 'expo-dev-launcher' in project 'Pods'
        ➜ Explicit dependency on target 'expo-dev-menu' in project 'Pods'
        ➜ Explicit dependency on target 'expo-dev-menu-interface' in project 'Pods'
        ➜ Explicit dependency on target 'hermes-engine' in project 'Pods'
        ➜ Explicit dependency on target 'react-native-maps' in project 'Pods'
        ➜ Explicit dependency on target 'react-native-safe-area-context' in project 'Pods'
    Target 'react-native-safe-area-context' in project 'Pods'
        ➜ Explicit dependency on target 'RCTRequired' in project 'Pods'
        ➜ Explicit dependency on target 'RCTTypeSafety' in project 'Pods'
        ➜ Explicit dependency on target 'React-Core' in project 'Pods'
        ➜ Explicit dependency on target 'React-Core-prebuilt' in project 'Pods'
        ➜ Explicit dependency on target 'React-Fabric' in project 'Pods'
        ➜ Explicit dependency on target 'React-ImageManager' in project 'Pods'
        ➜ Explicit dependency on target 'React-NativeModulesApple' in project 'Pods'
        ➜ Explicit dependency on target 'React-RCTFabric' in project 'Pods'
        ➜ Explicit dependency on target 'React-debug' in project 'Pods'
        ➜ Explicit dependency on target 'React-featureflags' in project 'Pods'
        ➜ Explicit dependency on target 'React-graphics' in project 'Pods'
        ➜ Explicit dependency on target 'React-jsi' in project 'Pods'
        ➜ Explicit dependency on target 'React-renderercss' in project 'Pods'
        ➜ Explicit dependency on target 'React-rendererdebug' in project 'Pods'
        ➜ Explicit dependency on target 'React-utils' in project 'Pods'
        ➜ Explicit dependency on target 'ReactCodegen' in project 'Pods'
        ➜ Explicit dependency on target 'ReactCommon' in project 'Pods'
        ➜ Explicit dependency on target 'ReactNativeDependencies' in project 'Pods'
        ➜ Explicit dependency on target 'Yoga' in project 'Pods'
        ➜ Explicit dependency on target 'hermes-engine' in project 'Pods'
    Target 'react-native-maps' in project 'Pods'
        ➜ Explicit dependency on target 'RCTRequired' in project 'Pods'
        ➜ Explicit dependency on target 'RCTTypeSafety' in project 'Pods'
        ➜ Explicit dependency on target 'React-Core' in project 'Pods'
        ➜ Explicit dependency on target 'React-Core-prebuilt' in project 'Pods'
        ➜ Explicit dependency on target 'React-Fabric' in project 'Pods'
        ➜ Explicit dependency on target 'React-ImageManager' in project 'Pods'
        ➜ Explicit dependency on target 'React-NativeModulesApple' in project 'Pods'
        ➜ Explicit dependency on target 'React-RCTFabric' in project 'Pods'
        ➜ Explicit dependency on target 'React-debug' in project 'Pods'
        ➜ Explicit dependency on target 'React-featureflags' in project 'Pods'
        ➜ Explicit dependency on target 'React-graphics' in project 'Pods'
        ➜ Explicit dependency on target 'React-jsi' in project 'Pods'
        ➜ Explicit dependency on target 'React-renderercss' in project 'Pods'
        ➜ Explicit dependency on target 'React-rendererdebug' in project 'Pods'
        ➜ Explicit dependency on target 'React-utils' in project 'Pods'
        ➜ Explicit dependency on target 'ReactCodegen' in project 'Pods'
        ➜ Explicit dependency on target 'ReactCommon' in project 'Pods'
        ➜ Explicit dependency on target 'ReactNativeDependencies' in project 'Pods'
        ➜ Explicit dependency on target 'Yoga' in project 'Pods'
        ➜ Explicit dependency on target 'hermes-engine' in project 'Pods'
    Target 'expo-dev-client' in project 'Pods'
        ➜ Explicit dependency on target 'EXManifests' in project 'Pods'
        ➜ Explicit dependency on target 'expo-dev-launcher' in project 'Pods'
        ➜ Explicit dependency on target 'expo-dev-menu' in project 'Pods'
        ➜ Explicit dependency on target 'expo-dev-menu-interface' in project 'Pods'
        ➜ Explicit dependency on target 'EXUpdatesInterface' in project 'Pods'
    Target 'expo-dev-launcher' in project 'Pods'
        ➜ Explicit dependency on target 'EXManifests' in project 'Pods'
        ➜ Explicit dependency on target 'EXUpdatesInterface' in project 'Pods'
        ➜ Explicit dependency on target 'ExpoModulesCore' in project 'Pods'
        ➜ Explicit dependency on target 'RCTRequired' in project 'Pods'
        ➜ Explicit dependency on target 'RCTTypeSafety' in project 'Pods'
        ➜ Explicit dependency on target 'React-Core' in project 'Pods'
        ➜ Explicit dependency on target 'React-Core-prebuilt' in project 'Pods'
        ➜ Explicit dependency on target 'React-Fabric' in project 'Pods'
        ➜ Explicit dependency on target 'React-ImageManager' in project 'Pods'
        ➜ Explicit dependency on target 'React-NativeModulesApple' in project 'Pods'
        ➜ Explicit dependency on target 'React-RCTAppDelegate' in project 'Pods'
        ➜ Explicit dependency on target 'React-RCTFabric' in project 'Pods'
        ➜ Explicit dependency on target 'React-debug' in project 'Pods'
        ➜ Explicit dependency on target 'React-featureflags' in project 'Pods'
        ➜ Explicit dependency on target 'React-graphics' in project 'Pods'
        ➜ Explicit dependency on target 'React-jsi' in project 'Pods'
        ➜ Explicit dependency on target 'React-jsinspector' in project 'Pods'
        ➜ Explicit dependency on target 'React-renderercss' in project 'Pods'
        ➜ Explicit dependency on target 'React-rendererdebug' in project 'Pods'
        ➜ Explicit dependency on target 'React-utils' in project 'Pods'
        ➜ Explicit dependency on target 'ReactAppDependencyProvider' in project 'Pods'
        ➜ Explicit dependency on target 'ReactCodegen' in project 'Pods'
        ➜ Explicit dependency on target 'ReactCommon' in project 'Pods'
        ➜ Explicit dependency on target 'ReactNativeDependencies' in project 'Pods'
        ➜ Explicit dependency on target 'Yoga' in project 'Pods'
        ➜ Explicit dependency on target 'expo-dev-launcher-EXDevLauncher' in project 'Pods'
        ➜ Explicit dependency on target 'expo-dev-menu' in project 'Pods'
        ➜ Explicit dependency on target 'expo-dev-menu-interface' in project 'Pods'
        ➜ Explicit dependency on target 'hermes-engine' in project 'Pods'
    Target 'expo-dev-menu' in project 'Pods'
        ➜ Explicit dependency on target 'EXManifests' in project 'Pods'
        ➜ Explicit dependency on target 'ExpoModulesCore' in project 'Pods'
        ➜ Explicit dependency on target 'RCTRequired' in project 'Pods'
        ➜ Explicit dependency on target 'RCTTypeSafety' in project 'Pods'
        ➜ Explicit dependency on target 'React-Core' in project 'Pods'
        ➜ Explicit dependency on target 'React-Core-prebuilt' in project 'Pods'
        ➜ Explicit dependency on target 'React-Fabric' in project 'Pods'
        ➜ Explicit dependency on target 'React-ImageManager' in project 'Pods'
        ➜ Explicit dependency on target 'React-NativeModulesApple' in project 'Pods'
        ➜ Explicit dependency on target 'React-RCTFabric' in project 'Pods'
        ➜ Explicit dependency on target 'React-debug' in project 'Pods'
        ➜ Explicit dependency on target 'React-featureflags' in project 'Pods'
        ➜ Explicit dependency on target 'React-graphics' in project 'Pods'
        ➜ Explicit dependency on target 'React-jsi' in project 'Pods'
        ➜ Explicit dependency on target 'React-jsinspector' in project 'Pods'
        ➜ Explicit dependency on target 'React-renderercss' in project 'Pods'
        ➜ Explicit dependency on target 'React-rendererdebug' in project 'Pods'
        ➜ Explicit dependency on target 'React-utils' in project 'Pods'
        ➜ Explicit dependency on target 'ReactCodegen' in project 'Pods'
        ➜ Explicit dependency on target 'ReactCommon' in project 'Pods'
        ➜ Explicit dependency on target 'ReactNativeDependencies' in project 'Pods'
        ➜ Explicit dependency on target 'Yoga' in project 'Pods'
        ➜ Explicit dependency on target 'expo-dev-menu-EXDevMenu' in project 'Pods'
        ➜ Explicit dependency on target 'expo-dev-menu-interface' in project 'Pods'
        ➜ Explicit dependency on target 'hermes-engine' in project 'Pods'
    Target 'expo-dev-menu-interface' in project 'Pods' (no dependencies)
    Target 'expo-dev-menu-EXDevMenu' in project 'Pods' (no dependencies)
    Target 'expo-dev-launcher-EXDevLauncher' in project 'Pods' (no dependencies)
    Target 'React' in project 'Pods'
        ➜ Explicit dependency on target 'React-Core' in project 'Pods'
        ➜ Explicit dependency on target 'React-RCTActionSheet' in project 'Pods'
        ➜ Explicit dependency on target 'React-RCTAnimation' in project 'Pods'
        ➜ Explicit dependency on target 'React-RCTBlob' in project 'Pods'
        ➜ Explicit dependency on target 'React-RCTImage' in project 'Pods'
        ➜ Explicit dependency on target 'React-RCTLinking' in project 'Pods'
        ➜ Explicit dependency on target 'React-RCTNetwork' in project 'Pods'
        ➜ Explicit dependency on target 'React-RCTSettings' in project 'Pods'
        ➜ Explicit dependency on target 'React-RCTText' in project 'Pods'
        ➜ Explicit dependency on target 'React-RCTVibration' in project 'Pods'
    Target 'React-RCTVibration' in project 'Pods'
        ➜ Explicit dependency on target 'React-Core' in project 'Pods'
        ➜ Explicit dependency on target 'React-Core-prebuilt' in project 'Pods'
        ➜ Explicit dependency on target 'React-jsi' in project 'Pods'
        ➜ Explicit dependency on target 'React-NativeModulesApple' in project 'Pods'
        ➜ Explicit dependency on target 'React-RCTFBReactNativeSpec' in project 'Pods'
        ➜ Explicit dependency on target 'ReactCommon' in project 'Pods'
        ➜ Explicit dependency on target 'ReactNativeDependencies' in project 'Pods'
    Target 'React-RCTSettings' in project 'Pods'
        ➜ Explicit dependency on target 'RCTTypeSafety' in project 'Pods'
        ➜ Explicit dependency on target 'React-Core' in project 'Pods'
        ➜ Explicit dependency on target 'React-Core-prebuilt' in project 'Pods'
        ➜ Explicit dependency on target 'React-jsi' in project 'Pods'
        ➜ Explicit dependency on target 'React-NativeModulesApple' in project 'Pods'
        ➜ Explicit dependency on target 'React-RCTFBReactNativeSpec' in project 'Pods'
        ➜ Explicit dependency on target 'ReactCommon' in project 'Pods'
        ➜ Explicit dependency on target 'ReactNativeDependencies' in project 'Pods'
    Target 'React-RCTLinking' in project 'Pods'
        ➜ Explicit dependency on target 'React-Core' in project 'Pods'
        ➜ Explicit dependency on target 'React-jsi' in project 'Pods'
        ➜ Explicit dependency on target 'React-NativeModulesApple' in project 'Pods'
        ➜ Explicit dependency on target 'React-RCTFBReactNativeSpec' in project 'Pods'
        ➜ Explicit dependency on target 'ReactCommon' in project 'Pods'
    Target 'React-RCTActionSheet' in project 'Pods'
        ➜ Explicit dependency on target 'React-Core' in project 'Pods'
    Target 'RNScreens' in project 'Pods'
        ➜ Explicit dependency on target 'RCTRequired' in project 'Pods'
        ➜ Explicit dependency on target 'RCTTypeSafety' in project 'Pods'
        ➜ Explicit dependency on target 'React-Core' in project 'Pods'
        ➜ Explicit dependency on target 'React-Core-prebuilt' in project 'Pods'
        ➜ Explicit dependency on target 'React-Fabric' in project 'Pods'
        ➜ Explicit dependency on target 'React-ImageManager' in project 'Pods'
        ➜ Explicit dependency on target 'React-NativeModulesApple' in project 'Pods'
        ➜ Explicit dependency on target 'React-RCTFabric' in project 'Pods'
        ➜ Explicit dependency on target 'React-RCTImage' in project 'Pods'
        ➜ Explicit dependency on target 'React-debug' in project 'Pods'
        ➜ Explicit dependency on target 'React-featureflags' in project 'Pods'
        ➜ Explicit dependency on target 'React-graphics' in project 'Pods'
        ➜ Explicit dependency on target 'React-jsi' in project 'Pods'
        ➜ Explicit dependency on target 'React-renderercss' in project 'Pods'
        ➜ Explicit dependency on target 'React-rendererdebug' in project 'Pods'
        ➜ Explicit dependency on target 'React-utils' in project 'Pods'
        ➜ Explicit dependency on target 'ReactCodegen' in project 'Pods'
        ➜ Explicit dependency on target 'ReactCommon' in project 'Pods'
        ➜ Explicit dependency on target 'ReactNativeDependencies' in project 'Pods'
        ➜ Explicit dependency on target 'Yoga' in project 'Pods'
        ➜ Explicit dependency on target 'hermes-engine' in project 'Pods'
    Target 'RNSVG' in project 'Pods'
        ➜ Explicit dependency on target 'RCTRequired' in project 'Pods'
        ➜ Explicit dependency on target 'RCTTypeSafety' in project 'Pods'
        ➜ Explicit dependency on target 'RNSVG-RNSVGFilters' in project 'Pods'
        ➜ Explicit dependency on target 'React-Core' in project 'Pods'
        ➜ Explicit dependency on target 'React-Core-prebuilt' in project 'Pods'
        ➜ Explicit dependency on target 'React-Fabric' in project 'Pods'
        ➜ Explicit dependency on target 'React-ImageManager' in project 'Pods'
        ➜ Explicit dependency on target 'React-NativeModulesApple' in project 'Pods'
        ➜ Explicit dependency on target 'React-RCTFabric' in project 'Pods'
        ➜ Explicit dependency on target 'React-debug' in project 'Pods'
        ➜ Explicit dependency on target 'React-featureflags' in project 'Pods'
        ➜ Explicit dependency on target 'React-graphics' in project 'Pods'
        ➜ Explicit dependency on target 'React-jsi' in project 'Pods'
        ➜ Explicit dependency on target 'React-renderercss' in project 'Pods'
        ➜ Explicit dependency on target 'React-rendererdebug' in project 'Pods'
        ➜ Explicit dependency on target 'React-utils' in project 'Pods'
        ➜ Explicit dependency on target 'ReactCodegen' in project 'Pods'
        ➜ Explicit dependency on target 'ReactCommon' in project 'Pods'
        ➜ Explicit dependency on target 'ReactNativeDependencies' in project 'Pods'
        ➜ Explicit dependency on target 'Yoga' in project 'Pods'
        ➜ Explicit dependency on target 'hermes-engine' in project 'Pods'
    Target 'RNSVG-RNSVGFilters' in project 'Pods' (no dependencies)
    Target 'RNGoogleSignin' in project 'Pods'
        ➜ Explicit dependency on target 'GoogleSignIn' in project 'Pods'
        ➜ Explicit dependency on target 'RCTRequired' in project 'Pods'
        ➜ Explicit dependency on target 'RCTTypeSafety' in project 'Pods'
        ➜ Explicit dependency on target 'React-Core' in project 'Pods'
        ➜ Explicit dependency on target 'React-Core-prebuilt' in project 'Pods'
        ➜ Explicit dependency on target 'React-Fabric' in project 'Pods'
        ➜ Explicit dependency on target 'React-ImageManager' in project 'Pods'
        ➜ Explicit dependency on target 'React-NativeModulesApple' in project 'Pods'
        ➜ Explicit dependency on target 'React-RCTFabric' in project 'Pods'
        ➜ Explicit dependency on target 'React-debug' in project 'Pods'
        ➜ Explicit dependency on target 'React-featureflags' in project 'Pods'
        ➜ Explicit dependency on target 'React-graphics' in project 'Pods'
        ➜ Explicit dependency on target 'React-jsi' in project 'Pods'
        ➜ Explicit dependency on target 'React-renderercss' in project 'Pods'
        ➜ Explicit dependency on target 'React-rendererdebug' in project 'Pods'
        ➜ Explicit dependency on target 'React-utils' in project 'Pods'
        ➜ Explicit dependency on target 'ReactCodegen' in project 'Pods'
        ➜ Explicit dependency on target 'ReactCommon' in project 'Pods'
        ➜ Explicit dependency on target 'ReactNativeDependencies' in project 'Pods'
        ➜ Explicit dependency on target 'Yoga' in project 'Pods'
        ➜ Explicit dependency on target 'hermes-engine' in project 'Pods'
    Target 'RNGestureHandler' in project 'Pods'
        ➜ Explicit dependency on target 'RCTRequired' in project 'Pods'
        ➜ Explicit dependency on target 'RCTTypeSafety' in project 'Pods'
        ➜ Explicit dependency on target 'React-Core' in project 'Pods'
        ➜ Explicit dependency on target 'React-Core-prebuilt' in project 'Pods'
        ➜ Explicit dependency on target 'React-Fabric' in project 'Pods'
        ➜ Explicit dependency on target 'React-ImageManager' in project 'Pods'
        ➜ Explicit dependency on target 'React-NativeModulesApple' in project 'Pods'
        ➜ Explicit dependency on target 'React-RCTFabric' in project 'Pods'
        ➜ Explicit dependency on target 'React-debug' in project 'Pods'
        ➜ Explicit dependency on target 'React-featureflags' in project 'Pods'
        ➜ Explicit dependency on target 'React-graphics' in project 'Pods'
        ➜ Explicit dependency on target 'React-jsi' in project 'Pods'
        ➜ Explicit dependency on target 'React-renderercss' in project 'Pods'
        ➜ Explicit dependency on target 'React-rendererdebug' in project 'Pods'
        ➜ Explicit dependency on target 'React-utils' in project 'Pods'
        ➜ Explicit dependency on target 'ReactCodegen' in project 'Pods'
        ➜ Explicit dependency on target 'ReactCommon' in project 'Pods'
        ➜ Explicit dependency on target 'ReactNativeDependencies' in project 'Pods'
        ➜ Explicit dependency on target 'Yoga' in project 'Pods'
        ➜ Explicit dependency on target 'hermes-engine' in project 'Pods'
    Target 'RNCAsyncStorage' in project 'Pods'
        ➜ Explicit dependency on target 'RCTRequired' in project 'Pods'
        ➜ Explicit dependency on target 'RCTTypeSafety' in project 'Pods'
        ➜ Explicit dependency on target 'RNCAsyncStorage-RNCAsyncStorage_resources' in project 'Pods'
        ➜ Explicit dependency on target 'React-Core' in project 'Pods'
        ➜ Explicit dependency on target 'React-Core-prebuilt' in project 'Pods'
        ➜ Explicit dependency on target 'React-Fabric' in project 'Pods'
        ➜ Explicit dependency on target 'React-ImageManager' in project 'Pods'
        ➜ Explicit dependency on target 'React-NativeModulesApple' in project 'Pods'
        ➜ Explicit dependency on target 'React-RCTFabric' in project 'Pods'
        ➜ Explicit dependency on target 'React-debug' in project 'Pods'
        ➜ Explicit dependency on target 'React-featureflags' in project 'Pods'
        ➜ Explicit dependency on target 'React-graphics' in project 'Pods'
        ➜ Explicit dependency on target 'React-jsi' in project 'Pods'
        ➜ Explicit dependency on target 'React-renderercss' in project 'Pods'
        ➜ Explicit dependency on target 'React-rendererdebug' in project 'Pods'
        ➜ Explicit dependency on target 'React-utils' in project 'Pods'
        ➜ Explicit dependency on target 'ReactCodegen' in project 'Pods'
        ➜ Explicit dependency on target 'ReactCommon' in project 'Pods'
        ➜ Explicit dependency on target 'ReactNativeDependencies' in project 'Pods'
        ➜ Explicit dependency on target 'Yoga' in project 'Pods'
        ➜ Explicit dependency on target 'hermes-engine' in project 'Pods'
    Target 'RNCAsyncStorage-RNCAsyncStorage_resources' in project 'Pods' (no dependencies)
    Target 'ExpoLocation' in project 'Pods'
        ➜ Explicit dependency on target 'ExpoModulesCore' in project 'Pods'
    Target 'ExpoKeepAwake' in project 'Pods'
        ➜ Explicit dependency on target 'ExpoModulesCore' in project 'Pods'
    Target 'ExpoFont' in project 'Pods'
        ➜ Explicit dependency on target 'ExpoModulesCore' in project 'Pods'
    Target 'ExpoFileSystem' in project 'Pods'
        ➜ Explicit dependency on target 'ExpoFileSystem-ExpoFileSystem_privacy' in project 'Pods'
        ➜ Explicit dependency on target 'ExpoModulesCore' in project 'Pods'
    Target 'ExpoFileSystem-ExpoFileSystem_privacy' in project 'Pods' (no dependencies)
    Target 'ExpoAsset' in project 'Pods'
        ➜ Explicit dependency on target 'ExpoModulesCore' in project 'Pods'
    Target 'ExpoAdapterGoogleSignIn' in project 'Pods'
        ➜ Explicit dependency on target 'ExpoModulesCore' in project 'Pods'
        ➜ Explicit dependency on target 'GoogleSignIn' in project 'Pods'
        ➜ Explicit dependency on target 'React-Core' in project 'Pods'
    Target 'GoogleSignIn' in project 'Pods'
        ➜ Explicit dependency on target 'AppAuth' in project 'Pods'
        ➜ Explicit dependency on target 'AppCheckCore' in project 'Pods'
        ➜ Explicit dependency on target 'GTMAppAuth' in project 'Pods'
        ➜ Explicit dependency on target 'GTMSessionFetcher' in project 'Pods'
        ➜ Explicit dependency on target 'GoogleSignIn-GoogleSignIn' in project 'Pods'
    Target 'GoogleSignIn-GoogleSignIn' in project 'Pods' (no dependencies)
    Target 'GTMAppAuth' in project 'Pods'
        ➜ Explicit dependency on target 'AppAuth' in project 'Pods'
        ➜ Explicit dependency on target 'GTMAppAuth-GTMAppAuth_Privacy' in project 'Pods'
        ➜ Explicit dependency on target 'GTMSessionFetcher' in project 'Pods'
    Target 'GTMSessionFetcher' in project 'Pods'
        ➜ Explicit dependency on target 'GTMSessionFetcher-GTMSessionFetcher_Core_Privacy' in project 'Pods'
    Target 'GTMSessionFetcher-GTMSessionFetcher_Core_Privacy' in project 'Pods' (no dependencies)
    Target 'GTMAppAuth-GTMAppAuth_Privacy' in project 'Pods' (no dependencies)
    Target 'Expo' in project 'Pods'
        ➜ Explicit dependency on target 'ExpoModulesCore' in project 'Pods'
        ➜ Explicit dependency on target 'RCTRequired' in project 'Pods'
        ➜ Explicit dependency on target 'RCTTypeSafety' in project 'Pods'
        ➜ Explicit dependency on target 'React-Core' in project 'Pods'
        ➜ Explicit dependency on target 'React-Core-prebuilt' in project 'Pods'
        ➜ Explicit dependency on target 'React-Fabric' in project 'Pods'
        ➜ Explicit dependency on target 'React-ImageManager' in project 'Pods'
        ➜ Explicit dependency on target 'React-NativeModulesApple' in project 'Pods'
        ➜ Explicit dependency on target 'React-RCTAppDelegate' in project 'Pods'
        ➜ Explicit dependency on target 'React-RCTFabric' in project 'Pods'
        ➜ Explicit dependency on target 'React-debug' in project 'Pods'
        ➜ Explicit dependency on target 'React-featureflags' in project 'Pods'
        ➜ Explicit dependency on target 'React-graphics' in project 'Pods'
        ➜ Explicit dependency on target 'React-jsi' in project 'Pods'
        ➜ Explicit dependency on target 'React-renderercss' in project 'Pods'
        ➜ Explicit dependency on target 'React-rendererdebug' in project 'Pods'
        ➜ Explicit dependency on target 'React-utils' in project 'Pods'
        ➜ Explicit dependency on target 'ReactAppDependencyProvider' in project 'Pods'
        ➜ Explicit dependency on target 'ReactCodegen' in project 'Pods'
        ➜ Explicit dependency on target 'ReactCommon' in project 'Pods'
        ➜ Explicit dependency on target 'ReactNativeDependencies' in project 'Pods'
        ➜ Explicit dependency on target 'Yoga' in project 'Pods'
        ➜ Explicit dependency on target 'hermes-engine' in project 'Pods'
    Target 'ReactAppDependencyProvider' in project 'Pods'
        ➜ Explicit dependency on target 'ReactCodegen' in project 'Pods'
    Target 'EXUpdatesInterface' in project 'Pods'
        ➜ Explicit dependency on target 'ExpoModulesCore' in project 'Pods'
    Target 'EXManifests' in project 'Pods'
        ➜ Explicit dependency on target 'ExpoModulesCore' in project 'Pods'
    Target 'EXJSONUtils' in project 'Pods' (no dependencies)
    Target 'EXConstants' in project 'Pods'
        ➜ Explicit dependency on target 'EXConstants-EXConstants' in project 'Pods'
        ➜ Explicit dependency on target 'EXConstants-ExpoConstants_privacy' in project 'Pods'
        ➜ Explicit dependency on target 'ExpoModulesCore' in project 'Pods'
    Target 'ExpoModulesCore' in project 'Pods'
        ➜ Explicit dependency on target 'RCTRequired' in project 'Pods'
        ➜ Explicit dependency on target 'RCTTypeSafety' in project 'Pods'
        ➜ Explicit dependency on target 'React-Core' in project 'Pods'
        ➜ Explicit dependency on target 'React-Core-prebuilt' in project 'Pods'
        ➜ Explicit dependency on target 'React-Fabric' in project 'Pods'
        ➜ Explicit dependency on target 'React-ImageManager' in project 'Pods'
        ➜ Explicit dependency on target 'React-NativeModulesApple' in project 'Pods'
        ➜ Explicit dependency on target 'React-RCTFabric' in project 'Pods'
        ➜ Explicit dependency on target 'React-debug' in project 'Pods'
        ➜ Explicit dependency on target 'React-featureflags' in project 'Pods'
        ➜ Explicit dependency on target 'React-graphics' in project 'Pods'
        ➜ Explicit dependency on target 'React-jsi' in project 'Pods'
        ➜ Explicit dependency on target 'React-jsinspector' in project 'Pods'
        ➜ Explicit dependency on target 'React-renderercss' in project 'Pods'
        ➜ Explicit dependency on target 'React-rendererdebug' in project 'Pods'
        ➜ Explicit dependency on target 'React-utils' in project 'Pods'
        ➜ Explicit dependency on target 'ReactCodegen' in project 'Pods'
        ➜ Explicit dependency on target 'ReactCommon' in project 'Pods'
        ➜ Explicit dependency on target 'ReactNativeDependencies' in project 'Pods'
        ➜ Explicit dependency on target 'Yoga' in project 'Pods'
        ➜ Explicit dependency on target 'hermes-engine' in project 'Pods'
    Target 'ReactCodegen' in project 'Pods'
        ➜ Explicit dependency on target 'RCTRequired' in project 'Pods'
        ➜ Explicit dependency on target 'RCTTypeSafety' in project 'Pods'
        ➜ Explicit dependency on target 'React-Core' in project 'Pods'
        ➜ Explicit dependency on target 'React-Core-prebuilt' in project 'Pods'
        ➜ Explicit dependency on target 'React-Fabric' in project 'Pods'
        ➜ Explicit dependency on target 'React-FabricImage' in project 'Pods'
        ➜ Explicit dependency on target 'React-NativeModulesApple' in project 'Pods'
        ➜ Explicit dependency on target 'React-RCTAppDelegate' in project 'Pods'
        ➜ Explicit dependency on target 'React-debug' in project 'Pods'
        ➜ Explicit dependency on target 'React-featureflags' in project 'Pods'
        ➜ Explicit dependency on target 'React-graphics' in project 'Pods'
        ➜ Explicit dependency on target 'React-jsi' in project 'Pods'
        ➜ Explicit dependency on target 'React-jsiexecutor' in project 'Pods'
        ➜ Explicit dependency on target 'React-rendererdebug' in project 'Pods'
        ➜ Explicit dependency on target 'React-utils' in project 'Pods'
        ➜ Explicit dependency on target 'ReactCommon' in project 'Pods'
        ➜ Explicit dependency on target 'ReactNativeDependencies' in project 'Pods'
        ➜ Explicit dependency on target 'hermes-engine' in project 'Pods'
    Target 'React-RCTAppDelegate' in project 'Pods'
        ➜ Explicit dependency on target 'hermes-engine' in project 'Pods'
        ➜ Explicit dependency on target 'RCTRequired' in project 'Pods'
        ➜ Explicit dependency on target 'RCTTypeSafety' in project 'Pods'
        ➜ Explicit dependency on target 'React-Core' in project 'Pods'
        ➜ Explicit dependency on target 'React-Core-prebuilt' in project 'Pods'
        ➜ Explicit dependency on target 'React-CoreModules' in project 'Pods'
        ➜ Explicit dependency on target 'React-debug' in project 'Pods'
        ➜ Explicit dependency on target 'React-defaultsnativemodule' in project 'Pods'
        ➜ Explicit dependency on target 'React-Fabric' in project 'Pods'
        ➜ Explicit dependency on target 'React-featureflags' in project 'Pods'
        ➜ Explicit dependency on target 'React-graphics' in project 'Pods'
        ➜ Explicit dependency on target 'React-hermes' in project 'Pods'
        ➜ Explicit dependency on target 'React-jsitooling' in project 'Pods'
        ➜ Explicit dependency on target 'React-NativeModulesApple' in project 'Pods'
        ➜ Explicit dependency on target 'React-RCTFabric' in project 'Pods'
        ➜ Explicit dependency on target 'React-RCTFBReactNativeSpec' in project 'Pods'
        ➜ Explicit dependency on target 'React-RCTImage' in project 'Pods'
        ➜ Explicit dependency on target 'React-RCTNetwork' in project 'Pods'
        ➜ Explicit dependency on target 'React-RCTRuntime' in project 'Pods'
        ➜ Explicit dependency on target 'React-rendererdebug' in project 'Pods'
        ➜ Explicit dependency on target 'React-RuntimeApple' in project 'Pods'
        ➜ Explicit dependency on target 'React-RuntimeCore' in project 'Pods'
        ➜ Explicit dependency on target 'React-runtimeexecutor' in project 'Pods'
        ➜ Explicit dependency on target 'React-runtimescheduler' in project 'Pods'
        ➜ Explicit dependency on target 'React-utils' in project 'Pods'
        ➜ Explicit dependency on target 'ReactCommon' in project 'Pods'
        ➜ Explicit dependency on target 'ReactNativeDependencies' in project 'Pods'
    Target 'React-RCTRuntime' in project 'Pods'
        ➜ Explicit dependency on target 'hermes-engine' in project 'Pods'
        ➜ Explicit dependency on target 'React-Core' in project 'Pods'
        ➜ Explicit dependency on target 'React-Core-prebuilt' in project 'Pods'
        ➜ Explicit dependency on target 'React-jsi' in project 'Pods'
        ➜ Explicit dependency on target 'React-jsinspector' in project 'Pods'
        ➜ Explicit dependency on target 'React-jsinspectorcdp' in project 'Pods'
        ➜ Explicit dependency on target 'React-jsinspectortracing' in project 'Pods'
        ➜ Explicit dependency on target 'React-jsitooling' in project 'Pods'
        ➜ Explicit dependency on target 'React-RuntimeApple' in project 'Pods'
        ➜ Explicit dependency on target 'React-RuntimeCore' in project 'Pods'
        ➜ Explicit dependency on target 'React-runtimeexecutor' in project 'Pods'
        ➜ Explicit dependency on target 'React-RuntimeHermes' in project 'Pods'
        ➜ Explicit dependency on target 'ReactNativeDependencies' in project 'Pods'
    Target 'React-RuntimeApple' in project 'Pods'
        ➜ Explicit dependency on target 'hermes-engine' in project 'Pods'
        ➜ Explicit dependency on target 'React-callinvoker' in project 'Pods'
        ➜ Explicit dependency on target 'React-Core' in project 'Pods'
        ➜ Explicit dependency on target 'React-Core-prebuilt' in project 'Pods'
        ➜ Explicit dependency on target 'React-CoreModules' in project 'Pods'
        ➜ Explicit dependency on target 'React-cxxreact' in project 'Pods'
        ➜ Explicit dependency on target 'React-featureflags' in project 'Pods'
        ➜ Explicit dependency on target 'React-jserrorhandler' in project 'Pods'
        ➜ Explicit dependency on target 'React-jsi' in project 'Pods'
        ➜ Explicit dependency on target 'React-jsiexecutor' in project 'Pods'
        ➜ Explicit dependency on target 'React-jsinspector' in project 'Pods'
        ➜ Explicit dependency on target 'React-jsitooling' in project 'Pods'
        ➜ Explicit dependency on target 'React-Mapbuffer' in project 'Pods'
        ➜ Explicit dependency on target 'React-NativeModulesApple' in project 'Pods'
        ➜ Explicit dependency on target 'React-RCTFabric' in project 'Pods'
        ➜ Explicit dependency on target 'React-RCTFBReactNativeSpec' in project 'Pods'
        ➜ Explicit dependency on target 'React-RuntimeCore' in project 'Pods'
        ➜ Explicit dependency on target 'React-runtimeexecutor' in project 'Pods'
        ➜ Explicit dependency on target 'React-RuntimeHermes' in project 'Pods'
        ➜ Explicit dependency on target 'React-runtimescheduler' in project 'Pods'
        ➜ Explicit dependency on target 'React-utils' in project 'Pods'
        ➜ Explicit dependency on target 'ReactNativeDependencies' in project 'Pods'
    Target 'React-RuntimeHermes' in project 'Pods'
        ➜ Explicit dependency on target 'hermes-engine' in project 'Pods'
        ➜ Explicit dependency on target 'React-Core-prebuilt' in project 'Pods'
        ➜ Explicit dependency on target 'React-featureflags' in project 'Pods'
        ➜ Explicit dependency on target 'React-hermes' in project 'Pods'
        ➜ Explicit dependency on target 'React-jsi' in project 'Pods'
        ➜ Explicit dependency on target 'React-jsinspector' in project 'Pods'
        ➜ Explicit dependency on target 'React-jsinspectorcdp' in project 'Pods'
        ➜ Explicit dependency on target 'React-jsinspectortracing' in project 'Pods'
        ➜ Explicit dependency on target 'React-jsitooling' in project 'Pods'
        ➜ Explicit dependency on target 'React-jsitracing' in project 'Pods'
        ➜ Explicit dependency on target 'React-RuntimeCore' in project 'Pods'
        ➜ Explicit dependency on target 'React-runtimeexecutor' in project 'Pods'
        ➜ Explicit dependency on target 'React-utils' in project 'Pods'
        ➜ Explicit dependency on target 'ReactNativeDependencies' in project 'Pods'
    Target 'React-jsitracing' in project 'Pods'
        ➜ Explicit dependency on target 'React-jsi' in project 'Pods'
    Target 'React-RuntimeCore' in project 'Pods'
        ➜ Explicit dependency on target 'hermes-engine' in project 'Pods'
        ➜ Explicit dependency on target 'React-Core-prebuilt' in project 'Pods'
        ➜ Explicit dependency on target 'React-cxxreact' in project 'Pods'
        ➜ Explicit dependency on target 'React-Fabric' in project 'Pods'
        ➜ Explicit dependency on target 'React-featureflags' in project 'Pods'
        ➜ Explicit dependency on target 'React-jserrorhandler' in project 'Pods'
        ➜ Explicit dependency on target 'React-jsi' in project 'Pods'
        ➜ Explicit dependency on target 'React-jsiexecutor' in project 'Pods'
        ➜ Explicit dependency on target 'React-jsinspector' in project 'Pods'
        ➜ Explicit dependency on target 'React-jsitooling' in project 'Pods'
        ➜ Explicit dependency on target 'React-performancetimeline' in project 'Pods'
        ➜ Explicit dependency on target 'React-runtimeexecutor' in project 'Pods'
        ➜ Explicit dependency on target 'React-runtimescheduler' in project 'Pods'
        ➜ Explicit dependency on target 'React-utils' in project 'Pods'
        ➜ Explicit dependency on target 'ReactNativeDependencies' in project 'Pods'
    Target 'React-Mapbuffer' in project 'Pods'
        ➜ Explicit dependency on target 'React-Core-prebuilt' in project 'Pods'
        ➜ Explicit dependency on target 'React-debug' in project 'Pods'
        ➜ Explicit dependency on target 'ReactNativeDependencies' in project 'Pods'
    Target 'React-jserrorhandler' in project 'Pods'
        ➜ Explicit dependency on target 'hermes-engine' in project 'Pods'
        ➜ Explicit dependency on target 'React-Core-prebuilt' in project 'Pods'
        ➜ Explicit dependency on target 'React-cxxreact' in project 'Pods'
        ➜ Explicit dependency on target 'React-debug' in project 'Pods'
        ➜ Explicit dependency on target 'React-featureflags' in project 'Pods'
        ➜ Explicit dependency on target 'React-jsi' in project 'Pods'
        ➜ Explicit dependency on target 'ReactCommon' in project 'Pods'
        ➜ Explicit dependency on target 'ReactNativeDependencies' in project 'Pods'
    Target 'React-defaultsnativemodule' in project 'Pods'
        ➜ Explicit dependency on target 'hermes-engine' in project 'Pods'
        ➜ Explicit dependency on target 'React-Core-prebuilt' in project 'Pods'
        ➜ Explicit dependency on target 'React-domnativemodule' in project 'Pods'
        ➜ Explicit dependency on target 'React-featureflagsnativemodule' in project 'Pods'
        ➜ Explicit dependency on target 'React-idlecallbacksnativemodule' in project 'Pods'
        ➜ Explicit dependency on target 'React-jsi' in project 'Pods'
        ➜ Explicit dependency on target 'React-jsiexecutor' in project 'Pods'
        ➜ Explicit dependency on target 'React-microtasksnativemodule' in project 'Pods'
        ➜ Explicit dependency on target 'React-RCTFBReactNativeSpec' in project 'Pods'
        ➜ Explicit dependency on target 'ReactNativeDependencies' in project 'Pods'
    Target 'React-microtasksnativemodule' in project 'Pods'
        ➜ Explicit dependency on target 'hermes-engine' in project 'Pods'
        ➜ Explicit dependency on target 'React-Core-prebuilt' in project 'Pods'
        ➜ Explicit dependency on target 'React-jsi' in project 'Pods'
        ➜ Explicit dependency on target 'React-jsiexecutor' in project 'Pods'
        ➜ Explicit dependency on target 'React-RCTFBReactNativeSpec' in project 'Pods'
        ➜ Explicit dependency on target 'ReactCommon' in project 'Pods'
        ➜ Explicit dependency on target 'ReactNativeDependencies' in project 'Pods'
    Target 'React-idlecallbacksnativemodule' in project 'Pods'
        ➜ Explicit dependency on target 'hermes-engine' in project 'Pods'
        ➜ Explicit dependency on target 'React-Core-prebuilt' in project 'Pods'
        ➜ Explicit dependency on target 'React-jsi' in project 'Pods'
        ➜ Explicit dependency on target 'React-jsiexecutor' in project 'Pods'
        ➜ Explicit dependency on target 'React-RCTFBReactNativeSpec' in project 'Pods'
        ➜ Explicit dependency on target 'React-runtimeexecutor' in project 'Pods'
        ➜ Explicit dependency on target 'React-runtimescheduler' in project 'Pods'
        ➜ Explicit dependency on target 'ReactCommon' in project 'Pods'
        ➜ Explicit dependency on target 'ReactNativeDependencies' in project 'Pods'
    Target 'React-featureflagsnativemodule' in project 'Pods'
        ➜ Explicit dependency on target 'hermes-engine' in project 'Pods'
        ➜ Explicit dependency on target 'React-Core-prebuilt' in project 'Pods'
        ➜ Explicit dependency on target 'React-featureflags' in project 'Pods'
        ➜ Explicit dependency on target 'React-jsi' in project 'Pods'
        ➜ Explicit dependency on target 'React-jsiexecutor' in project 'Pods'
        ➜ Explicit dependency on target 'React-RCTFBReactNativeSpec' in project 'Pods'
        ➜ Explicit dependency on target 'ReactCommon' in project 'Pods'
        ➜ Explicit dependency on target 'ReactNativeDependencies' in project 'Pods'
    Target 'React-domnativemodule' in project 'Pods'
        ➜ Explicit dependency on target 'hermes-engine' in project 'Pods'
        ➜ Explicit dependency on target 'React-Core-prebuilt' in project 'Pods'
        ➜ Explicit dependency on target 'React-Fabric' in project 'Pods'
        ➜ Explicit dependency on target 'React-FabricComponents' in project 'Pods'
        ➜ Explicit dependency on target 'React-graphics' in project 'Pods'
        ➜ Explicit dependency on target 'React-jsi' in project 'Pods'
        ➜ Explicit dependency on target 'React-jsiexecutor' in project 'Pods'
        ➜ Explicit dependency on target 'React-RCTFBReactNativeSpec' in project 'Pods'
        ➜ Explicit dependency on target 'React-runtimeexecutor' in project 'Pods'
        ➜ Explicit dependency on target 'ReactCommon' in project 'Pods'
        ➜ Explicit dependency on target 'ReactNativeDependencies' in project 'Pods'
        ➜ Explicit dependency on target 'Yoga' in project 'Pods'
    Target 'React-CoreModules' in project 'Pods'
        ➜ Explicit dependency on target 'RCTTypeSafety' in project 'Pods'
        ➜ Explicit dependency on target 'React-Core' in project 'Pods'
        ➜ Explicit dependency on target 'React-Core-prebuilt' in project 'Pods'
        ➜ Explicit dependency on target 'React-jsi' in project 'Pods'
        ➜ Explicit dependency on target 'React-jsinspector' in project 'Pods'
        ➜ Explicit dependency on target 'React-jsinspectorcdp' in project 'Pods'
        ➜ Explicit dependency on target 'React-jsinspectortracing' in project 'Pods'
        ➜ Explicit dependency on target 'React-NativeModulesApple' in project 'Pods'
        ➜ Explicit dependency on target 'React-RCTBlob' in project 'Pods'
        ➜ Explicit dependency on target 'React-RCTFBReactNativeSpec' in project 'Pods'
        ➜ Explicit dependency on target 'React-RCTImage' in project 'Pods'
        ➜ Explicit dependency on target 'React-runtimeexecutor' in project 'Pods'
        ➜ Explicit dependency on target 'ReactCommon' in project 'Pods'
        ➜ Explicit dependency on target 'ReactNativeDependencies' in project 'Pods'
    Target 'React-RCTBlob' in project 'Pods'
        ➜ Explicit dependency on target 'hermes-engine' in project 'Pods'
        ➜ Explicit dependency on target 'React-Core' in project 'Pods'
        ➜ Explicit dependency on target 'React-Core-prebuilt' in project 'Pods'
        ➜ Explicit dependency on target 'React-jsi' in project 'Pods'
        ➜ Explicit dependency on target 'React-jsinspector' in project 'Pods'
        ➜ Explicit dependency on target 'React-jsinspectorcdp' in project 'Pods'
        ➜ Explicit dependency on target 'React-NativeModulesApple' in project 'Pods'
        ➜ Explicit dependency on target 'React-RCTFBReactNativeSpec' in project 'Pods'
        ➜ Explicit dependency on target 'React-RCTNetwork' in project 'Pods'
        ➜ Explicit dependency on target 'ReactCommon' in project 'Pods'
        ➜ Explicit dependency on target 'ReactNativeDependencies' in project 'Pods'
    Target 'React-RCTFabric' in project 'Pods'
        ➜ Explicit dependency on target 'hermes-engine' in project 'Pods'
        ➜ Explicit dependency on target 'React-Core' in project 'Pods'
        ➜ Explicit dependency on target 'React-Core-prebuilt' in project 'Pods'
        ➜ Explicit dependency on target 'React-debug' in project 'Pods'
        ➜ Explicit dependency on target 'React-Fabric' in project 'Pods'
        ➜ Explicit dependency on target 'React-FabricComponents' in project 'Pods'
        ➜ Explicit dependency on target 'React-FabricImage' in project 'Pods'
        ➜ Explicit dependency on target 'React-featureflags' in project 'Pods'
        ➜ Explicit dependency on target 'React-graphics' in project 'Pods'
        ➜ Explicit dependency on target 'React-ImageManager' in project 'Pods'
        ➜ Explicit dependency on target 'React-jsi' in project 'Pods'
        ➜ Explicit dependency on target 'React-jsinspector' in project 'Pods'
        ➜ Explicit dependency on target 'React-jsinspectorcdp' in project 'Pods'
        ➜ Explicit dependency on target 'React-jsinspectornetwork' in project 'Pods'
        ➜ Explicit dependency on target 'React-jsinspectortracing' in project 'Pods'
        ➜ Explicit dependency on target 'React-performancetimeline' in project 'Pods'
        ➜ Explicit dependency on target 'React-RCTAnimation' in project 'Pods'
        ➜ Explicit dependency on target 'React-RCTFBReactNativeSpec' in project 'Pods'
        ➜ Explicit dependency on target 'React-RCTImage' in project 'Pods'
        ➜ Explicit dependency on target 'React-RCTText' in project 'Pods'
        ➜ Explicit dependency on target 'React-rendererconsistency' in project 'Pods'
        ➜ Explicit dependency on target 'React-renderercss' in project 'Pods'
        ➜ Explicit dependency on target 'React-rendererdebug' in project 'Pods'
        ➜ Explicit dependency on target 'React-runtimeexecutor' in project 'Pods'
        ➜ Explicit dependency on target 'React-runtimescheduler' in project 'Pods'
        ➜ Explicit dependency on target 'React-utils' in project 'Pods'
        ➜ Explicit dependency on target 'ReactNativeDependencies' in project 'Pods'
        ➜ Explicit dependency on target 'Yoga' in project 'Pods'
    Target 'React-RCTText' in project 'Pods'
        ➜ Explicit dependency on target 'React-Core' in project 'Pods'
        ➜ Explicit dependency on target 'Yoga' in project 'Pods'
    Target 'React-RCTImage' in project 'Pods'
        ➜ Explicit dependency on target 'RCTTypeSafety' in project 'Pods'
        ➜ Explicit dependency on target 'React-Core' in project 'Pods'
        ➜ Explicit dependency on target 'React-Core-prebuilt' in project 'Pods'
        ➜ Explicit dependency on target 'React-jsi' in project 'Pods'
        ➜ Explicit dependency on target 'React-NativeModulesApple' in project 'Pods'
        ➜ Explicit dependency on target 'React-RCTFBReactNativeSpec' in project 'Pods'
        ➜ Explicit dependency on target 'React-RCTNetwork' in project 'Pods'
        ➜ Explicit dependency on target 'ReactCommon' in project 'Pods'
        ➜ Explicit dependency on target 'ReactNativeDependencies' in project 'Pods'
    Target 'React-RCTNetwork' in project 'Pods'
        ➜ Explicit dependency on target 'RCTTypeSafety' in project 'Pods'
        ➜ Explicit dependency on target 'React-Core' in project 'Pods'
        ➜ Explicit dependency on target 'React-Core-prebuilt' in project 'Pods'
        ➜ Explicit dependency on target 'React-featureflags' in project 'Pods'
        ➜ Explicit dependency on target 'React-jsi' in project 'Pods'
        ➜ Explicit dependency on target 'React-jsinspectorcdp' in project 'Pods'
        ➜ Explicit dependency on target 'React-jsinspectornetwork' in project 'Pods'
        ➜ Explicit dependency on target 'React-NativeModulesApple' in project 'Pods'
        ➜ Explicit dependency on target 'React-RCTFBReactNativeSpec' in project 'Pods'
        ➜ Explicit dependency on target 'ReactCommon' in project 'Pods'
        ➜ Explicit dependency on target 'ReactNativeDependencies' in project 'Pods'
    Target 'React-RCTAnimation' in project 'Pods'
        ➜ Explicit dependency on target 'RCTTypeSafety' in project 'Pods'
        ➜ Explicit dependency on target 'React-Core' in project 'Pods'
        ➜ Explicit dependency on target 'React-Core-prebuilt' in project 'Pods'
        ➜ Explicit dependency on target 'React-featureflags' in project 'Pods'
        ➜ Explicit dependency on target 'React-jsi' in project 'Pods'
        ➜ Explicit dependency on target 'React-NativeModulesApple' in project 'Pods'
        ➜ Explicit dependency on target 'React-RCTFBReactNativeSpec' in project 'Pods'
        ➜ Explicit dependency on target 'ReactCommon' in project 'Pods'
        ➜ Explicit dependency on target 'ReactNativeDependencies' in project 'Pods'
    Target 'React-FabricImage' in project 'Pods'
        ➜ Explicit dependency on target 'hermes-engine' in project 'Pods'
        ➜ Explicit dependency on target 'RCTRequired' in project 'Pods'
        ➜ Explicit dependency on target 'RCTTypeSafety' in project 'Pods'
        ➜ Explicit dependency on target 'React-Core-prebuilt' in project 'Pods'
        ➜ Explicit dependency on target 'React-Fabric' in project 'Pods'
        ➜ Explicit dependency on target 'React-featureflags' in project 'Pods'
        ➜ Explicit dependency on target 'React-graphics' in project 'Pods'
        ➜ Explicit dependency on target 'React-ImageManager' in project 'Pods'
        ➜ Explicit dependency on target 'React-jsi' in project 'Pods'
        ➜ Explicit dependency on target 'React-jsiexecutor' in project 'Pods'
        ➜ Explicit dependency on target 'React-logger' in project 'Pods'
        ➜ Explicit dependency on target 'React-rendererdebug' in project 'Pods'
        ➜ Explicit dependency on target 'React-utils' in project 'Pods'
        ➜ Explicit dependency on target 'ReactCommon' in project 'Pods'
        ➜ Explicit dependency on target 'ReactNativeDependencies' in project 'Pods'
        ➜ Explicit dependency on target 'Yoga' in project 'Pods'
    Target 'React-FabricComponents' in project 'Pods'
        ➜ Explicit dependency on target 'hermes-engine' in project 'Pods'
        ➜ Explicit dependency on target 'RCTRequired' in project 'Pods'
        ➜ Explicit dependency on target 'RCTTypeSafety' in project 'Pods'
        ➜ Explicit dependency on target 'React-Core' in project 'Pods'
        ➜ Explicit dependency on target 'React-Core-prebuilt' in project 'Pods'
        ➜ Explicit dependency on target 'React-cxxreact' in project 'Pods'
        ➜ Explicit dependency on target 'React-debug' in project 'Pods'
        ➜ Explicit dependency on target 'React-Fabric' in project 'Pods'
        ➜ Explicit dependency on target 'React-featureflags' in project 'Pods'
        ➜ Explicit dependency on target 'React-graphics' in project 'Pods'
        ➜ Explicit dependency on target 'React-jsi' in project 'Pods'
        ➜ Explicit dependency on target 'React-jsiexecutor' in project 'Pods'
        ➜ Explicit dependency on target 'React-logger' in project 'Pods'
        ➜ Explicit dependency on target 'React-RCTFBReactNativeSpec' in project 'Pods'
        ➜ Explicit dependency on target 'React-rendererdebug' in project 'Pods'
        ➜ Explicit dependency on target 'React-runtimescheduler' in project 'Pods'
        ➜ Explicit dependency on target 'React-utils' in project 'Pods'
        ➜ Explicit dependency on target 'ReactCommon' in project 'Pods'
        ➜ Explicit dependency on target 'ReactNativeDependencies' in project 'Pods'
        ➜ Explicit dependency on target 'Yoga' in project 'Pods'
    Target 'React-RCTFBReactNativeSpec' in project 'Pods'
        ➜ Explicit dependency on target 'hermes-engine' in project 'Pods'
        ➜ Explicit dependency on target 'RCTRequired' in project 'Pods'
        ➜ Explicit dependency on target 'RCTTypeSafety' in project 'Pods'
        ➜ Explicit dependency on target 'React-Core' in project 'Pods'
        ➜ Explicit dependency on target 'React-Core-prebuilt' in project 'Pods'
        ➜ Explicit dependency on target 'React-debug' in project 'Pods'
        ➜ Explicit dependency on target 'React-Fabric' in project 'Pods'
        ➜ Explicit dependency on target 'React-featureflags' in project 'Pods'
        ➜ Explicit dependency on target 'React-graphics' in project 'Pods'
        ➜ Explicit dependency on target 'React-jsi' in project 'Pods'
        ➜ Explicit dependency on target 'React-NativeModulesApple' in project 'Pods'
        ➜ Explicit dependency on target 'React-rendererdebug' in project 'Pods'
        ➜ Explicit dependency on target 'React-utils' in project 'Pods'
        ➜ Explicit dependency on target 'ReactCommon' in project 'Pods'
        ➜ Explicit dependency on target 'ReactNativeDependencies' in project 'Pods'
        ➜ Explicit dependency on target 'Yoga' in project 'Pods'
    Target 'React-NativeModulesApple' in project 'Pods'
        ➜ Explicit dependency on target 'hermes-engine' in project 'Pods'
        ➜ Explicit dependency on target 'React-callinvoker' in project 'Pods'
        ➜ Explicit dependency on target 'React-Core' in project 'Pods'
        ➜ Explicit dependency on target 'React-Core-prebuilt' in project 'Pods'
        ➜ Explicit dependency on target 'React-cxxreact' in project 'Pods'
        ➜ Explicit dependency on target 'React-featureflags' in project 'Pods'
        ➜ Explicit dependency on target 'React-jsi' in project 'Pods'
        ➜ Explicit dependency on target 'React-jsinspector' in project 'Pods'
        ➜ Explicit dependency on target 'React-jsinspectorcdp' in project 'Pods'
        ➜ Explicit dependency on target 'React-runtimeexecutor' in project 'Pods'
        ➜ Explicit dependency on target 'ReactCommon' in project 'Pods'
        ➜ Explicit dependency on target 'ReactNativeDependencies' in project 'Pods'
    Target 'React-ImageManager' in project 'Pods'
        ➜ Explicit dependency on target 'React-Core' in project 'Pods'
        ➜ Explicit dependency on target 'React-Core-prebuilt' in project 'Pods'
        ➜ Explicit dependency on target 'React-debug' in project 'Pods'
        ➜ Explicit dependency on target 'React-Fabric' in project 'Pods'
        ➜ Explicit dependency on target 'React-graphics' in project 'Pods'
        ➜ Explicit dependency on target 'React-rendererdebug' in project 'Pods'
        ➜ Explicit dependency on target 'React-utils' in project 'Pods'
        ➜ Explicit dependency on target 'ReactNativeDependencies' in project 'Pods'
    Target 'React-Fabric' in project 'Pods'
        ➜ Explicit dependency on target 'hermes-engine' in project 'Pods'
        ➜ Explicit dependency on target 'RCTRequired' in project 'Pods'
        ➜ Explicit dependency on target 'RCTTypeSafety' in project 'Pods'
        ➜ Explicit dependency on target 'React-Core' in project 'Pods'
        ➜ Explicit dependency on target 'React-Core-prebuilt' in project 'Pods'
        ➜ Explicit dependency on target 'React-cxxreact' in project 'Pods'
        ➜ Explicit dependency on target 'React-debug' in project 'Pods'
        ➜ Explicit dependency on target 'React-featureflags' in project 'Pods'
        ➜ Explicit dependency on target 'React-graphics' in project 'Pods'
        ➜ Explicit dependency on target 'React-jsi' in project 'Pods'
        ➜ Explicit dependency on target 'React-jsiexecutor' in project 'Pods'
        ➜ Explicit dependency on target 'React-logger' in project 'Pods'
        ➜ Explicit dependency on target 'React-performancetimeline' in project 'Pods'
        ➜ Explicit dependency on target 'React-rendererconsistency' in project 'Pods'
        ➜ Explicit dependency on target 'React-renderercss' in project 'Pods'
        ➜ Explicit dependency on target 'React-rendererdebug' in project 'Pods'
        ➜ Explicit dependency on target 'React-runtimeexecutor' in project 'Pods'
        ➜ Explicit dependency on target 'React-runtimescheduler' in project 'Pods'
        ➜ Explicit dependency on target 'React-utils' in project 'Pods'
        ➜ Explicit dependency on target 'ReactCommon' in project 'Pods'
        ➜ Explicit dependency on target 'ReactNativeDependencies' in project 'Pods'
        ➜ Explicit dependency on target 'Yoga' in project 'Pods'
    Target 'ReactCommon' in project 'Pods'
        ➜ Explicit dependency on target 'hermes-engine' in project 'Pods'
        ➜ Explicit dependency on target 'React-callinvoker' in project 'Pods'
        ➜ Explicit dependency on target 'React-Core-prebuilt' in project 'Pods'
        ➜ Explicit dependency on target 'React-cxxreact' in project 'Pods'
        ➜ Explicit dependency on target 'React-debug' in project 'Pods'
        ➜ Explicit dependency on target 'React-featureflags' in project 'Pods'
        ➜ Explicit dependency on target 'React-jsi' in project 'Pods'
        ➜ Explicit dependency on target 'React-logger' in project 'Pods'
        ➜ Explicit dependency on target 'React-perflogger' in project 'Pods'
        ➜ Explicit dependency on target 'React-utils' in project 'Pods'
        ➜ Explicit dependency on target 'ReactNativeDependencies' in project 'Pods'
    Target 'React-renderercss' in project 'Pods'
        ➜ Explicit dependency on target 'React-debug' in project 'Pods'
        ➜ Explicit dependency on target 'React-utils' in project 'Pods'
    Target 'React-graphics' in project 'Pods'
        ➜ Explicit dependency on target 'hermes-engine' in project 'Pods'
        ➜ Explicit dependency on target 'React-Core-prebuilt' in project 'Pods'
        ➜ Explicit dependency on target 'React-jsi' in project 'Pods'
        ➜ Explicit dependency on target 'React-jsiexecutor' in project 'Pods'
        ➜ Explicit dependency on target 'React-utils' in project 'Pods'
        ➜ Explicit dependency on target 'ReactNativeDependencies' in project 'Pods'
    Target 'RCTTypeSafety' in project 'Pods'
        ➜ Explicit dependency on target 'FBLazyVector' in project 'Pods'
        ➜ Explicit dependency on target 'RCTRequired' in project 'Pods'
        ➜ Explicit dependency on target 'React-Core' in project 'Pods'
    Target 'React-Core' in project 'Pods'
        ➜ Explicit dependency on target 'hermes-engine' in project 'Pods'
        ➜ Explicit dependency on target 'RCTDeprecation' in project 'Pods'
        ➜ Explicit dependency on target 'React-Core-prebuilt' in project 'Pods'
        ➜ Explicit dependency on target 'React-Core-React-Core_privacy' in project 'Pods'
        ➜ Explicit dependency on target 'React-cxxreact' in project 'Pods'
        ➜ Explicit dependency on target 'React-featureflags' in project 'Pods'
        ➜ Explicit dependency on target 'React-hermes' in project 'Pods'
        ➜ Explicit dependency on target 'React-jsi' in project 'Pods'
        ➜ Explicit dependency on target 'React-jsiexecutor' in project 'Pods'
        ➜ Explicit dependency on target 'React-jsinspector' in project 'Pods'
        ➜ Explicit dependency on target 'React-jsinspectorcdp' in project 'Pods'
        ➜ Explicit dependency on target 'React-jsitooling' in project 'Pods'
        ➜ Explicit dependency on target 'React-perflogger' in project 'Pods'
        ➜ Explicit dependency on target 'React-runtimeexecutor' in project 'Pods'
        ➜ Explicit dependency on target 'React-runtimescheduler' in project 'Pods'
        ➜ Explicit dependency on target 'React-utils' in project 'Pods'
        ➜ Explicit dependency on target 'ReactNativeDependencies' in project 'Pods'
        ➜ Explicit dependency on target 'Yoga' in project 'Pods'
    Target 'Yoga' in project 'Pods' (no dependencies)
    Target 'React-runtimescheduler' in project 'Pods'
        ➜ Explicit dependency on target 'hermes-engine' in project 'Pods'
        ➜ Explicit dependency on target 'React-callinvoker' in project 'Pods'
        ➜ Explicit dependency on target 'React-Core-prebuilt' in project 'Pods'
        ➜ Explicit dependency on target 'React-cxxreact' in project 'Pods'
        ➜ Explicit dependency on target 'React-debug' in project 'Pods'
        ➜ Explicit dependency on target 'React-featureflags' in project 'Pods'
        ➜ Explicit dependency on target 'React-jsi' in project 'Pods'
        ➜ Explicit dependency on target 'React-jsinspectortracing' in project 'Pods'
        ➜ Explicit dependency on target 'React-performancetimeline' in project 'Pods'
        ➜ Explicit dependency on target 'React-rendererconsistency' in project 'Pods'
        ➜ Explicit dependency on target 'React-rendererdebug' in project 'Pods'
        ➜ Explicit dependency on target 'React-runtimeexecutor' in project 'Pods'
        ➜ Explicit dependency on target 'React-timing' in project 'Pods'
        ➜ Explicit dependency on target 'React-utils' in project 'Pods'
        ➜ Explicit dependency on target 'ReactNativeDependencies' in project 'Pods'
    Target 'React-rendererdebug' in project 'Pods'
        ➜ Explicit dependency on target 'React-Core-prebuilt' in project 'Pods'
        ➜ Explicit dependency on target 'React-debug' in project 'Pods'
        ➜ Explicit dependency on target 'ReactNativeDependencies' in project 'Pods'
    Target 'React-rendererconsistency' in project 'Pods' (no dependencies)
    Target 'React-jsitooling' in project 'Pods'
        ➜ Explicit dependency on target 'React-Core-prebuilt' in project 'Pods'
        ➜ Explicit dependency on target 'React-cxxreact' in project 'Pods'
        ➜ Explicit dependency on target 'React-jsi' in project 'Pods'
        ➜ Explicit dependency on target 'React-jsinspector' in project 'Pods'
        ➜ Explicit dependency on target 'React-jsinspectorcdp' in project 'Pods'
        ➜ Explicit dependency on target 'React-jsinspectortracing' in project 'Pods'
        ➜ Explicit dependency on target 'React-runtimeexecutor' in project 'Pods'
        ➜ Explicit dependency on target 'ReactNativeDependencies' in project 'Pods'
    Target 'React-hermes' in project 'Pods'
        ➜ Explicit dependency on target 'hermes-engine' in project 'Pods'
        ➜ Explicit dependency on target 'React-Core-prebuilt' in project 'Pods'
        ➜ Explicit dependency on target 'React-cxxreact' in project 'Pods'
        ➜ Explicit dependency on target 'React-jsi' in project 'Pods'
        ➜ Explicit dependency on target 'React-jsiexecutor' in project 'Pods'
        ➜ Explicit dependency on target 'React-jsinspector' in project 'Pods'
        ➜ Explicit dependency on target 'React-jsinspectorcdp' in project 'Pods'
        ➜ Explicit dependency on target 'React-jsinspectortracing' in project 'Pods'
        ➜ Explicit dependency on target 'React-perflogger' in project 'Pods'
        ➜ Explicit dependency on target 'React-runtimeexecutor' in project 'Pods'
        ➜ Explicit dependency on target 'ReactNativeDependencies' in project 'Pods'
    Target 'React-jsiexecutor' in project 'Pods'
        ➜ Explicit dependency on target 'hermes-engine' in project 'Pods'
        ➜ Explicit dependency on target 'React-Core-prebuilt' in project 'Pods'
        ➜ Explicit dependency on target 'React-cxxreact' in project 'Pods'
        ➜ Explicit dependency on target 'React-jsi' in project 'Pods'
        ➜ Explicit dependency on target 'React-jsinspector' in project 'Pods'
        ➜ Explicit dependency on target 'React-jsinspectorcdp' in project 'Pods'
        ➜ Explicit dependency on target 'React-jsinspectortracing' in project 'Pods'
        ➜ Explicit dependency on target 'React-perflogger' in project 'Pods'
        ➜ Explicit dependency on target 'React-runtimeexecutor' in project 'Pods'
        ➜ Explicit dependency on target 'ReactNativeDependencies' in project 'Pods'
    Target 'React-cxxreact' in project 'Pods'
        ➜ Explicit dependency on target 'hermes-engine' in project 'Pods'
        ➜ Explicit dependency on target 'React-callinvoker' in project 'Pods'
        ➜ Explicit dependency on target 'React-Core-prebuilt' in project 'Pods'
        ➜ Explicit dependency on target 'React-cxxreact-React-cxxreact_privacy' in project 'Pods'
        ➜ Explicit dependency on target 'React-debug' in project 'Pods'
        ➜ Explicit dependency on target 'React-jsi' in project 'Pods'
        ➜ Explicit dependency on target 'React-jsinspector' in project 'Pods'
        ➜ Explicit dependency on target 'React-jsinspectorcdp' in project 'Pods'
        ➜ Explicit dependency on target 'React-jsinspectortracing' in project 'Pods'
        ➜ Explicit dependency on target 'React-logger' in project 'Pods'
        ➜ Explicit dependency on target 'React-perflogger' in project 'Pods'
        ➜ Explicit dependency on target 'React-runtimeexecutor' in project 'Pods'
        ➜ Explicit dependency on target 'React-timing' in project 'Pods'
        ➜ Explicit dependency on target 'ReactNativeDependencies' in project 'Pods'
    Target 'React-logger' in project 'Pods'
        ➜ Explicit dependency on target 'React-Core-prebuilt' in project 'Pods'
        ➜ Explicit dependency on target 'ReactNativeDependencies' in project 'Pods'
    Target 'React-jsinspector' in project 'Pods'
        ➜ Explicit dependency on target 'hermes-engine' in project 'Pods'
        ➜ Explicit dependency on target 'React-Core-prebuilt' in project 'Pods'
        ➜ Explicit dependency on target 'React-featureflags' in project 'Pods'
        ➜ Explicit dependency on target 'React-jsi' in project 'Pods'
        ➜ Explicit dependency on target 'React-jsinspectorcdp' in project 'Pods'
        ➜ Explicit dependency on target 'React-jsinspectornetwork' in project 'Pods'
        ➜ Explicit dependency on target 'React-jsinspectortracing' in project 'Pods'
        ➜ Explicit dependency on target 'React-oscompat' in project 'Pods'
        ➜ Explicit dependency on target 'React-perflogger' in project 'Pods'
        ➜ Explicit dependency on target 'React-runtimeexecutor' in project 'Pods'
        ➜ Explicit dependency on target 'ReactNativeDependencies' in project 'Pods'
    Target 'React-runtimeexecutor' in project 'Pods'
        ➜ Explicit dependency on target 'React-Core-prebuilt' in project 'Pods'
        ➜ Explicit dependency on target 'React-debug' in project 'Pods'
        ➜ Explicit dependency on target 'React-featureflags' in project 'Pods'
        ➜ Explicit dependency on target 'React-jsi' in project 'Pods'
        ➜ Explicit dependency on target 'React-utils' in project 'Pods'
        ➜ Explicit dependency on target 'ReactNativeDependencies' in project 'Pods'
    Target 'React-utils' in project 'Pods'
        ➜ Explicit dependency on target 'hermes-engine' in project 'Pods'
        ➜ Explicit dependency on target 'React-Core-prebuilt' in project 'Pods'
        ➜ Explicit dependency on target 'React-debug' in project 'Pods'
        ➜ Explicit dependency on target 'React-jsi' in project 'Pods'
        ➜ Explicit dependency on target 'ReactNativeDependencies' in project 'Pods'
    Target 'React-jsinspectornetwork' in project 'Pods'
        ➜ Explicit dependency on target 'React-Core-prebuilt' in project 'Pods'
        ➜ Explicit dependency on target 'React-featureflags' in project 'Pods'
        ➜ Explicit dependency on target 'React-jsinspectorcdp' in project 'Pods'
        ➜ Explicit dependency on target 'React-performancetimeline' in project 'Pods'
        ➜ Explicit dependency on target 'React-timing' in project 'Pods'
        ➜ Explicit dependency on target 'ReactNativeDependencies' in project 'Pods'
    Target 'React-performancetimeline' in project 'Pods'
        ➜ Explicit dependency on target 'React-Core-prebuilt' in project 'Pods'
        ➜ Explicit dependency on target 'React-featureflags' in project 'Pods'
        ➜ Explicit dependency on target 'React-jsinspectortracing' in project 'Pods'
        ➜ Explicit dependency on target 'React-perflogger' in project 'Pods'
        ➜ Explicit dependency on target 'React-timing' in project 'Pods'
        ➜ Explicit dependency on target 'ReactNativeDependencies' in project 'Pods'
    Target 'React-perflogger' in project 'Pods'
        ➜ Explicit dependency on target 'React-Core-prebuilt' in project 'Pods'
        ➜ Explicit dependency on target 'ReactNativeDependencies' in project 'Pods'
    Target 'React-jsinspectortracing' in project 'Pods'
        ➜ Explicit dependency on target 'React-Core-prebuilt' in project 'Pods'
        ➜ Explicit dependency on target 'React-oscompat' in project 'Pods'
        ➜ Explicit dependency on target 'React-timing' in project 'Pods'
        ➜ Explicit dependency on target 'ReactNativeDependencies' in project 'Pods'
    Target 'React-timing' in project 'Pods'
        ➜ Explicit dependency on target 'React-debug' in project 'Pods'
    Target 'React-oscompat' in project 'Pods' (no dependencies)
    Target 'React-jsinspectorcdp' in project 'Pods'
        ➜ Explicit dependency on target 'React-Core-prebuilt' in project 'Pods'
        ➜ Explicit dependency on target 'ReactNativeDependencies' in project 'Pods'
    Target 'React-featureflags' in project 'Pods'
        ➜ Explicit dependency on target 'React-Core-prebuilt' in project 'Pods'
        ➜ Explicit dependency on target 'ReactNativeDependencies' in project 'Pods'
    Target 'React-jsi' in project 'Pods'
        ➜ Explicit dependency on target 'hermes-engine' in project 'Pods'
        ➜ Explicit dependency on target 'React-Core-prebuilt' in project 'Pods'
        ➜ Explicit dependency on target 'ReactNativeDependencies' in project 'Pods'
    Target 'React-debug' in project 'Pods' (no dependencies)
    Target 'React-cxxreact-React-cxxreact_privacy' in project 'Pods' (no dependencies)
    Target 'React-callinvoker' in project 'Pods' (no dependencies)
    Target 'React-Core-React-Core_privacy' in project 'Pods' (no dependencies)
    Target 'React-Core-prebuilt' in project 'Pods'
        ➜ Explicit dependency on target 'ReactNativeDependencies' in project 'Pods'
    Target 'ReactNativeDependencies' in project 'Pods' (no dependencies)
    Target 'RCTDeprecation' in project 'Pods' (no dependencies)
    Target 'hermes-engine' in project 'Pods' (no dependencies)
    Target 'FBLazyVector' in project 'Pods' (no dependencies)
    Target 'RCTRequired' in project 'Pods' (no dependencies)
    Target 'EXConstants-ExpoConstants_privacy' in project 'Pods' (no dependencies)
    Target 'EXConstants-EXConstants' in project 'Pods' (no dependencies)
    Target 'AppCheckCore' in project 'Pods'
        ➜ Explicit dependency on target 'GoogleUtilities' in project 'Pods'
        ➜ Explicit dependency on target 'PromisesObjC' in project 'Pods'
    Target 'PromisesObjC' in project 'Pods'
        ➜ Explicit dependency on target 'PromisesObjC-FBLPromises_Privacy' in project 'Pods'
    Target 'PromisesObjC-FBLPromises_Privacy' in project 'Pods' (no dependencies)
    Target 'GoogleUtilities' in project 'Pods'
        ➜ Explicit dependency on target 'GoogleUtilities-GoogleUtilities_Privacy' in project 'Pods'
    Target 'GoogleUtilities-GoogleUtilities_Privacy' in project 'Pods' (no dependencies)
    Target 'AppAuth' in project 'Pods'
        ➜ Explicit dependency on target 'AppAuth-AppAuthCore_Privacy' in project 'Pods'
    Target 'AppAuth-AppAuthCore_Privacy' in project 'Pods' (no dependencies)

GatherProvisioningInputs

CreateBuildDescription

ExecuteExternalTool /Applications/Xcode.app/Contents/Developer/Toolchains/XcodeDefault.xctoolchain/usr/bin/clang -v -E -dM -arch arm64 -isysroot /Applications/Xcode.app/Contents/Developer/Platforms/iPhoneSimulator.platform/Developer/SDKs/iPhoneSimulator26.2.sdk -x objective-c -c /dev/null

ExecuteExternalTool /Applications/Xcode.app/Contents/Developer/Toolchains/XcodeDefault.xctoolchain/usr/bin/clang -v -E -dM -isysroot /Applications/Xcode.app/Contents/Developer/Platforms/iPhoneSimulator.platform/Developer/SDKs/iPhoneSimulator26.2.sdk -x c -c /dev/null

ExecuteExternalTool /Applications/Xcode.app/Contents/Developer/Toolchains/XcodeDefault.xctoolchain/usr/bin/clang -v -E -dM -arch arm64 -isysroot /Applications/Xcode.app/Contents/Developer/Platforms/iPhoneSimulator.platform/Developer/SDKs/iPhoneSimulator26.2.sdk -x c++ -c /dev/null

ExecuteExternalTool /Applications/Xcode.app/Contents/Developer/Toolchains/XcodeDefault.xctoolchain/usr/bin/clang -v -E -dM -arch arm64 -isysroot /Applications/Xcode.app/Contents/Developer/Platforms/iPhoneSimulator.platform/Developer/SDKs/iPhoneSimulator26.2.sdk -x objective-c++ -c /dev/null

ExecuteExternalTool /Applications/Xcode.app/Contents/Developer/Toolchains/XcodeDefault.xctoolchain/usr/bin/clang -v -E -dM -arch arm64 -isysroot /Applications/Xcode.app/Contents/Developer/Platforms/iPhoneSimulator.platform/Developer/SDKs/iPhoneSimulator26.2.sdk -x c -c /dev/null

ExecuteExternalTool /Applications/Xcode.app/Contents/Developer/Toolchains/XcodeDefault.xctoolchain/usr/bin/swiftc --version

ExecuteExternalTool /Applications/Xcode.app/Contents/Developer/Toolchains/XcodeDefault.xctoolchain/usr/bin/libtool -V

ExecuteExternalTool /Applications/Xcode.app/Contents/Developer/usr/bin/actool --version --output-format xml1

ExecuteExternalTool /Applications/Xcode.app/Contents/Developer/usr/bin/ibtool --version --output-format xml1

ExecuteExternalTool /Applications/Xcode.app/Contents/Developer/usr/bin/actool --print-asset-tag-combinations --output-format xml1 /Users/vinay/Documents/Github/FindFood/FindFood/FindFood-FE/ios/FindFood/Images.xcassets

ExecuteExternalTool /Applications/Xcode.app/Contents/Developer/Toolchains/XcodeDefault.xctoolchain/usr/bin/ld -version_details

Build description signature: bc6d1e9bb74d2bd6b72119492d0aa5eb
Build description path: /Users/vinay/Library/Developer/Xcode/DerivedData/FindFood-ceewejdexqlrirddbceaqvuunhkx/Build/Intermediates.noindex/XCBuildData/bc6d1e9bb74d2bd6b72119492d0aa5eb.xcbuilddata
ClangStatCache /Applications/Xcode.app/Contents/Developer/Toolchains/XcodeDefault.xctoolchain/usr/bin/clang-stat-cache /Applications/Xcode.app/Contents/Developer/Platforms/iPhoneSimulator.platform/Developer/SDKs/iPhoneSimulator26.2.sdk /Users/vinay/Library/Developer/Xcode/DerivedData/SDKStatCaches.noindex/iphonesimulator26.2-23C53-7d00a8b37fbd7999ea79df8ebc024bf0.sdkstatcache
    cd /Users/vinay/Documents/Github/FindFood/FindFood/FindFood-FE/ios
    /Applications/Xcode.app/Contents/Developer/Toolchains/XcodeDefault.xctoolchain/usr/bin/clang-stat-cache /Applications/Xcode.app/Contents/Developer/Platforms/iPhoneSimulator.platform/Developer/SDKs/iPhoneSimulator26.2.sdk -o /Users/vinay/Library/Developer/Xcode/DerivedData/SDKStatCaches.noindex/iphonesimulator26.2-23C53-7d00a8b37fbd7999ea79df8ebc024bf0.sdkstatcache
Base directory status changed. Regenerating...

warning: Run script build phase '[CP-User] [Hermes] Replace Hermes for the right configuration, if needed' will be run during every build because it does not specify any outputs. To address this issue, either add output dependencies to the script phase, or configure it to run in every build by unchecking "Based on dependency analysis" in the script phase. (in target 'hermes-engine' from project 'Pods')
PhaseScriptExecution [CP-User]\ [Hermes]\ Replace\ Hermes\ for\ the\ right\ configuration,\ if\ needed /Users/vinay/Library/Developer/Xcode/DerivedData/FindFood-ceewejdexqlrirddbceaqvuunhkx/Build/Intermediates.noindex/Pods.build/Debug-iphonesimulator/hermes-engine.build/Script-46EB2E00020EA0.sh (in target 'hermes-engine' from project 'Pods')
    cd /Users/vinay/Documents/Github/FindFood/FindFood/FindFood-FE/ios/Pods
    export ACTION\=build
    export AD_HOC_CODE_SIGNING_ALLOWED\=YES
    export ALLOW_BUILD_REQUEST_OVERRIDES\=NO
    export ALLOW_TARGET_PLATFORM_SPECIALIZATION\=NO
    export ALTERNATE_GROUP\=staff
    export ALTERNATE_MODE\=u+w,go-w,a+rX
    export ALTERNATE_OWNER\=vinay
    export ALTERNATIVE_DISTRIBUTION_WEB\=NO
    export ALWAYS_EMBED_SWIFT_STANDARD_LIBRARIES\=NO
    export ALWAYS_SEARCH_USER_PATHS\=NO
    export ALWAYS_USE_SEPARATE_HEADERMAPS\=NO
    export APPLICATION_EXTENSION_API_ONLY\=NO
    export APPLY_RULES_IN_COPY_FILES\=NO
    export APPLY_RULES_IN_COPY_HEADERS\=NO
    export APP_SHORTCUTS_ENABLE_FLEXIBLE_MATCHING\=YES
    export ARCHS\=arm64
    export ARCHS_STANDARD\=arm64\ x86_64
    export ARCHS_STANDARD_32_64_BIT\=arm64\ x86_64
    export ARCHS_STANDARD_64_BIT\=arm64\ x86_64
    export ARCHS_STANDARD_INCLUDING_64_BIT\=arm64\ x86_64
    export ARCHS_UNIVERSAL_IPHONE_OS\=arm64\ x86_64
    export ASSETCATALOG_COMPILER_APPICON_NAME\=AppIcon
    export ASSETCATALOG_COMPILER_GLOBAL_ACCENT_COLOR_NAME\=AccentColor
    export ASSETCATALOG_FILTER_FOR_DEVICE_MODEL\=iPhone18,1
    export ASSETCATALOG_FILTER_FOR_DEVICE_OS_VERSION\=26.2
    export ASSETCATALOG_FILTER_FOR_THINNING_DEVICE_CONFIGURATION\=iPhone18,1
    export AUTOMATICALLY_MERGE_DEPENDENCIES\=NO
    export AUTOMATION_APPLE_EVENTS\=NO
    export AVAILABLE_PLATFORMS\=android\ appletvos\ appletvsimulator\ driverkit\ iphoneos\ iphonesimulator\ macosx\ qnx\ watchos\ watchsimulator\ webassembly\ xros\ xrsimulator
    export BUILD_ACTIVE_RESOURCES_ONLY\=YES
    export BUILD_COMPONENTS\=headers\ build
    export BUILD_DIR\=/Users/vinay/Library/Developer/Xcode/DerivedData/FindFood-ceewejdexqlrirddbceaqvuunhkx/Build/Products
    export BUILD_LIBRARY_FOR_DISTRIBUTION\=NO
    export BUILD_ROOT\=/Users/vinay/Library/Developer/Xcode/DerivedData/FindFood-ceewejdexqlrirddbceaqvuunhkx/Build/Products
    export BUILD_STYLE\=
    export BUILD_VARIANTS\=normal
    export BUILT_PRODUCTS_DIR\=/Users/vinay/Library/Developer/Xcode/DerivedData/FindFood-ceewejdexqlrirddbceaqvuunhkx/Build/Products/Debug-iphonesimulator/hermes-engine
    export BUNDLE_CONTENTS_FOLDER_PATH_deep\=Contents/
    export BUNDLE_EXECUTABLE_FOLDER_NAME_deep\=MacOS
    export BUNDLE_EXTENSIONS_FOLDER_PATH\=Extensions
    export BUNDLE_FORMAT\=shallow
    export BUNDLE_FRAMEWORKS_FOLDER_PATH\=Frameworks
    export BUNDLE_PLUGINS_FOLDER_PATH\=PlugIns
    export BUNDLE_PRIVATE_HEADERS_FOLDER_PATH\=PrivateHeaders
    export BUNDLE_PUBLIC_HEADERS_FOLDER_PATH\=Headers
    export CACHE_ROOT\=/var/folders/06/_s174lw542d0bq70l6m4_t8r0000gn/C/com.apple.DeveloperTools/26.2-17C52/Xcode
    export CCHROOT\=/var/folders/06/_s174lw542d0bq70l6m4_t8r0000gn/C/com.apple.DeveloperTools/26.2-17C52/Xcode
    export CHMOD\=/bin/chmod
    export CHOWN\=/usr/sbin/chown
    export CLANG_ANALYZER_LOCALIZABILITY_NONLOCALIZED\=YES
    export CLANG_ANALYZER_NONNULL\=YES
    export CLANG_ANALYZER_NUMBER_OBJECT_CONVERSION\=YES_AGGRESSIVE
    export CLANG_CACHE_FINE_GRAINED_OUTPUTS\=YES
    export CLANG_CXX_LANGUAGE_STANDARD\=c++20
    export CLANG_CXX_LIBRARY\=compiler-default
    export CLANG_ENABLE_EXPLICIT_MODULES\=YES
    export CLANG_ENABLE_MODULES\=YES
    export CLANG_ENABLE_OBJC_ARC\=YES
    export CLANG_ENABLE_OBJC_WEAK\=NO
    export CLANG_MODULES_BUILD_SESSION_FILE\=/Users/vinay/Library/Developer/Xcode/DerivedData/ModuleCache.noindex/Session.modulevalidation
    export CLANG_WARN_BLOCK_CAPTURE_AUTORELEASING\=YES
    export CLANG_WARN_BOOL_CONVERSION\=YES
    export CLANG_WARN_COMMA\=YES
    export CLANG_WARN_CONSTANT_CONVERSION\=YES
    export CLANG_WARN_DEPRECATED_OBJC_IMPLEMENTATIONS\=YES
    export CLANG_WARN_DIRECT_OBJC_ISA_USAGE\=YES_ERROR
    export CLANG_WARN_DOCUMENTATION_COMMENTS\=YES
    export CLANG_WARN_EMPTY_BODY\=YES
    export CLANG_WARN_ENUM_CONVERSION\=YES
    export CLANG_WARN_INFINITE_RECURSION\=YES
    export CLANG_WARN_INT_CONVERSION\=YES
    export CLANG_WARN_NON_LITERAL_NULL_CONVERSION\=YES
    export CLANG_WARN_OBJC_IMPLICIT_RETAIN_SELF\=YES
    export CLANG_WARN_OBJC_LITERAL_CONVERSION\=YES
    export CLANG_WARN_OBJC_ROOT_CLASS\=YES_ERROR
    export CLANG_WARN_QUOTED_INCLUDE_IN_FRAMEWORK_HEADER\=NO
    export CLANG_WARN_RANGE_LOOP_ANALYSIS\=YES
    export CLANG_WARN_STRICT_PROTOTYPES\=YES
    export CLANG_WARN_SUSPICIOUS_MOVE\=YES
    export CLANG_WARN_UNGUARDED_AVAILABILITY\=YES_AGGRESSIVE
    export CLANG_WARN_UNREACHABLE_CODE\=YES
    export CLANG_WARN__DUPLICATE_METHOD_MATCH\=YES
    export CLASS_FILE_DIR\=/Users/vinay/Library/Developer/Xcode/DerivedData/FindFood-ceewejdexqlrirddbceaqvuunhkx/Build/Intermediates.noindex/Pods.build/Debug-iphonesimulator/hermes-engine.build/JavaClasses
    export CLEAN_PRECOMPS\=YES
    export CLONE_HEADERS\=NO
    export CODESIGNING_FOLDER_PATH\=/Users/vinay/Library/Developer/Xcode/DerivedData/FindFood-ceewejdexqlrirddbceaqvuunhkx/Build/Products/Debug-iphonesimulator/hermes-engine/
    export CODE_SIGNING_ALLOWED\=NO
    export CODE_SIGNING_REQUIRED\=YES
    export CODE_SIGN_CONTEXT_CLASS\=XCiPhoneSimulatorCodeSignContext
    export CODE_SIGN_IDENTITY\=-
    export CODE_SIGN_INJECT_BASE_ENTITLEMENTS\=YES
    export COLOR_DIAGNOSTICS\=NO
    export COMBINE_HIDPI_IMAGES\=NO
    export COMPILATION_CACHE_CAS_PATH\=/Users/vinay/Library/Developer/Xcode/DerivedData/CompilationCache.noindex
    export COMPILATION_CACHE_KEEP_CAS_DIRECTORY\=YES
    export COMPILER_INDEX_STORE_ENABLE\=Default
    export COMPOSITE_SDK_DIRS\=/Users/vinay/Library/Developer/Xcode/DerivedData/FindFood-ceewejdexqlrirddbceaqvuunhkx/Build/Intermediates.noindex/CompositeSDKs
    export COMPRESS_PNG_FILES\=YES
    export CONFIGURATION\=Debug
    export CONFIGURATION_BUILD_DIR\=/Users/vinay/Library/Developer/Xcode/DerivedData/FindFood-ceewejdexqlrirddbceaqvuunhkx/Build/Products/Debug-iphonesimulator/hermes-engine
    export CONFIGURATION_TEMP_DIR\=/Users/vinay/Library/Developer/Xcode/DerivedData/FindFood-ceewejdexqlrirddbceaqvuunhkx/Build/Intermediates.noindex/Pods.build/Debug-iphonesimulator
    export COPYING_PRESERVES_HFS_DATA\=NO
    export COPY_HEADERS_RUN_UNIFDEF\=NO
    export COPY_PHASE_STRIP\=NO
    export CORRESPONDING_DEVICE_PLATFORM_DIR\=/Applications/Xcode.app/Contents/Developer/Platforms/iPhoneOS.platform
    export CORRESPONDING_DEVICE_PLATFORM_NAME\=iphoneos
    export CORRESPONDING_DEVICE_SDK_DIR\=/Applications/Xcode.app/Contents/Developer/Platforms/iPhoneOS.platform/Developer/SDKs/iPhoneOS26.2.sdk
    export CORRESPONDING_DEVICE_SDK_NAME\=iphoneos26.2
    export CP\=/bin/cp
    export CREATE_INFOPLIST_SECTION_IN_BINARY\=NO
    export CURRENT_ARCH\=undefined_arch
    export CURRENT_VARIANT\=normal
    export DEAD_CODE_STRIPPING\=YES
    export DEBUGGING_SYMBOLS\=YES
    export DEBUG_INFORMATION_FORMAT\=dwarf
    export DEBUG_INFORMATION_VERSION\=compiler-default
    export DEFAULT_COMPILER\=com.apple.compilers.llvm.clang.1_0
    export DEFAULT_DEXT_INSTALL_PATH\=/System/Library/DriverExtensions
    export DEFAULT_KEXT_INSTALL_PATH\=/System/Library/Extensions
    export DEFINES_MODULE\=NO
    export DEPLOYMENT_LOCATION\=NO
    export DEPLOYMENT_POSTPROCESSING\=NO
    export DEPLOYMENT_TARGET_SETTING_NAME\=IPHONEOS_DEPLOYMENT_TARGET
    export DEPLOYMENT_TARGET_SUGGESTED_VALUES\=12.0\ 12.1\ 12.2\ 12.3\ 12.4\ 13.0\ 13.1\ 13.2\ 13.3\ 13.4\ 13.5\ 13.6\ 14.0\ 14.1\ 14.2\ 14.3\ 14.4\ 14.5\ 14.6\ 14.7\ 15.0\ 15.1\ 15.2\ 15.3\ 15.4\ 15.5\ 15.6\ 16.0\ 16.1\ 16.2\ 16.3\ 16.4\ 16.5\ 16.6\ 17.0\ 17.1\ 17.2\ 17.3\ 17.4\ 17.5\ 17.6\ 18.0\ 18.1\ 18.2\ 18.3\ 18.4\ 18.5\ 18.6\ 26.0\ 26.1\ 26.2
    export DERIVED_FILES_DIR\=/Users/vinay/Library/Developer/Xcode/DerivedData/FindFood-ceewejdexqlrirddbceaqvuunhkx/Build/Intermediates.noindex/Pods.build/Debug-iphonesimulator/hermes-engine.build/DerivedSources
    export DERIVED_FILE_DIR\=/Users/vinay/Library/Developer/Xcode/DerivedData/FindFood-ceewejdexqlrirddbceaqvuunhkx/Build/Intermediates.noindex/Pods.build/Debug-iphonesimulator/hermes-engine.build/DerivedSources
    export DERIVED_SOURCES_DIR\=/Users/vinay/Library/Developer/Xcode/DerivedData/FindFood-ceewejdexqlrirddbceaqvuunhkx/Build/Intermediates.noindex/Pods.build/Debug-iphonesimulator/hermes-engine.build/DerivedSources
    export DEVELOPER_APPLICATIONS_DIR\=/Applications/Xcode.app/Contents/Developer/Applications
    export DEVELOPER_BIN_DIR\=/Applications/Xcode.app/Contents/Developer/usr/bin
    export DEVELOPER_DIR\=/Applications/Xcode.app/Contents/Developer
    export DEVELOPER_FRAMEWORKS_DIR\=/Applications/Xcode.app/Contents/Developer/Library/Frameworks
    export DEVELOPER_FRAMEWORKS_DIR_QUOTED\=/Applications/Xcode.app/Contents/Developer/Library/Frameworks
    export DEVELOPER_LIBRARY_DIR\=/Applications/Xcode.app/Contents/Developer/Library
    export DEVELOPER_SDK_DIR\=/Applications/Xcode.app/Contents/Developer/Platforms/MacOSX.platform/Developer/SDKs
    export DEVELOPER_TOOLS_DIR\=/Applications/Xcode.app/Contents/Developer/Tools
    export DEVELOPER_USR_DIR\=/Applications/Xcode.app/Contents/Developer/usr
    export DEVELOPMENT_LANGUAGE\=en
    export DIAGNOSE_MISSING_TARGET_DEPENDENCIES\=YES
    export DIFF\=/usr/bin/diff
    export DONT_GENERATE_INFOPLIST_FILE\=NO
    export DSTROOT\=/tmp/Pods.dst
    export DT_TOOLCHAIN_DIR\=/Applications/Xcode.app/Contents/Developer/Toolchains/XcodeDefault.xctoolchain
    export DWARF_DSYM_FILE_NAME\=.dSYM
    export DWARF_DSYM_FILE_SHOULD_ACCOMPANY_PRODUCT\=NO
    export DWARF_DSYM_FOLDER_PATH\=/Users/vinay/Library/Developer/Xcode/DerivedData/FindFood-ceewejdexqlrirddbceaqvuunhkx/Build/Products/Debug-iphonesimulator/hermes-engine
    export DYNAMIC_LIBRARY_EXTENSION\=dylib
    export EAGER_COMPILATION_ALLOW_SCRIPTS\=NO
    export EAGER_LINKING\=NO
    export EFFECTIVE_PLATFORM_NAME\=-iphonesimulator
    export EMBEDDED_CONTENT_CONTAINS_SWIFT\=NO
    export EMBED_ASSET_PACKS_IN_PRODUCT_BUNDLE\=NO
    export ENABLE_APP_SANDBOX\=NO
    export ENABLE_CODE_COVERAGE\=YES
    export ENABLE_CPLUSPLUS_BOUNDS_SAFE_BUFFERS\=NO
    export ENABLE_C_BOUNDS_SAFETY\=NO
    export ENABLE_DEFAULT_HEADER_SEARCH_PATHS\=YES
    export ENABLE_DEFAULT_SEARCH_PATHS\=YES
    export ENABLE_ENHANCED_SECURITY\=NO
    export ENABLE_HARDENED_RUNTIME\=NO
    export ENABLE_HEADER_DEPENDENCIES\=YES
    export ENABLE_INCOMING_NETWORK_CONNECTIONS\=NO
    export ENABLE_ON_DEMAND_RESOURCES\=NO
    export ENABLE_OUTGOING_NETWORK_CONNECTIONS\=NO
    export ENABLE_POINTER_AUTHENTICATION\=NO
    export ENABLE_PREVIEWS\=NO
    export ENABLE_RESOURCE_ACCESS_AUDIO_INPUT\=NO
    export ENABLE_RESOURCE_ACCESS_BLUETOOTH\=NO
    export ENABLE_RESOURCE_ACCESS_CALENDARS\=NO
    export ENABLE_RESOURCE_ACCESS_CAMERA\=NO
    export ENABLE_RESOURCE_ACCESS_CONTACTS\=NO
    export ENABLE_RESOURCE_ACCESS_LOCATION\=NO
    export ENABLE_RESOURCE_ACCESS_PHOTO_LIBRARY\=NO
    export ENABLE_RESOURCE_ACCESS_PRINTING\=NO
    export ENABLE_RESOURCE_ACCESS_USB\=NO
    export ENABLE_SDK_IMPORTS\=NO
    export ENABLE_SECURITY_COMPILER_WARNINGS\=NO
    export ENABLE_STRICT_OBJC_MSGSEND\=YES
    export ENABLE_TESTABILITY\=YES
    export ENABLE_TESTING_SEARCH_PATHS\=NO
    export ENABLE_USER_SCRIPT_SANDBOXING\=NO
    export ENABLE_XOJIT_PREVIEWS\=YES
    export ENFORCE_VALID_ARCHS\=YES
    export ENTITLEMENTS_DESTINATION\=__entitlements
    export ENTITLEMENTS_REQUIRED\=YES
    export EXCLUDED_INSTALLSRC_SUBDIRECTORY_PATTERNS\=.DS_Store\ .svn\ .git\ .hg\ CVS
    export EXCLUDED_RECURSIVE_SEARCH_PATH_SUBDIRECTORIES\=\*.nib\ \*.lproj\ \*.framework\ \*.gch\ \*.xcode\*\ \*.xcassets\ \*.icon\ \(\*\)\ .DS_Store\ CVS\ .svn\ .git\ .hg\ \*.pbproj\ \*.pbxproj
    export FILE_LIST\=/Users/vinay/Library/Developer/Xcode/DerivedData/FindFood-ceewejdexqlrirddbceaqvuunhkx/Build/Intermediates.noindex/Pods.build/Debug-iphonesimulator/hermes-engine.build/Objects/LinkFileList
    export FIXED_FILES_DIR\=/Users/vinay/Library/Developer/Xcode/DerivedData/FindFood-ceewejdexqlrirddbceaqvuunhkx/Build/Intermediates.noindex/Pods.build/Debug-iphonesimulator/hermes-engine.build/FixedFiles
    export FRAMEWORK_SEARCH_PATHS\=\ \"/Users/vinay/Documents/Github/FindFood/FindFood/FindFood-FE/ios/Pods/hermes-engine/destroot/Library/Frameworks/universal\"\ \"/Users/vinay/Library/Developer/Xcode/DerivedData/FindFood-ceewejdexqlrirddbceaqvuunhkx/Build/Products/Debug-iphonesimulator/XCFrameworkIntermediates/hermes-engine/Pre-built\"
    export FRAMEWORK_VERSION\=A
    export FUSE_BUILD_PHASES\=YES
    export FUSE_BUILD_SCRIPT_PHASES\=NO
    export GCC3_VERSION\=3.3
    export GCC_C_LANGUAGE_STANDARD\=gnu11
    export GCC_DYNAMIC_NO_PIC\=NO
    export GCC_NO_COMMON_BLOCKS\=YES
    export GCC_OBJC_LEGACY_DISPATCH\=YES
    export GCC_OPTIMIZATION_LEVEL\=0
    export GCC_PFE_FILE_C_DIALECTS\=c\ objective-c\ c++\ objective-c++
    export GCC_PREPROCESSOR_DEFINITIONS\=POD_CONFIGURATION_DEBUG\=1\ DEBUG\=1\ \ COCOAPODS\=1\ HERMES_ENABLE_DEBUGGER\=1
    export GCC_TREAT_WARNINGS_AS_ERRORS\=NO
    export GCC_VERSION\=com.apple.compilers.llvm.clang.1_0
    export GCC_VERSION_IDENTIFIER\=com_apple_compilers_llvm_clang_1_0
    export GCC_WARN_64_TO_32_BIT_CONVERSION\=YES
    export GCC_WARN_ABOUT_RETURN_TYPE\=YES_ERROR
    export GCC_WARN_INHIBIT_ALL_WARNINGS\=YES
    export GCC_WARN_UNDECLARED_SELECTOR\=YES
    export GCC_WARN_UNINITIALIZED_AUTOS\=YES_AGGRESSIVE
    export GCC_WARN_UNUSED_FUNCTION\=YES
    export GCC_WARN_UNUSED_VARIABLE\=YES
    export GENERATED_MODULEMAP_DIR\=/Users/vinay/Library/Developer/Xcode/DerivedData/FindFood-ceewejdexqlrirddbceaqvuunhkx/Build/Intermediates.noindex/GeneratedModuleMaps-iphonesimulator
    export GENERATE_INFOPLIST_FILE\=NO
    export GENERATE_INTERMEDIATE_TEXT_BASED_STUBS\=YES
    export GENERATE_PKGINFO_FILE\=NO
    export GENERATE_PRELINK_OBJECT_FILE\=NO
    export GENERATE_PROFILING_CODE\=NO
    export GENERATE_TEXT_BASED_STUBS\=NO
    export GID\=20
    export GROUP\=staff
    export HEADERMAP_INCLUDES_FLAT_ENTRIES_FOR_TARGET_BEING_BUILT\=YES
    export HEADERMAP_INCLUDES_FRAMEWORK_ENTRIES_FOR_ALL_PRODUCT_TYPES\=YES
    export HEADERMAP_INCLUDES_FRAMEWORK_ENTRIES_FOR_TARGETS_NOT_BEING_BUILT\=YES
    export HEADERMAP_INCLUDES_NONPUBLIC_NONPRIVATE_HEADERS\=YES
    export HEADERMAP_INCLUDES_PROJECT_HEADERS\=YES
    export HEADERMAP_USES_FRAMEWORK_PREFIX_ENTRIES\=YES
    export HEADERMAP_USES_VFS\=NO
    export HEADER_SEARCH_PATHS\=\ \"/Users/vinay/Documents/Github/FindFood/FindFood/FindFood-FE/ios/Pods/Headers/Private\"\ \"/Users/vinay/Documents/Github/FindFood/FindFood/FindFood-FE/ios/Pods/Headers/Private/hermes-engine\"\ \"/Users/vinay/Documents/Github/FindFood/FindFood/FindFood-FE/ios/Pods/Headers/Public\"\ \"/Users/vinay/Documents/Github/FindFood/FindFood/FindFood-FE/ios/Pods/Headers/Public/hermes-engine\"
    export HOME\=/Users/vinay
    export HOST_ARCH\=arm64
    export HOST_PLATFORM\=macosx
    export ICONV\=/usr/bin/iconv
    export IMPLICIT_DEPENDENCY_DOMAIN\=default
    export INFOPLIST_ENABLE_CFBUNDLEICONS_MERGE\=YES
    export INFOPLIST_EXPAND_BUILD_SETTINGS\=YES
    export INFOPLIST_OUTPUT_FORMAT\=binary
    export INFOPLIST_PREPROCESS\=NO
    export INLINE_PRIVATE_FRAMEWORKS\=NO
    export INSTALLAPI_IGNORE_SKIP_INSTALL\=YES
    export INSTALLHDRS_COPY_PHASE\=NO
    export INSTALLHDRS_SCRIPT_PHASE\=NO
    export INSTALL_DIR\=/tmp/Pods.dst
    export INSTALL_GROUP\=staff
    export INSTALL_MODE_FLAG\=u+w,go-w,a+rX
    export INSTALL_OWNER\=vinay
    export INSTALL_ROOT\=/tmp/Pods.dst
    export IPHONEOS_DEPLOYMENT_TARGET\=15.1
    export IS_UNOPTIMIZED_BUILD\=YES
    export JAVAC_DEFAULT_FLAGS\=-J-Xms64m\ -J-XX:NewSize\=4M\ -J-Dfile.encoding\=UTF8
    export JAVA_APP_STUB\=/System/Library/Frameworks/JavaVM.framework/Resources/MacOS/JavaApplicationStub
    export JAVA_ARCHIVE_CLASSES\=YES
    export JAVA_ARCHIVE_TYPE\=JAR
    export JAVA_COMPILER\=/usr/bin/javac
    export JAVA_FRAMEWORK_RESOURCES_DIRS\=Resources
    export JAVA_JAR_FLAGS\=cv
    export JAVA_SOURCE_SUBDIR\=.
    export JAVA_USE_DEPENDENCIES\=YES
    export JAVA_ZIP_FLAGS\=-urg
    export JIKES_DEFAULT_FLAGS\=+E\ +OLDCSO
    export KEEP_PRIVATE_EXTERNS\=NO
    export LD_DEPENDENCY_INFO_FILE\=/Users/vinay/Library/Developer/Xcode/DerivedData/FindFood-ceewejdexqlrirddbceaqvuunhkx/Build/Intermediates.noindex/Pods.build/Debug-iphonesimulator/hermes-engine.build/Objects-normal/undefined_arch/hermes-engine_dependency_info.dat
    export LD_EXPORT_SYMBOLS\=YES
    export LD_GENERATE_MAP_FILE\=NO
    export LD_MAP_FILE_PATH\=/Users/vinay/Library/Developer/Xcode/DerivedData/FindFood-ceewejdexqlrirddbceaqvuunhkx/Build/Intermediates.noindex/Pods.build/Debug-iphonesimulator/hermes-engine.build/hermes-engine-LinkMap-normal-undefined_arch.txt
    export LD_NO_PIE\=NO
    export LD_QUOTE_LINKER_ARGUMENTS_FOR_COMPILER_DRIVER\=YES
    export LD_RUNPATH_SEARCH_PATHS\=\ @executable_path/Frameworks
    export LD_SHARED_CACHE_ELIGIBLE\=Automatic
    export LD_WARN_DUPLICATE_LIBRARIES\=NO
    export LD_WARN_UNUSED_DYLIBS\=NO
    export LEGACY_DEVELOPER_DIR\=/Applications/Xcode.app/Contents/PlugIns/Xcode3Core.ideplugin/Contents/SharedSupport/Developer
    export LEX\=lex
    export LIBRARY_DEXT_INSTALL_PATH\=/Library/DriverExtensions
    export LIBRARY_FLAG_NOSPACE\=YES
    export LIBRARY_KEXT_INSTALL_PATH\=/Library/Extensions
    export LINKER_DISPLAYS_MANGLED_NAMES\=NO
    export LINK_FILE_LIST_normal_arm64\=/Users/vinay/Library/Developer/Xcode/DerivedData/FindFood-ceewejdexqlrirddbceaqvuunhkx/Build/Intermediates.noindex/Pods.build/Debug-iphonesimulator/hermes-engine.build/Objects-normal/arm64/hermes-engine.LinkFileList
    export LINK_OBJC_RUNTIME\=YES
    export LINK_WITH_STANDARD_LIBRARIES\=YES
    export LLVM_TARGET_TRIPLE_OS_VERSION\=ios15.1
    export LLVM_TARGET_TRIPLE_SUFFIX\=-simulator
    export LLVM_TARGET_TRIPLE_VENDOR\=apple
    export LM_AUX_CONST_METADATA_LIST_PATH_normal_arm64\=/Users/vinay/Library/Developer/Xcode/DerivedData/FindFood-ceewejdexqlrirddbceaqvuunhkx/Build/Intermediates.noindex/Pods.build/Debug-iphonesimulator/hermes-engine.build/Objects-normal/arm64/hermes-engine.SwiftConstValuesFileList
    export LOCALIZATION_EXPORT_SUPPORTED\=YES
    export LOCALIZATION_PREFERS_STRING_CATALOGS\=NO
    export LOCALIZED_STRING_MACRO_NAMES\=NSLocalizedString\ CFCopyLocalizedString
    export LOCALIZED_STRING_SWIFTUI_SUPPORT\=YES
    export LOCAL_ADMIN_APPS_DIR\=/Applications/Utilities
    export LOCAL_APPS_DIR\=/Applications
    export LOCAL_DEVELOPER_DIR\=/Library/Developer
    export LOCAL_LIBRARY_DIR\=/Library
    export LOCROOT\=/Users/vinay/Documents/Github/FindFood/FindFood/FindFood-FE/ios/Pods
    export LOCSYMROOT\=/Users/vinay/Documents/Github/FindFood/FindFood/FindFood-FE/ios/Pods
    export MAC_OS_X_PRODUCT_BUILD_VERSION\=25C56
    export MAC_OS_X_VERSION_ACTUAL\=260200
    export MAC_OS_X_VERSION_MAJOR\=260000
    export MAC_OS_X_VERSION_MINOR\=260200
    export MAKE_MERGEABLE\=NO
    export MERGEABLE_LIBRARY\=NO
    export MERGED_BINARY_TYPE\=none
    export MERGE_LINKED_LIBRARIES\=NO
    export METAL_LIBRARY_FILE_BASE\=default
    export METAL_LIBRARY_OUTPUT_DIR\=/Users/vinay/Library/Developer/Xcode/DerivedData/FindFood-ceewejdexqlrirddbceaqvuunhkx/Build/Products/Debug-iphonesimulator/hermes-engine/
    export MODULE_CACHE_DIR\=/Users/vinay/Library/Developer/Xcode/DerivedData/ModuleCache.noindex
    export MTL_ENABLE_DEBUG_INFO\=INCLUDE_SOURCE
    export MTL_FAST_MATH\=YES
    export NATIVE_ARCH\=arm64
    export NATIVE_ARCH_32_BIT\=arm
    export NATIVE_ARCH_64_BIT\=arm64
    export NATIVE_ARCH_ACTUAL\=arm64
    export NO_COMMON\=YES
    export OBJC_ABI_VERSION\=2
    export OBJECT_FILE_DIR\=/Users/vinay/Library/Developer/Xcode/DerivedData/FindFood-ceewejdexqlrirddbceaqvuunhkx/Build/Intermediates.noindex/Pods.build/Debug-iphonesimulator/hermes-engine.build/Objects
    export OBJECT_FILE_DIR_normal\=/Users/vinay/Library/Developer/Xcode/DerivedData/FindFood-ceewejdexqlrirddbceaqvuunhkx/Build/Intermediates.noindex/Pods.build/Debug-iphonesimulator/hermes-engine.build/Objects-normal
    export OBJROOT\=/Users/vinay/Library/Developer/Xcode/DerivedData/FindFood-ceewejdexqlrirddbceaqvuunhkx/Build/Intermediates.noindex
    export ONLY_ACTIVE_ARCH\=YES
    export OS\=MACOS
    export OSAC\=/usr/bin/osacompile
    export PASCAL_STRINGS\=YES
    export PATH\=/Applications/Xcode.app/Contents/SharedFrameworks/SwiftBuild.framework/Versions/A/PlugIns/SWBBuildService.bundle/Contents/PlugIns/SWBUniversalPlatformPlugin.bundle/Contents/Frameworks/SWBUniversalPlatform.framework/Resources:/Applications/Xcode.app/Contents/Developer/Toolchains/XcodeDefault.xctoolchain/usr/bin:/Applications/Xcode.app/Contents/Developer/Toolchains/XcodeDefault.xctoolchain/usr/local/bin:/Applications/Xcode.app/Contents/Developer/Toolchains/XcodeDefault.xctoolchain/usr/libexec:/Applications/Xcode.app/Contents/Developer/Platforms/iPhoneSimulator.platform/usr/bin:/Applications/Xcode.app/Contents/Developer/Platforms/iPhoneSimulator.platform/usr/local/bin:/Applications/Xcode.app/Contents/Developer/Platforms/iPhoneSimulator.platform/Developer/usr/bin:/Applications/Xcode.app/Contents/Developer/Platforms/iPhoneSimulator.platform/Developer/usr/local/bin:/Applications/Xcode.app/Contents/Developer/usr/bin:/Applications/Xcode.app/Contents/Developer/usr/local/bin:/Users/vinay/Documents/Github/FindFood/FindFood/FindFood-FE/node_modules/.bin:/Users/vinay/Documents/Github/FindFood/FindFood/node_modules/.bin:/Users/vinay/Documents/Github/FindFood/node_modules/.bin:/Users/vinay/Documents/Github/node_modules/.bin:/Users/vinay/Documents/node_modules/.bin:/Users/vinay/node_modules/.bin:/Users/node_modules/.bin:/node_modules/.bin:/Users/vinay/.nvm/versions/node/v22.20.0/lib/node_modules/npm/node_modules/@npmcli/run-script/lib/node-gyp-bin:/Users/vinay/.rbenv/shims:/Users/vinay/.rbenv/bin:/Users/vinay/.nvm/versions/node/v22.20.0/bin:/usr/local/bin:/System/Cryptexes/App/usr/bin:/usr/bin:/bin:/usr/sbin:/sbin:/var/run/com.apple.security.cryptexd/codex.system/bootstrap/usr/local/bin:/var/run/com.apple.security.cryptexd/codex.system/bootstrap/usr/bin:/var/run/com.apple.security.cryptexd/codex.system/bootstrap/usr/appleinternal/bin:/opt/pmk/env/global/bin:/Library/Apple/usr/bin:/opt/homebrew/bin:/Users/vinay/Library/Application\ Support/Code/User/globalStorage/github.copilot-chat/debugCommand
    export PATH_PREFIXES_EXCLUDED_FROM_HEADER_DEPENDENCIES\=/usr/include\ /usr/local/include\ /System/Library/Frameworks\ /System/Library/PrivateFrameworks\ /Applications/Xcode.app/Contents/Developer/Headers\ /Applications/Xcode.app/Contents/Developer/SDKs\ /Applications/Xcode.app/Contents/Developer/Platforms
    export PER_ARCH_MODULE_FILE_DIR\=/Users/vinay/Library/Developer/Xcode/DerivedData/FindFood-ceewejdexqlrirddbceaqvuunhkx/Build/Intermediates.noindex/Pods.build/Debug-iphonesimulator/hermes-engine.build/Objects-normal/undefined_arch
    export PER_ARCH_OBJECT_FILE_DIR\=/Users/vinay/Library/Developer/Xcode/DerivedData/FindFood-ceewejdexqlrirddbceaqvuunhkx/Build/Intermediates.noindex/Pods.build/Debug-iphonesimulator/hermes-engine.build/Objects-normal/undefined_arch
    export PER_VARIANT_OBJECT_FILE_DIR\=/Users/vinay/Library/Developer/Xcode/DerivedData/FindFood-ceewejdexqlrirddbceaqvuunhkx/Build/Intermediates.noindex/Pods.build/Debug-iphonesimulator/hermes-engine.build/Objects-normal
    export PKGINFO_FILE_PATH\=/Users/vinay/Library/Developer/Xcode/DerivedData/FindFood-ceewejdexqlrirddbceaqvuunhkx/Build/Intermediates.noindex/Pods.build/Debug-iphonesimulator/hermes-engine.build/PkgInfo
    export PLATFORM_DEVELOPER_APPLICATIONS_DIR\=/Applications/Xcode.app/Contents/Developer/Platforms/iPhoneSimulator.platform/Developer/Applications
    export PLATFORM_DEVELOPER_BIN_DIR\=/Applications/Xcode.app/Contents/Developer/Platforms/iPhoneSimulator.platform/Developer/usr/bin
    export PLATFORM_DEVELOPER_LIBRARY_DIR\=/Applications/Xcode.app/Contents/Developer/Platforms/iPhoneSimulator.platform/Developer/Library
    export PLATFORM_DEVELOPER_SDK_DIR\=/Applications/Xcode.app/Contents/Developer/Platforms/iPhoneSimulator.platform/Developer/SDKs
    export PLATFORM_DEVELOPER_TOOLS_DIR\=/Applications/Xcode.app/Contents/Developer/Platforms/iPhoneSimulator.platform/Developer/Tools
    export PLATFORM_DEVELOPER_USR_DIR\=/Applications/Xcode.app/Contents/Developer/Platforms/iPhoneSimulator.platform/Developer/usr
    export PLATFORM_DIR\=/Applications/Xcode.app/Contents/Developer/Platforms/iPhoneSimulator.platform
    export PLATFORM_DISPLAY_NAME\=iOS\ Simulator
    export PLATFORM_FAMILY_NAME\=iOS
    export PLATFORM_NAME\=iphonesimulator
    export PLATFORM_PREFERRED_ARCH\=x86_64
    export PLATFORM_PRODUCT_BUILD_VERSION\=23C53
    export PLATFORM_REQUIRES_SWIFT_AUTOLINK_EXTRACT\=NO
    export PLATFORM_REQUIRES_SWIFT_MODULEWRAP\=NO
    export PLIST_FILE_OUTPUT_FORMAT\=binary
    export PODS_BUILD_DIR\=/Users/vinay/Library/Developer/Xcode/DerivedData/FindFood-ceewejdexqlrirddbceaqvuunhkx/Build/Products
    export PODS_CONFIGURATION_BUILD_DIR\=/Users/vinay/Library/Developer/Xcode/DerivedData/FindFood-ceewejdexqlrirddbceaqvuunhkx/Build/Products/Debug-iphonesimulator
    export PODS_DEVELOPMENT_LANGUAGE\=en
    export PODS_ROOT\=/Users/vinay/Documents/Github/FindFood/FindFood/FindFood-FE/ios/Pods
    export PODS_TARGET_SRCROOT\=/Users/vinay/Documents/Github/FindFood/FindFood/FindFood-FE/ios/Pods/hermes-engine
    export PODS_XCFRAMEWORKS_BUILD_DIR\=/Users/vinay/Library/Developer/Xcode/DerivedData/FindFood-ceewejdexqlrirddbceaqvuunhkx/Build/Products/Debug-iphonesimulator/XCFrameworkIntermediates
    export PRECOMPS_INCLUDE_HEADERS_FROM_BUILT_PRODUCTS_DIR\=YES
    export PRECOMP_DESTINATION_DIR\=/Users/vinay/Library/Developer/Xcode/DerivedData/FindFood-ceewejdexqlrirddbceaqvuunhkx/Build/Intermediates.noindex/Pods.build/Debug-iphonesimulator/hermes-engine.build/PrefixHeaders
    export PROCESSED_INFOPLIST_PATH\=/Users/vinay/Library/Developer/Xcode/DerivedData/FindFood-ceewejdexqlrirddbceaqvuunhkx/Build/Intermediates.noindex/Pods.build/Debug-iphonesimulator/hermes-engine.build/Objects-normal/undefined_arch/Processed-Info.plist
    export PRODUCT_BUNDLE_IDENTIFIER\=org.cocoapods.hermes-engine
    export PRODUCT_MODULE_NAME\=hermes_engine
    export PRODUCT_NAME\=hermes-engine
    export PRODUCT_SETTINGS_PATH\=
    export PROFILING_CODE\=NO
    export PROJECT\=Pods
    export PROJECT_DERIVED_FILE_DIR\=/Users/vinay/Library/Developer/Xcode/DerivedData/FindFood-ceewejdexqlrirddbceaqvuunhkx/Build/Intermediates.noindex/Pods.build/DerivedSources
    export PROJECT_DIR\=/Users/vinay/Documents/Github/FindFood/FindFood/FindFood-FE/ios/Pods
    export PROJECT_FILE_PATH\=/Users/vinay/Documents/Github/FindFood/FindFood/FindFood-FE/ios/Pods/Pods.xcodeproj
    export PROJECT_GUID\=8699adb1dd336b26511df848a716bd42
    export PROJECT_NAME\=Pods
    export PROJECT_TEMP_DIR\=/Users/vinay/Library/Developer/Xcode/DerivedData/FindFood-ceewejdexqlrirddbceaqvuunhkx/Build/Intermediates.noindex/Pods.build
    export PROJECT_TEMP_ROOT\=/Users/vinay/Library/Developer/Xcode/DerivedData/FindFood-ceewejdexqlrirddbceaqvuunhkx/Build/Intermediates.noindex
    export REACT_NATIVE_PATH\=/Users/vinay/Documents/Github/FindFood/FindFood/FindFood-FE/ios/Pods/../../node_modules/react-native
    export RECOMMENDED_IPHONEOS_DEPLOYMENT_TARGET\=15.0
    export RECURSIVE_SEARCH_PATHS_FOLLOW_SYMLINKS\=YES
    export REMOVE_CVS_FROM_RESOURCES\=YES
    export REMOVE_GIT_FROM_RESOURCES\=YES
    export REMOVE_HEADERS_FROM_EMBEDDED_BUNDLES\=YES
    export REMOVE_HG_FROM_RESOURCES\=YES
    export REMOVE_STATIC_EXECUTABLES_FROM_EMBEDDED_BUNDLES\=YES
    export REMOVE_SVN_FROM_RESOURCES\=YES
    export RESCHEDULE_INDEPENDENT_HEADERS_PHASES\=YES
    export REZ_COLLECTOR_DIR\=/Users/vinay/Library/Developer/Xcode/DerivedData/FindFood-ceewejdexqlrirddbceaqvuunhkx/Build/Intermediates.noindex/Pods.build/Debug-iphonesimulator/hermes-engine.build/ResourceManagerResources
    export REZ_OBJECTS_DIR\=/Users/vinay/Library/Developer/Xcode/DerivedData/FindFood-ceewejdexqlrirddbceaqvuunhkx/Build/Intermediates.noindex/Pods.build/Debug-iphonesimulator/hermes-engine.build/ResourceManagerResources/Objects
    export RUNTIME_EXCEPTION_ALLOW_DYLD_ENVIRONMENT_VARIABLES\=NO
    export RUNTIME_EXCEPTION_ALLOW_JIT\=NO
    export RUNTIME_EXCEPTION_ALLOW_UNSIGNED_EXECUTABLE_MEMORY\=NO
    export RUNTIME_EXCEPTION_DEBUGGING_TOOL\=NO
    export RUNTIME_EXCEPTION_DISABLE_EXECUTABLE_PAGE_PROTECTION\=NO
    export RUNTIME_EXCEPTION_DISABLE_LIBRARY_VALIDATION\=NO
    export SCAN_ALL_SOURCE_FILES_FOR_INCLUDES\=NO
    export SCRIPT_INPUT_FILE_COUNT\=0
    export SCRIPT_INPUT_FILE_LIST_COUNT\=0
    export SCRIPT_OUTPUT_FILE_COUNT\=0
    export SCRIPT_OUTPUT_FILE_LIST_COUNT\=0
    export SDKROOT\=/Applications/Xcode.app/Contents/Developer/Platforms/iPhoneSimulator.platform/Developer/SDKs/iPhoneSimulator26.2.sdk
    export SDK_DIR\=/Applications/Xcode.app/Contents/Developer/Platforms/iPhoneSimulator.platform/Developer/SDKs/iPhoneSimulator26.2.sdk
    export SDK_DIR_iphonesimulator\=/Applications/Xcode.app/Contents/Developer/Platforms/iPhoneSimulator.platform/Developer/SDKs/iPhoneSimulator26.2.sdk
    export SDK_DIR_iphonesimulator26_2\=/Applications/Xcode.app/Contents/Developer/Platforms/iPhoneSimulator.platform/Developer/SDKs/iPhoneSimulator26.2.sdk
    export SDK_NAME\=iphonesimulator26.2
    export SDK_NAMES\=iphonesimulator26.2
    export SDK_PRODUCT_BUILD_VERSION\=23C53
    export SDK_STAT_CACHE_DIR\=/Users/vinay/Library/Developer/Xcode/DerivedData
    export SDK_STAT_CACHE_ENABLE\=YES
    export SDK_STAT_CACHE_PATH\=/Users/vinay/Library/Developer/Xcode/DerivedData/SDKStatCaches.noindex/iphonesimulator26.2-23C53-7d00a8b37fbd7999ea79df8ebc024bf0.sdkstatcache
    export SDK_VERSION\=26.2
    export SDK_VERSION_ACTUAL\=260200
    export SDK_VERSION_MAJOR\=260000
    export SDK_VERSION_MINOR\=260200
    export SED\=/usr/bin/sed
    export SEPARATE_STRIP\=NO
    export SEPARATE_SYMBOL_EDIT\=NO
    export SET_DIR_MODE_OWNER_GROUP\=YES
    export SET_FILE_MODE_OWNER_GROUP\=NO
    export SHALLOW_BUNDLE\=NO
    export SHARED_DERIVED_FILE_DIR\=/Users/vinay/Library/Developer/Xcode/DerivedData/FindFood-ceewejdexqlrirddbceaqvuunhkx/Build/Products/Debug-iphonesimulator/hermes-engine/DerivedSources
    export SHARED_PRECOMPS_DIR\=/Users/vinay/Library/Developer/Xcode/DerivedData/FindFood-ceewejdexqlrirddbceaqvuunhkx/Build/Intermediates.noindex/PrecompiledHeaders
    export SKIP_INSTALL\=YES
    export SOURCE_ROOT\=/Users/vinay/Documents/Github/FindFood/FindFood/FindFood-FE/ios/Pods
    export SRCROOT\=/Users/vinay/Documents/Github/FindFood/FindFood/FindFood-FE/ios/Pods
    export STRINGSDATA_DIR\=/Users/vinay/Library/Developer/Xcode/DerivedData/FindFood-ceewejdexqlrirddbceaqvuunhkx/Build/Intermediates.noindex/Pods.build/Debug-iphonesimulator/hermes-engine.build/Objects-normal/undefined_arch
    export STRINGSDATA_ROOT\=/Users/vinay/Library/Developer/Xcode/DerivedData/FindFood-ceewejdexqlrirddbceaqvuunhkx/Build/Intermediates.noindex/Pods.build/Debug-iphonesimulator/hermes-engine.build
    export STRINGS_FILE_INFOPLIST_RENAME\=YES
    export STRINGS_FILE_OUTPUT_ENCODING\=binary
    export STRING_CATALOG_GENERATE_SYMBOLS\=NO
    export STRIP_BITCODE_FROM_COPIED_FILES\=NO
    export STRIP_INSTALLED_PRODUCT\=NO
    export STRIP_STYLE\=all
    export STRIP_SWIFT_SYMBOLS\=YES
    export SUPPORTED_DEVICE_FAMILIES\=1,2
    export SUPPORTED_PLATFORMS\=iphoneos\ iphonesimulator
    export SUPPORTS_TEXT_BASED_API\=NO
    export SUPPRESS_WARNINGS\=NO
    export SWIFT_ACTIVE_COMPILATION_CONDITIONS\=\ DEBUG
    export SWIFT_EMIT_CONST_VALUE_PROTOCOLS\=AppIntent\ EntityQuery\ AppEntity\ TransientEntity\ AppEnum\ AppShortcutProviding\ AppShortcutsProvider\ AnyResolverProviding\ AppIntentsPackage\ DynamicOptionsProvider\ _IntentValueRepresentable\ _AssistantIntentsProvider\ _GenerativeFunctionExtractable\ IntentValueQuery\ Resolver\ AppExtension\ ExtensionPointDefining
    export SWIFT_EMIT_LOC_STRINGS\=NO
    export SWIFT_ENABLE_EXPLICIT_MODULES\=NO
    export SWIFT_OPTIMIZATION_LEVEL\=-Onone
    export SWIFT_PLATFORM_TARGET_PREFIX\=ios
    export SWIFT_RESPONSE_FILE_PATH_normal_arm64\=/Users/vinay/Library/Developer/Xcode/DerivedData/FindFood-ceewejdexqlrirddbceaqvuunhkx/Build/Intermediates.noindex/Pods.build/Debug-iphonesimulator/hermes-engine.build/Objects-normal/arm64/hermes-engine.SwiftFileList
    export SWIFT_VERSION\=5.0
    export SYMROOT\=/Users/vinay/Library/Developer/Xcode/DerivedData/FindFood-ceewejdexqlrirddbceaqvuunhkx/Build/Products
    export SYSTEM_ADMIN_APPS_DIR\=/Applications/Utilities
    export SYSTEM_APPS_DIR\=/Applications
    export SYSTEM_CORE_SERVICES_DIR\=/System/Library/CoreServices
    export SYSTEM_DEMOS_DIR\=/Applications/Extras
    export SYSTEM_DEVELOPER_APPS_DIR\=/Applications/Xcode.app/Contents/Developer/Applications
    export SYSTEM_DEVELOPER_BIN_DIR\=/Applications/Xcode.app/Contents/Developer/usr/bin
    export SYSTEM_DEVELOPER_DEMOS_DIR\=/Applications/Xcode.app/Contents/Developer/Applications/Utilities/Built\ Examples
    export SYSTEM_DEVELOPER_DIR\=/Applications/Xcode.app/Contents/Developer
    export SYSTEM_DEVELOPER_DOC_DIR\=/Applications/Xcode.app/Contents/Developer/ADC\ Reference\ Library
    export SYSTEM_DEVELOPER_GRAPHICS_TOOLS_DIR\=/Applications/Xcode.app/Contents/Developer/Applications/Graphics\ Tools
    export SYSTEM_DEVELOPER_JAVA_TOOLS_DIR\=/Applications/Xcode.app/Contents/Developer/Applications/Java\ Tools
    export SYSTEM_DEVELOPER_PERFORMANCE_TOOLS_DIR\=/Applications/Xcode.app/Contents/Developer/Applications/Performance\ Tools
    export SYSTEM_DEVELOPER_RELEASENOTES_DIR\=/Applications/Xcode.app/Contents/Developer/ADC\ Reference\ Library/releasenotes
    export SYSTEM_DEVELOPER_TOOLS\=/Applications/Xcode.app/Contents/Developer/Tools
    export SYSTEM_DEVELOPER_TOOLS_DOC_DIR\=/Applications/Xcode.app/Contents/Developer/ADC\ Reference\ Library/documentation/DeveloperTools
    export SYSTEM_DEVELOPER_TOOLS_RELEASENOTES_DIR\=/Applications/Xcode.app/Contents/Developer/ADC\ Reference\ Library/releasenotes/DeveloperTools
    export SYSTEM_DEVELOPER_USR_DIR\=/Applications/Xcode.app/Contents/Developer/usr
    export SYSTEM_DEVELOPER_UTILITIES_DIR\=/Applications/Xcode.app/Contents/Developer/Applications/Utilities
    export SYSTEM_DEXT_INSTALL_PATH\=/System/Library/DriverExtensions
    export SYSTEM_DOCUMENTATION_DIR\=/Library/Documentation
    export SYSTEM_KEXT_INSTALL_PATH\=/System/Library/Extensions
    export SYSTEM_LIBRARY_DIR\=/System/Library
    export TAPI_DEMANGLE\=YES
    export TAPI_ENABLE_PROJECT_HEADERS\=NO
    export TAPI_LANGUAGE\=objective-c
    export TAPI_LANGUAGE_STANDARD\=compiler-default
    export TAPI_USE_SRCROOT\=YES
    export TAPI_VERIFY_MODE\=Pedantic
    export TARGETED_DEVICE_FAMILY\=1,2
    export TARGETNAME\=hermes-engine
    export TARGET_BUILD_DIR\=/Users/vinay/Library/Developer/Xcode/DerivedData/FindFood-ceewejdexqlrirddbceaqvuunhkx/Build/Products/Debug-iphonesimulator/hermes-engine
    export TARGET_DEVICE_IDENTIFIER\=3C87BD02-CE09-4166-8EA9-2E43247858B8
    export TARGET_DEVICE_MODEL\=iPhone18,1
    export TARGET_DEVICE_OS_VERSION\=26.2
    export TARGET_DEVICE_PLATFORM_NAME\=iphonesimulator
    export TARGET_NAME\=hermes-engine
    export TARGET_TEMP_DIR\=/Users/vinay/Library/Developer/Xcode/DerivedData/FindFood-ceewejdexqlrirddbceaqvuunhkx/Build/Intermediates.noindex/Pods.build/Debug-iphonesimulator/hermes-engine.build
    export TEMP_DIR\=/Users/vinay/Library/Developer/Xcode/DerivedData/FindFood-ceewejdexqlrirddbceaqvuunhkx/Build/Intermediates.noindex/Pods.build/Debug-iphonesimulator/hermes-engine.build
    export TEMP_FILES_DIR\=/Users/vinay/Library/Developer/Xcode/DerivedData/FindFood-ceewejdexqlrirddbceaqvuunhkx/Build/Intermediates.noindex/Pods.build/Debug-iphonesimulator/hermes-engine.build
    export TEMP_FILE_DIR\=/Users/vinay/Library/Developer/Xcode/DerivedData/FindFood-ceewejdexqlrirddbceaqvuunhkx/Build/Intermediates.noindex/Pods.build/Debug-iphonesimulator/hermes-engine.build
    export TEMP_ROOT\=/Users/vinay/Library/Developer/Xcode/DerivedData/FindFood-ceewejdexqlrirddbceaqvuunhkx/Build/Intermediates.noindex
    export TEMP_SANDBOX_DIR\=/Users/vinay/Library/Developer/Xcode/DerivedData/FindFood-ceewejdexqlrirddbceaqvuunhkx/Build/Intermediates.noindex/TemporaryTaskSandboxes
    export TEST_FRAMEWORK_SEARCH_PATHS\=\ /Applications/Xcode.app/Contents/Developer/Platforms/iPhoneSimulator.platform/Developer/Library/Frameworks\ /Applications/Xcode.app/Contents/Developer/Platforms/iPhoneSimulator.platform/Developer/SDKs/iPhoneSimulator26.2.sdk/Developer/Library/Frameworks
    export TEST_LIBRARY_SEARCH_PATHS\=\ /Applications/Xcode.app/Contents/Developer/Platforms/iPhoneSimulator.platform/Developer/usr/lib
    export TOOLCHAINS\=com.apple.dt.toolchain.XcodeDefault
    export TOOLCHAIN_DIR\=/Applications/Xcode.app/Contents/Developer/Toolchains/XcodeDefault.xctoolchain
    export TREAT_MISSING_BASELINES_AS_TEST_FAILURES\=NO
    export TREAT_MISSING_SCRIPT_PHASE_OUTPUTS_AS_ERRORS\=NO
    export UID\=501
    export UNINSTALLED_PRODUCTS_DIR\=/Users/vinay/Library/Developer/Xcode/DerivedData/FindFood-ceewejdexqlrirddbceaqvuunhkx/Build/Intermediates.noindex/UninstalledProducts
    export UNSTRIPPED_PRODUCT\=NO
    export USER\=vinay
    export USER_APPS_DIR\=/Users/vinay/Applications
    export USER_LIBRARY_DIR\=/Users/vinay/Library
    export USE_DYNAMIC_NO_PIC\=YES
    export USE_HEADERMAP\=YES
    export USE_HEADER_SYMLINKS\=NO
    export USE_HERMES\=true
    export USE_RECURSIVE_SCRIPT_INPUTS_IN_SCRIPT_PHASES\=YES
    export VALIDATE_DEVELOPMENT_ASSET_PATHS\=YES_ERROR
    export VALIDATE_PRODUCT\=NO
    export VALID_ARCHS\=arm64\ x86_64
    export VERBOSE_PBXCP\=NO
    export VERSION_INFO_BUILDER\=vinay
    export VERSION_INFO_FILE\=hermes-engine_vers.c
    export VERSION_INFO_STRING\=\"@\(\#\)PROGRAM:hermes-engine\ \ PROJECT:Pods-\"
    export WORKSPACE_DIR\=/Users/vinay/Documents/Github/FindFood/FindFood/FindFood-FE/ios
    export WRAP_ASSET_PACKS_IN_SEPARATE_DIRECTORIES\=NO
    export XCODE_APP_SUPPORT_DIR\=/Applications/Xcode.app/Contents/Developer/Library/Xcode
    export XCODE_PRODUCT_BUILD_VERSION\=17C52
    export XCODE_VERSION_ACTUAL\=2620
    export XCODE_VERSION_MAJOR\=2600
    export XCODE_VERSION_MINOR\=2620
    export XPCSERVICES_FOLDER_PATH\=/XPCServices
    export YACC\=yacc
    export _DISCOVER_COMMAND_LINE_LINKER_INPUTS\=YES
    export _DISCOVER_COMMAND_LINE_LINKER_INPUTS_INCLUDE_WL\=YES
    export _LD_MULTIARCH\=YES
    export __DIAGNOSE_DEPRECATED_ARCHS\=YES
    export arch\=undefined_arch
    export variant\=normal
    /bin/sh -c /Users/vinay/Library/Developer/Xcode/DerivedData/FindFood-ceewejdexqlrirddbceaqvuunhkx/Build/Intermediates.noindex/Pods.build/Debug-iphonesimulator/hermes-engine.build/Script-46EB2E00020EA0.sh
Node found at: /Users/vinay/.nvm/versions/node/v22.20.0/bin/node
No previous build detected, but Debug Configuration. No need to replace Hermes engine

PhaseScriptExecution [CP-User]\ [RNDeps]\ Replace\ React\ Native\ Dependencies\ for\ the\ right\ configuration,\ if\ needed /Users/vinay/Library/Developer/Xcode/DerivedData/FindFood-ceewejdexqlrirddbceaqvuunhkx/Build/Intermediates.noindex/Pods.build/Debug-iphonesimulator/ReactNativeDependencies.build/Script-46EB2E00020E80.sh (in target 'ReactNativeDependencies' from project 'Pods')
    cd /Users/vinay/Documents/Github/FindFood/FindFood/FindFood-FE/ios/Pods
    export ACTION\=build
    export AD_HOC_CODE_SIGNING_ALLOWED\=YES
    export ALLOW_BUILD_REQUEST_OVERRIDES\=NO
    export ALLOW_TARGET_PLATFORM_SPECIALIZATION\=NO
    export ALTERNATE_GROUP\=staff
    export ALTERNATE_MODE\=u+w,go-w,a+rX
    export ALTERNATE_OWNER\=vinay
    export ALTERNATIVE_DISTRIBUTION_WEB\=NO
    export ALWAYS_EMBED_SWIFT_STANDARD_LIBRARIES\=NO
    export ALWAYS_SEARCH_USER_PATHS\=NO
    export ALWAYS_USE_SEPARATE_HEADERMAPS\=NO
    export APPLICATION_EXTENSION_API_ONLY\=NO
    export APPLY_RULES_IN_COPY_FILES\=NO
    export APPLY_RULES_IN_COPY_HEADERS\=NO
    export APP_SHORTCUTS_ENABLE_FLEXIBLE_MATCHING\=YES
    export ARCHS\=arm64
    export ARCHS_STANDARD\=arm64\ x86_64
    export ARCHS_STANDARD_32_64_BIT\=arm64\ x86_64
    export ARCHS_STANDARD_64_BIT\=arm64\ x86_64
    export ARCHS_STANDARD_INCLUDING_64_BIT\=arm64\ x86_64
    export ARCHS_UNIVERSAL_IPHONE_OS\=arm64\ x86_64
    export ASSETCATALOG_COMPILER_APPICON_NAME\=AppIcon
    export ASSETCATALOG_COMPILER_GLOBAL_ACCENT_COLOR_NAME\=AccentColor
    export ASSETCATALOG_FILTER_FOR_DEVICE_MODEL\=iPhone18,1
    export ASSETCATALOG_FILTER_FOR_DEVICE_OS_VERSION\=26.2
    export ASSETCATALOG_FILTER_FOR_THINNING_DEVICE_CONFIGURATION\=iPhone18,1
    export AUTOMATICALLY_MERGE_DEPENDENCIES\=NO
    export AUTOMATION_APPLE_EVENTS\=NO
    export AVAILABLE_PLATFORMS\=android\ appletvos\ appletvsimulator\ driverkit\ iphoneos\ iphonesimulator\ macosx\ qnx\ watchos\ watchsimulator\ webassembly\ xros\ xrsimulator
    export BUILD_ACTIVE_RESOURCES_ONLY\=YES
    export BUILD_COMPONENTS\=headers\ build
    export BUILD_DIR\=/Users/vinay/Library/Developer/Xcode/DerivedData/FindFood-ceewejdexqlrirddbceaqvuunhkx/Build/Products
    export BUILD_LIBRARY_FOR_DISTRIBUTION\=NO
    export BUILD_ROOT\=/Users/vinay/Library/Developer/Xcode/DerivedData/FindFood-ceewejdexqlrirddbceaqvuunhkx/Build/Products
    export BUILD_STYLE\=
    export BUILD_VARIANTS\=normal
    export BUILT_PRODUCTS_DIR\=/Users/vinay/Library/Developer/Xcode/DerivedData/FindFood-ceewejdexqlrirddbceaqvuunhkx/Build/Products/Debug-iphonesimulator/ReactNativeDependencies
    export BUNDLE_CONTENTS_FOLDER_PATH_deep\=Contents/
    export BUNDLE_EXECUTABLE_FOLDER_NAME_deep\=MacOS
    export BUNDLE_EXTENSIONS_FOLDER_PATH\=Extensions
    export BUNDLE_FORMAT\=shallow
    export BUNDLE_FRAMEWORKS_FOLDER_PATH\=Frameworks
    export BUNDLE_PLUGINS_FOLDER_PATH\=PlugIns
    export BUNDLE_PRIVATE_HEADERS_FOLDER_PATH\=PrivateHeaders
    export BUNDLE_PUBLIC_HEADERS_FOLDER_PATH\=Headers
    export CACHE_ROOT\=/var/folders/06/_s174lw542d0bq70l6m4_t8r0000gn/C/com.apple.DeveloperTools/26.2-17C52/Xcode
    export CCHROOT\=/var/folders/06/_s174lw542d0bq70l6m4_t8r0000gn/C/com.apple.DeveloperTools/26.2-17C52/Xcode
    export CHMOD\=/bin/chmod
    export CHOWN\=/usr/sbin/chown
    export CLANG_ANALYZER_LOCALIZABILITY_NONLOCALIZED\=YES
    export CLANG_ANALYZER_NONNULL\=YES
    export CLANG_ANALYZER_NUMBER_OBJECT_CONVERSION\=YES_AGGRESSIVE
    export CLANG_CACHE_FINE_GRAINED_OUTPUTS\=YES
    export CLANG_CXX_LANGUAGE_STANDARD\=c++20
    export CLANG_CXX_LIBRARY\=libc++
    export CLANG_ENABLE_EXPLICIT_MODULES\=YES
    export CLANG_ENABLE_MODULES\=YES
    export CLANG_ENABLE_OBJC_ARC\=YES
    export CLANG_ENABLE_OBJC_WEAK\=NO
    export CLANG_MODULES_BUILD_SESSION_FILE\=/Users/vinay/Library/Developer/Xcode/DerivedData/ModuleCache.noindex/Session.modulevalidation
    export CLANG_WARN_BLOCK_CAPTURE_AUTORELEASING\=YES
    export CLANG_WARN_BOOL_CONVERSION\=YES
    export CLANG_WARN_COMMA\=YES
    export CLANG_WARN_CONSTANT_CONVERSION\=YES
    export CLANG_WARN_DEPRECATED_OBJC_IMPLEMENTATIONS\=YES
    export CLANG_WARN_DIRECT_OBJC_ISA_USAGE\=YES_ERROR
    export CLANG_WARN_DOCUMENTATION_COMMENTS\=YES
    export CLANG_WARN_EMPTY_BODY\=YES
    export CLANG_WARN_ENUM_CONVERSION\=YES
    export CLANG_WARN_INFINITE_RECURSION\=YES
    export CLANG_WARN_INT_CONVERSION\=YES
    export CLANG_WARN_NON_LITERAL_NULL_CONVERSION\=YES
    export CLANG_WARN_OBJC_IMPLICIT_RETAIN_SELF\=YES
    export CLANG_WARN_OBJC_LITERAL_CONVERSION\=YES
    export CLANG_WARN_OBJC_ROOT_CLASS\=YES_ERROR
    export CLANG_WARN_QUOTED_INCLUDE_IN_FRAMEWORK_HEADER\=NO
    export CLANG_WARN_RANGE_LOOP_ANALYSIS\=YES
    export CLANG_WARN_STRICT_PROTOTYPES\=YES
    export CLANG_WARN_SUSPICIOUS_MOVE\=YES
    export CLANG_WARN_UNGUARDED_AVAILABILITY\=YES_AGGRESSIVE
    export CLANG_WARN_UNREACHABLE_CODE\=YES
    export CLANG_WARN__DUPLICATE_METHOD_MATCH\=YES
    export CLASS_FILE_DIR\=/Users/vinay/Library/Developer/Xcode/DerivedData/FindFood-ceewejdexqlrirddbceaqvuunhkx/Build/Intermediates.noindex/Pods.build/Debug-iphonesimulator/ReactNativeDependencies.build/JavaClasses
    export CLEAN_PRECOMPS\=YES
    export CLONE_HEADERS\=NO
    export CODESIGNING_FOLDER_PATH\=/Users/vinay/Library/Developer/Xcode/DerivedData/FindFood-ceewejdexqlrirddbceaqvuunhkx/Build/Products/Debug-iphonesimulator/ReactNativeDependencies/
    export CODE_SIGNING_ALLOWED\=NO
    export CODE_SIGNING_REQUIRED\=YES
    export CODE_SIGN_CONTEXT_CLASS\=XCiPhoneSimulatorCodeSignContext
    export CODE_SIGN_IDENTITY\=-
    export CODE_SIGN_INJECT_BASE_ENTITLEMENTS\=YES
    export COLOR_DIAGNOSTICS\=NO
    export COMBINE_HIDPI_IMAGES\=NO
    export COMPILATION_CACHE_CAS_PATH\=/Users/vinay/Library/Developer/Xcode/DerivedData/CompilationCache.noindex
    export COMPILATION_CACHE_KEEP_CAS_DIRECTORY\=YES
    export COMPILER_INDEX_STORE_ENABLE\=Default
    export COMPOSITE_SDK_DIRS\=/Users/vinay/Library/Developer/Xcode/DerivedData/FindFood-ceewejdexqlrirddbceaqvuunhkx/Build/Intermediates.noindex/CompositeSDKs
    export COMPRESS_PNG_FILES\=YES
    export CONFIGURATION\=Debug
    export CONFIGURATION_BUILD_DIR\=/Users/vinay/Library/Developer/Xcode/DerivedData/FindFood-ceewejdexqlrirddbceaqvuunhkx/Build/Products/Debug-iphonesimulator/ReactNativeDependencies
    export CONFIGURATION_TEMP_DIR\=/Users/vinay/Library/Developer/Xcode/DerivedData/FindFood-ceewejdexqlrirddbceaqvuunhkx/Build/Intermediates.noindex/Pods.build/Debug-iphonesimulator
    export COPYING_PRESERVES_HFS_DATA\=NO
    export COPY_HEADERS_RUN_UNIFDEF\=NO
    export COPY_PHASE_STRIP\=NO
    export CORRESPONDING_DEVICE_PLATFORM_DIR\=/Applications/Xcode.app/Contents/Developer/Platforms/iPhoneOS.platform
    export CORRESPONDING_DEVICE_PLATFORM_NAME\=iphoneos
    export CORRESPONDING_DEVICE_SDK_DIR\=/Applications/Xcode.app/Contents/Developer/Platforms/iPhoneOS.platform/Developer/SDKs/iPhoneOS26.2.sdk
    export CORRESPONDING_DEVICE_SDK_NAME\=iphoneos26.2
    export CP\=/bin/cp
    export CREATE_INFOPLIST_SECTION_IN_BINARY\=NO
    export CURRENT_ARCH\=undefined_arch
    export CURRENT_VARIANT\=normal
    export DEAD_CODE_STRIPPING\=YES
    export DEBUGGING_SYMBOLS\=YES
    export DEBUG_INFORMATION_FORMAT\=dwarf
    export DEBUG_INFORMATION_VERSION\=compiler-default
    export DEFAULT_COMPILER\=com.apple.compilers.llvm.clang.1_0
    export DEFAULT_DEXT_INSTALL_PATH\=/System/Library/DriverExtensions
    export DEFAULT_KEXT_INSTALL_PATH\=/System/Library/Extensions
    export DEFINES_MODULE\=NO
    export DEPLOYMENT_LOCATION\=NO
    export DEPLOYMENT_POSTPROCESSING\=NO
    export DEPLOYMENT_TARGET_SETTING_NAME\=IPHONEOS_DEPLOYMENT_TARGET
    export DEPLOYMENT_TARGET_SUGGESTED_VALUES\=12.0\ 12.1\ 12.2\ 12.3\ 12.4\ 13.0\ 13.1\ 13.2\ 13.3\ 13.4\ 13.5\ 13.6\ 14.0\ 14.1\ 14.2\ 14.3\ 14.4\ 14.5\ 14.6\ 14.7\ 15.0\ 15.1\ 15.2\ 15.3\ 15.4\ 15.5\ 15.6\ 16.0\ 16.1\ 16.2\ 16.3\ 16.4\ 16.5\ 16.6\ 17.0\ 17.1\ 17.2\ 17.3\ 17.4\ 17.5\ 17.6\ 18.0\ 18.1\ 18.2\ 18.3\ 18.4\ 18.5\ 18.6\ 26.0\ 26.1\ 26.2
    export DERIVED_FILES_DIR\=/Users/vinay/Library/Developer/Xcode/DerivedData/FindFood-ceewejdexqlrirddbceaqvuunhkx/Build/Intermediates.noindex/Pods.build/Debug-iphonesimulator/ReactNativeDependencies.build/DerivedSources
    export DERIVED_FILE_DIR\=/Users/vinay/Library/Developer/Xcode/DerivedData/FindFood-ceewejdexqlrirddbceaqvuunhkx/Build/Intermediates.noindex/Pods.build/Debug-iphonesimulator/ReactNativeDependencies.build/DerivedSources
    export DERIVED_SOURCES_DIR\=/Users/vinay/Library/Developer/Xcode/DerivedData/FindFood-ceewejdexqlrirddbceaqvuunhkx/Build/Intermediates.noindex/Pods.build/Debug-iphonesimulator/ReactNativeDependencies.build/DerivedSources
    export DEVELOPER_APPLICATIONS_DIR\=/Applications/Xcode.app/Contents/Developer/Applications
    export DEVELOPER_BIN_DIR\=/Applications/Xcode.app/Contents/Developer/usr/bin
    export DEVELOPER_DIR\=/Applications/Xcode.app/Contents/Developer
    export DEVELOPER_FRAMEWORKS_DIR\=/Applications/Xcode.app/Contents/Developer/Library/Frameworks
    export DEVELOPER_FRAMEWORKS_DIR_QUOTED\=/Applications/Xcode.app/Contents/Developer/Library/Frameworks
    export DEVELOPER_LIBRARY_DIR\=/Applications/Xcode.app/Contents/Developer/Library
    export DEVELOPER_SDK_DIR\=/Applications/Xcode.app/Contents/Developer/Platforms/MacOSX.platform/Developer/SDKs
    export DEVELOPER_TOOLS_DIR\=/Applications/Xcode.app/Contents/Developer/Tools
    export DEVELOPER_USR_DIR\=/Applications/Xcode.app/Contents/Developer/usr
    export DEVELOPMENT_LANGUAGE\=en
    export DIAGNOSE_MISSING_TARGET_DEPENDENCIES\=YES
    export DIFF\=/usr/bin/diff
    export DONT_GENERATE_INFOPLIST_FILE\=NO
    export DSTROOT\=/tmp/Pods.dst
    export DT_TOOLCHAIN_DIR\=/Applications/Xcode.app/Contents/Developer/Toolchains/XcodeDefault.xctoolchain
    export DWARF_DSYM_FILE_NAME\=.dSYM
    export DWARF_DSYM_FILE_SHOULD_ACCOMPANY_PRODUCT\=NO
    export DWARF_DSYM_FOLDER_PATH\=/Users/vinay/Library/Developer/Xcode/DerivedData/FindFood-ceewejdexqlrirddbceaqvuunhkx/Build/Products/Debug-iphonesimulator/ReactNativeDependencies
    export DYNAMIC_LIBRARY_EXTENSION\=dylib
    export EAGER_COMPILATION_ALLOW_SCRIPTS\=NO
    export EAGER_LINKING\=NO
    export EFFECTIVE_PLATFORM_NAME\=-iphonesimulator
    export EMBEDDED_CONTENT_CONTAINS_SWIFT\=NO
    export EMBED_ASSET_PACKS_IN_PRODUCT_BUNDLE\=NO
    export ENABLE_APP_SANDBOX\=NO
    export ENABLE_CODE_COVERAGE\=YES
    export ENABLE_CPLUSPLUS_BOUNDS_SAFE_BUFFERS\=NO
    export ENABLE_C_BOUNDS_SAFETY\=NO
    export ENABLE_DEFAULT_HEADER_SEARCH_PATHS\=YES
    export ENABLE_DEFAULT_SEARCH_PATHS\=YES
    export ENABLE_ENHANCED_SECURITY\=NO
    export ENABLE_HARDENED_RUNTIME\=NO
    export ENABLE_HEADER_DEPENDENCIES\=YES
    export ENABLE_INCOMING_NETWORK_CONNECTIONS\=NO
    export ENABLE_ON_DEMAND_RESOURCES\=NO
    export ENABLE_OUTGOING_NETWORK_CONNECTIONS\=NO
    export ENABLE_POINTER_AUTHENTICATION\=NO
    export ENABLE_PREVIEWS\=NO
    export ENABLE_RESOURCE_ACCESS_AUDIO_INPUT\=NO
    export ENABLE_RESOURCE_ACCESS_BLUETOOTH\=NO
    export ENABLE_RESOURCE_ACCESS_CALENDARS\=NO
    export ENABLE_RESOURCE_ACCESS_CAMERA\=NO
    export ENABLE_RESOURCE_ACCESS_CONTACTS\=NO
    export ENABLE_RESOURCE_ACCESS_LOCATION\=NO
    export ENABLE_RESOURCE_ACCESS_PHOTO_LIBRARY\=NO
    export ENABLE_RESOURCE_ACCESS_PRINTING\=NO
    export ENABLE_RESOURCE_ACCESS_USB\=NO
    export ENABLE_SDK_IMPORTS\=NO
    export ENABLE_SECURITY_COMPILER_WARNINGS\=NO
    export ENABLE_STRICT_OBJC_MSGSEND\=YES
    export ENABLE_TESTABILITY\=YES
    export ENABLE_TESTING_SEARCH_PATHS\=NO
    export ENABLE_USER_SCRIPT_SANDBOXING\=NO
    export ENABLE_XOJIT_PREVIEWS\=YES
    export ENFORCE_VALID_ARCHS\=YES
    export ENTITLEMENTS_DESTINATION\=__entitlements
    export ENTITLEMENTS_REQUIRED\=YES
    export EXCLUDED_INSTALLSRC_SUBDIRECTORY_PATTERNS\=.DS_Store\ .svn\ .git\ .hg\ CVS
    export EXCLUDED_RECURSIVE_SEARCH_PATH_SUBDIRECTORIES\=\*.nib\ \*.lproj\ \*.framework\ \*.gch\ \*.xcode\*\ \*.xcassets\ \*.icon\ \(\*\)\ .DS_Store\ CVS\ .svn\ .git\ .hg\ \*.pbproj\ \*.pbxproj
    export FILE_LIST\=/Users/vinay/Library/Developer/Xcode/DerivedData/FindFood-ceewejdexqlrirddbceaqvuunhkx/Build/Intermediates.noindex/Pods.build/Debug-iphonesimulator/ReactNativeDependencies.build/Objects/LinkFileList
    export FIXED_FILES_DIR\=/Users/vinay/Library/Developer/Xcode/DerivedData/FindFood-ceewejdexqlrirddbceaqvuunhkx/Build/Intermediates.noindex/Pods.build/Debug-iphonesimulator/ReactNativeDependencies.build/FixedFiles
    export FRAMEWORK_SEARCH_PATHS\=\ \"/Users/vinay/Documents/Github/FindFood/FindFood/FindFood-FE/ios/Pods/ReactNativeDependencies/framework/packages/react-native\"\ \"/Users/vinay/Library/Developer/Xcode/DerivedData/FindFood-ceewejdexqlrirddbceaqvuunhkx/Build/Products/Debug-iphonesimulator/XCFrameworkIntermediates/ReactNativeDependencies\"
    export FRAMEWORK_VERSION\=A
    export FUSE_BUILD_PHASES\=YES
    export FUSE_BUILD_SCRIPT_PHASES\=NO
    export GCC3_VERSION\=3.3
    export GCC_C_LANGUAGE_STANDARD\=gnu11
    export GCC_DYNAMIC_NO_PIC\=NO
    export GCC_NO_COMMON_BLOCKS\=YES
    export GCC_OBJC_LEGACY_DISPATCH\=YES
    export GCC_OPTIMIZATION_LEVEL\=0
    export GCC_PFE_FILE_C_DIALECTS\=c\ objective-c\ c++\ objective-c++
    export GCC_PREPROCESSOR_DEFINITIONS\=POD_CONFIGURATION_DEBUG\=1\ DEBUG\=1\ \ COCOAPODS\=1
    export GCC_TREAT_WARNINGS_AS_ERRORS\=NO
    export GCC_VERSION\=com.apple.compilers.llvm.clang.1_0
    export GCC_VERSION_IDENTIFIER\=com_apple_compilers_llvm_clang_1_0
    export GCC_WARN_64_TO_32_BIT_CONVERSION\=YES
    export GCC_WARN_ABOUT_RETURN_TYPE\=YES_ERROR
    export GCC_WARN_UNDECLARED_SELECTOR\=YES
    export GCC_WARN_UNINITIALIZED_AUTOS\=YES_AGGRESSIVE
    export GCC_WARN_UNUSED_FUNCTION\=YES
    export GCC_WARN_UNUSED_VARIABLE\=YES
    export GENERATED_MODULEMAP_DIR\=/Users/vinay/Library/Developer/Xcode/DerivedData/FindFood-ceewejdexqlrirddbceaqvuunhkx/Build/Intermediates.noindex/GeneratedModuleMaps-iphonesimulator
    export GENERATE_INFOPLIST_FILE\=NO
    export GENERATE_INTERMEDIATE_TEXT_BASED_STUBS\=YES
    export GENERATE_PKGINFO_FILE\=NO
    export GENERATE_PRELINK_OBJECT_FILE\=NO
    export GENERATE_PROFILING_CODE\=NO
    export GENERATE_TEXT_BASED_STUBS\=NO
    export GID\=20
    export GROUP\=staff
    export HEADERMAP_INCLUDES_FLAT_ENTRIES_FOR_TARGET_BEING_BUILT\=YES
    export HEADERMAP_INCLUDES_FRAMEWORK_ENTRIES_FOR_ALL_PRODUCT_TYPES\=YES
    export HEADERMAP_INCLUDES_FRAMEWORK_ENTRIES_FOR_TARGETS_NOT_BEING_BUILT\=YES
    export HEADERMAP_INCLUDES_NONPUBLIC_NONPRIVATE_HEADERS\=YES
    export HEADERMAP_INCLUDES_PROJECT_HEADERS\=YES
    export HEADERMAP_USES_FRAMEWORK_PREFIX_ENTRIES\=YES
    export HEADERMAP_USES_VFS\=NO
    export HEADER_SEARCH_PATHS\=\ \"/Users/vinay/Documents/Github/FindFood/FindFood/FindFood-FE/ios/Pods/Headers/Private\"\ \"/Users/vinay/Documents/Github/FindFood/FindFood/FindFood-FE/ios/Pods/Headers/Private/ReactNativeDependencies\"\ \"/Users/vinay/Documents/Github/FindFood/FindFood/FindFood-FE/ios/Pods/Headers/Public\"\ \"/Users/vinay/Documents/Github/FindFood/FindFood/FindFood-FE/ios/Pods/Headers/Public/ReactNativeDependencies\"
    export HOME\=/Users/vinay
    export HOST_ARCH\=arm64
    export HOST_PLATFORM\=macosx
    export ICONV\=/usr/bin/iconv
    export IMPLICIT_DEPENDENCY_DOMAIN\=default
    export INFOPLIST_ENABLE_CFBUNDLEICONS_MERGE\=YES
    export INFOPLIST_EXPAND_BUILD_SETTINGS\=YES
    export INFOPLIST_OUTPUT_FORMAT\=binary
    export INFOPLIST_PREPROCESS\=NO
    export INLINE_PRIVATE_FRAMEWORKS\=NO
    export INSTALLAPI_IGNORE_SKIP_INSTALL\=YES
    export INSTALLHDRS_COPY_PHASE\=NO
    export INSTALLHDRS_SCRIPT_PHASE\=NO
    export INSTALL_DIR\=/tmp/Pods.dst
    export INSTALL_GROUP\=staff
    export INSTALL_MODE_FLAG\=u+w,go-w,a+rX
    export INSTALL_OWNER\=vinay
    export INSTALL_ROOT\=/tmp/Pods.dst
    export IPHONEOS_DEPLOYMENT_TARGET\=15.1
    export IS_UNOPTIMIZED_BUILD\=YES
    export JAVAC_DEFAULT_FLAGS\=-J-Xms64m\ -J-XX:NewSize\=4M\ -J-Dfile.encoding\=UTF8
    export JAVA_APP_STUB\=/System/Library/Frameworks/JavaVM.framework/Resources/MacOS/JavaApplicationStub
    export JAVA_ARCHIVE_CLASSES\=YES
    export JAVA_ARCHIVE_TYPE\=JAR
    export JAVA_COMPILER\=/usr/bin/javac
    export JAVA_FRAMEWORK_RESOURCES_DIRS\=Resources
    export JAVA_JAR_FLAGS\=cv
    export JAVA_SOURCE_SUBDIR\=.
    export JAVA_USE_DEPENDENCIES\=YES
    export JAVA_ZIP_FLAGS\=-urg
    export JIKES_DEFAULT_FLAGS\=+E\ +OLDCSO
    export KEEP_PRIVATE_EXTERNS\=NO
    export LD_DEPENDENCY_INFO_FILE\=/Users/vinay/Library/Developer/Xcode/DerivedData/FindFood-ceewejdexqlrirddbceaqvuunhkx/Build/Intermediates.noindex/Pods.build/Debug-iphonesimulator/ReactNativeDependencies.build/Objects-normal/undefined_arch/ReactNativeDependencies_dependency_info.dat
    export LD_EXPORT_SYMBOLS\=YES
    export LD_GENERATE_MAP_FILE\=NO
    export LD_MAP_FILE_PATH\=/Users/vinay/Library/Developer/Xcode/DerivedData/FindFood-ceewejdexqlrirddbceaqvuunhkx/Build/Intermediates.noindex/Pods.build/Debug-iphonesimulator/ReactNativeDependencies.build/ReactNativeDependencies-LinkMap-normal-undefined_arch.txt
    export LD_NO_PIE\=NO
    export LD_QUOTE_LINKER_ARGUMENTS_FOR_COMPILER_DRIVER\=YES
    export LD_RUNPATH_SEARCH_PATHS\=\ @executable_path/Frameworks
    export LD_SHARED_CACHE_ELIGIBLE\=Automatic
    export LD_WARN_DUPLICATE_LIBRARIES\=NO
    export LD_WARN_UNUSED_DYLIBS\=NO
    export LEGACY_DEVELOPER_DIR\=/Applications/Xcode.app/Contents/PlugIns/Xcode3Core.ideplugin/Contents/SharedSupport/Developer
    export LEX\=lex
    export LIBRARY_DEXT_INSTALL_PATH\=/Library/DriverExtensions
    export LIBRARY_FLAG_NOSPACE\=YES
    export LIBRARY_KEXT_INSTALL_PATH\=/Library/Extensions
    export LINKER_DISPLAYS_MANGLED_NAMES\=NO
    export LINK_FILE_LIST_normal_arm64\=/Users/vinay/Library/Developer/Xcode/DerivedData/FindFood-ceewejdexqlrirddbceaqvuunhkx/Build/Intermediates.noindex/Pods.build/Debug-iphonesimulator/ReactNativeDependencies.build/Objects-normal/arm64/ReactNativeDependencies.LinkFileList
    export LINK_OBJC_RUNTIME\=YES
    export LINK_WITH_STANDARD_LIBRARIES\=YES
    export LLVM_TARGET_TRIPLE_OS_VERSION\=ios15.1
    export LLVM_TARGET_TRIPLE_SUFFIX\=-simulator
    export LLVM_TARGET_TRIPLE_VENDOR\=apple
    export LM_AUX_CONST_METADATA_LIST_PATH_normal_arm64\=/Users/vinay/Library/Developer/Xcode/DerivedData/FindFood-ceewejdexqlrirddbceaqvuunhkx/Build/Intermediates.noindex/Pods.build/Debug-iphonesimulator/ReactNativeDependencies.build/Objects-normal/arm64/ReactNativeDependencies.SwiftConstValuesFileList
    export LOCALIZATION_EXPORT_SUPPORTED\=YES
    export LOCALIZATION_PREFERS_STRING_CATALOGS\=NO
    export LOCALIZED_STRING_MACRO_NAMES\=NSLocalizedString\ CFCopyLocalizedString
    export LOCALIZED_STRING_SWIFTUI_SUPPORT\=YES
    export LOCAL_ADMIN_APPS_DIR\=/Applications/Utilities
    export LOCAL_APPS_DIR\=/Applications
    export LOCAL_DEVELOPER_DIR\=/Library/Developer
    export LOCAL_LIBRARY_DIR\=/Library
    export LOCROOT\=/Users/vinay/Documents/Github/FindFood/FindFood/FindFood-FE/ios/Pods
    export LOCSYMROOT\=/Users/vinay/Documents/Github/FindFood/FindFood/FindFood-FE/ios/Pods
    export MAC_OS_X_PRODUCT_BUILD_VERSION\=25C56
    export MAC_OS_X_VERSION_ACTUAL\=260200
    export MAC_OS_X_VERSION_MAJOR\=260000
    export MAC_OS_X_VERSION_MINOR\=260200
    export MAKE_MERGEABLE\=NO
    export MERGEABLE_LIBRARY\=NO
    export MERGED_BINARY_TYPE\=none
    export MERGE_LINKED_LIBRARIES\=NO
    export METAL_LIBRARY_FILE_BASE\=default
    export METAL_LIBRARY_OUTPUT_DIR\=/Users/vinay/Library/Developer/Xcode/DerivedData/FindFood-ceewejdexqlrirddbceaqvuunhkx/Build/Products/Debug-iphonesimulator/ReactNativeDependencies/
    export MODULE_CACHE_DIR\=/Users/vinay/Library/Developer/Xcode/DerivedData/ModuleCache.noindex
    export MTL_ENABLE_DEBUG_INFO\=INCLUDE_SOURCE
    export MTL_FAST_MATH\=YES
    export NATIVE_ARCH\=arm64
    export NATIVE_ARCH_32_BIT\=arm
    export NATIVE_ARCH_64_BIT\=arm64
    export NATIVE_ARCH_ACTUAL\=arm64
    export NO_COMMON\=YES
    export OBJC_ABI_VERSION\=2
    export OBJECT_FILE_DIR\=/Users/vinay/Library/Developer/Xcode/DerivedData/FindFood-ceewejdexqlrirddbceaqvuunhkx/Build/Intermediates.noindex/Pods.build/Debug-iphonesimulator/ReactNativeDependencies.build/Objects
    export OBJECT_FILE_DIR_normal\=/Users/vinay/Library/Developer/Xcode/DerivedData/FindFood-ceewejdexqlrirddbceaqvuunhkx/Build/Intermediates.noindex/Pods.build/Debug-iphonesimulator/ReactNativeDependencies.build/Objects-normal
    export OBJROOT\=/Users/vinay/Library/Developer/Xcode/DerivedData/FindFood-ceewejdexqlrirddbceaqvuunhkx/Build/Intermediates.noindex
    export ONLY_ACTIVE_ARCH\=YES
    export OS\=MACOS
    export OSAC\=/usr/bin/osacompile
    export PASCAL_STRINGS\=YES
    export PATH\=/Applications/Xcode.app/Contents/SharedFrameworks/SwiftBuild.framework/Versions/A/PlugIns/SWBBuildService.bundle/Contents/PlugIns/SWBUniversalPlatformPlugin.bundle/Contents/Frameworks/SWBUniversalPlatform.framework/Resources:/Applications/Xcode.app/Contents/Developer/Toolchains/XcodeDefault.xctoolchain/usr/bin:/Applications/Xcode.app/Contents/Developer/Toolchains/XcodeDefault.xctoolchain/usr/local/bin:/Applications/Xcode.app/Contents/Developer/Toolchains/XcodeDefault.xctoolchain/usr/libexec:/Applications/Xcode.app/Contents/Developer/Platforms/iPhoneSimulator.platform/usr/bin:/Applications/Xcode.app/Contents/Developer/Platforms/iPhoneSimulator.platform/usr/local/bin:/Applications/Xcode.app/Contents/Developer/Platforms/iPhoneSimulator.platform/Developer/usr/bin:/Applications/Xcode.app/Contents/Developer/Platforms/iPhoneSimulator.platform/Developer/usr/local/bin:/Applications/Xcode.app/Contents/Developer/usr/bin:/Applications/Xcode.app/Contents/Developer/usr/local/bin:/Users/vinay/Documents/Github/FindFood/FindFood/FindFood-FE/node_modules/.bin:/Users/vinay/Documents/Github/FindFood/FindFood/node_modules/.bin:/Users/vinay/Documents/Github/FindFood/node_modules/.bin:/Users/vinay/Documents/Github/node_modules/.bin:/Users/vinay/Documents/node_modules/.bin:/Users/vinay/node_modules/.bin:/Users/node_modules/.bin:/node_modules/.bin:/Users/vinay/.nvm/versions/node/v22.20.0/lib/node_modules/npm/node_modules/@npmcli/run-script/lib/node-gyp-bin:/Users/vinay/.rbenv/shims:/Users/vinay/.rbenv/bin:/Users/vinay/.nvm/versions/node/v22.20.0/bin:/usr/local/bin:/System/Cryptexes/App/usr/bin:/usr/bin:/bin:/usr/sbin:/sbin:/var/run/com.apple.security.cryptexd/codex.system/bootstrap/usr/local/bin:/var/run/com.apple.security.cryptexd/codex.system/bootstrap/usr/bin:/var/run/com.apple.security.cryptexd/codex.system/bootstrap/usr/appleinternal/bin:/opt/pmk/env/global/bin:/Library/Apple/usr/bin:/opt/homebrew/bin:/Users/vinay/Library/Application\ Support/Code/User/globalStorage/github.copilot-chat/debugCommand
    export PATH_PREFIXES_EXCLUDED_FROM_HEADER_DEPENDENCIES\=/usr/include\ /usr/local/include\ /System/Library/Frameworks\ /System/Library/PrivateFrameworks\ /Applications/Xcode.app/Contents/Developer/Headers\ /Applications/Xcode.app/Contents/Developer/SDKs\ /Applications/Xcode.app/Contents/Developer/Platforms
    export PER_ARCH_MODULE_FILE_DIR\=/Users/vinay/Library/Developer/Xcode/DerivedData/FindFood-ceewejdexqlrirddbceaqvuunhkx/Build/Intermediates.noindex/Pods.build/Debug-iphonesimulator/ReactNativeDependencies.build/Objects-normal/undefined_arch
    export PER_ARCH_OBJECT_FILE_DIR\=/Users/vinay/Library/Developer/Xcode/DerivedData/FindFood-ceewejdexqlrirddbceaqvuunhkx/Build/Intermediates.noindex/Pods.build/Debug-iphonesimulator/ReactNativeDependencies.build/Objects-normal/undefined_arch
    export PER_VARIANT_OBJECT_FILE_DIR\=/Users/vinay/Library/Developer/Xcode/DerivedData/FindFood-ceewejdexqlrirddbceaqvuunhkx/Build/Intermediates.noindex/Pods.build/Debug-iphonesimulator/ReactNativeDependencies.build/Objects-normal
    export PKGINFO_FILE_PATH\=/Users/vinay/Library/Developer/Xcode/DerivedData/FindFood-ceewejdexqlrirddbceaqvuunhkx/Build/Intermediates.noindex/Pods.build/Debug-iphonesimulator/ReactNativeDependencies.build/PkgInfo
    export PLATFORM_DEVELOPER_APPLICATIONS_DIR\=/Applications/Xcode.app/Contents/Developer/Platforms/iPhoneSimulator.platform/Developer/Applications
    export PLATFORM_DEVELOPER_BIN_DIR\=/Applications/Xcode.app/Contents/Developer/Platforms/iPhoneSimulator.platform/Developer/usr/bin
    export PLATFORM_DEVELOPER_LIBRARY_DIR\=/Applications/Xcode.app/Contents/Developer/Platforms/iPhoneSimulator.platform/Developer/Library
    export PLATFORM_DEVELOPER_SDK_DIR\=/Applications/Xcode.app/Contents/Developer/Platforms/iPhoneSimulator.platform/Developer/SDKs
    export PLATFORM_DEVELOPER_TOOLS_DIR\=/Applications/Xcode.app/Contents/Developer/Platforms/iPhoneSimulator.platform/Developer/Tools
    export PLATFORM_DEVELOPER_USR_DIR\=/Applications/Xcode.app/Contents/Developer/Platforms/iPhoneSimulator.platform/Developer/usr
    export PLATFORM_DIR\=/Applications/Xcode.app/Contents/Developer/Platforms/iPhoneSimulator.platform
    export PLATFORM_DISPLAY_NAME\=iOS\ Simulator
    export PLATFORM_FAMILY_NAME\=iOS
    export PLATFORM_NAME\=iphonesimulator
    export PLATFORM_PREFERRED_ARCH\=x86_64
    export PLATFORM_PRODUCT_BUILD_VERSION\=23C53
    export PLATFORM_REQUIRES_SWIFT_AUTOLINK_EXTRACT\=NO
    export PLATFORM_REQUIRES_SWIFT_MODULEWRAP\=NO
    export PLIST_FILE_OUTPUT_FORMAT\=binary
    export PODS_BUILD_DIR\=/Users/vinay/Library/Developer/Xcode/DerivedData/FindFood-ceewejdexqlrirddbceaqvuunhkx/Build/Products
    export PODS_CONFIGURATION_BUILD_DIR\=/Users/vinay/Library/Developer/Xcode/DerivedData/FindFood-ceewejdexqlrirddbceaqvuunhkx/Build/Products/Debug-iphonesimulator
    export PODS_DEVELOPMENT_LANGUAGE\=en
    export PODS_ROOT\=/Users/vinay/Documents/Github/FindFood/FindFood/FindFood-FE/ios/Pods
    export PODS_TARGET_SRCROOT\=/Users/vinay/Documents/Github/FindFood/FindFood/FindFood-FE/ios/Pods/ReactNativeDependencies
    export PODS_XCFRAMEWORKS_BUILD_DIR\=/Users/vinay/Library/Developer/Xcode/DerivedData/FindFood-ceewejdexqlrirddbceaqvuunhkx/Build/Products/Debug-iphonesimulator/XCFrameworkIntermediates
    export PRECOMPS_INCLUDE_HEADERS_FROM_BUILT_PRODUCTS_DIR\=YES
    export PRECOMP_DESTINATION_DIR\=/Users/vinay/Library/Developer/Xcode/DerivedData/FindFood-ceewejdexqlrirddbceaqvuunhkx/Build/Intermediates.noindex/Pods.build/Debug-iphonesimulator/ReactNativeDependencies.build/PrefixHeaders
    export PROCESSED_INFOPLIST_PATH\=/Users/vinay/Library/Developer/Xcode/DerivedData/FindFood-ceewejdexqlrirddbceaqvuunhkx/Build/Intermediates.noindex/Pods.build/Debug-iphonesimulator/ReactNativeDependencies.build/Objects-normal/undefined_arch/Processed-Info.plist
    export PRODUCT_BUNDLE_IDENTIFIER\=org.cocoapods.ReactNativeDependencies
    export PRODUCT_MODULE_NAME\=ReactNativeDependencies
    export PRODUCT_NAME\=ReactNativeDependencies
    export PRODUCT_SETTINGS_PATH\=
    export PROFILING_CODE\=NO
    export PROJECT\=Pods
    export PROJECT_DERIVED_FILE_DIR\=/Users/vinay/Library/Developer/Xcode/DerivedData/FindFood-ceewejdexqlrirddbceaqvuunhkx/Build/Intermediates.noindex/Pods.build/DerivedSources
    export PROJECT_DIR\=/Users/vinay/Documents/Github/FindFood/FindFood/FindFood-FE/ios/Pods
    export PROJECT_FILE_PATH\=/Users/vinay/Documents/Github/FindFood/FindFood/FindFood-FE/ios/Pods/Pods.xcodeproj
    export PROJECT_GUID\=8699adb1dd336b26511df848a716bd42
    export PROJECT_NAME\=Pods
    export PROJECT_TEMP_DIR\=/Users/vinay/Library/Developer/Xcode/DerivedData/FindFood-ceewejdexqlrirddbceaqvuunhkx/Build/Intermediates.noindex/Pods.build
    export PROJECT_TEMP_ROOT\=/Users/vinay/Library/Developer/Xcode/DerivedData/FindFood-ceewejdexqlrirddbceaqvuunhkx/Build/Intermediates.noindex
    export REACT_NATIVE_PATH\=/Users/vinay/Documents/Github/FindFood/FindFood/FindFood-FE/ios/Pods/../../node_modules/react-native
    export RECOMMENDED_IPHONEOS_DEPLOYMENT_TARGET\=15.0
    export RECURSIVE_SEARCH_PATHS_FOLLOW_SYMLINKS\=YES
    export REMOVE_CVS_FROM_RESOURCES\=YES
    export REMOVE_GIT_FROM_RESOURCES\=YES
    export REMOVE_HEADERS_FROM_EMBEDDED_BUNDLES\=YES
    export REMOVE_HG_FROM_RESOURCES\=YES
    export REMOVE_STATIC_EXECUTABLES_FROM_EMBEDDED_BUNDLES\=YES
    export REMOVE_SVN_FROM_RESOURCES\=YES
    export RESCHEDULE_INDEPENDENT_HEADERS_PHASES\=YES
    export REZ_COLLECTOR_DIR\=/Users/vinay/Library/Developer/Xcode/DerivedData/FindFood-ceewejdexqlrirddbceaqvuunhkx/Build/Intermediates.noindex/Pods.build/Debug-iphonesimulator/ReactNativeDependencies.build/ResourceManagerResources
    export REZ_OBJECTS_DIR\=/Users/vinay/Library/Developer/Xcode/DerivedData/FindFood-ceewejdexqlrirddbceaqvuunhkx/Build/Intermediates.noindex/Pods.build/Debug-iphonesimulator/ReactNativeDependencies.build/ResourceManagerResources/Objects
    export RUNTIME_EXCEPTION_ALLOW_DYLD_ENVIRONMENT_VARIABLES\=NO
    export RUNTIME_EXCEPTION_ALLOW_JIT\=NO
    export RUNTIME_EXCEPTION_ALLOW_UNSIGNED_EXECUTABLE_MEMORY\=NO
    export RUNTIME_EXCEPTION_DEBUGGING_TOOL\=NO
    export RUNTIME_EXCEPTION_DISABLE_EXECUTABLE_PAGE_PROTECTION\=NO
    export RUNTIME_EXCEPTION_DISABLE_LIBRARY_VALIDATION\=NO
    export SCAN_ALL_SOURCE_FILES_FOR_INCLUDES\=NO
    export SCRIPT_INPUT_FILE_COUNT\=0
    export SCRIPT_INPUT_FILE_LIST_COUNT\=0
    export SCRIPT_OUTPUT_FILE_COUNT\=0
    export SCRIPT_OUTPUT_FILE_LIST_COUNT\=0
    export SDKROOT\=/Applications/Xcode.app/Contents/Developer/Platforms/iPhoneSimulator.platform/Developer/SDKs/iPhoneSimulator26.2.sdk
    export SDK_DIR\=/Applications/Xcode.app/Contents/Developer/Platforms/iPhoneSimulator.platform/Developer/SDKs/iPhoneSimulator26.2.sdk
    export SDK_DIR_iphonesimulator\=/Applications/Xcode.app/Contents/Developer/Platforms/iPhoneSimulator.platform/Developer/SDKs/iPhoneSimulator26.2.sdk
    export SDK_DIR_iphonesimulator26_2\=/Applications/Xcode.app/Contents/Developer/Platforms/iPhoneSimulator.platform/Developer/SDKs/iPhoneSimulator26.2.sdk
    export SDK_NAME\=iphonesimulator26.2
    export SDK_NAMES\=iphonesimulator26.2
    export SDK_PRODUCT_BUILD_VERSION\=23C53
    export SDK_STAT_CACHE_DIR\=/Users/vinay/Library/Developer/Xcode/DerivedData
    export SDK_STAT_CACHE_ENABLE\=YES
    export SDK_STAT_CACHE_PATH\=/Users/vinay/Library/Developer/Xcode/DerivedData/SDKStatCaches.noindex/iphonesimulator26.2-23C53-7d00a8b37fbd7999ea79df8ebc024bf0.sdkstatcache
    export SDK_VERSION\=26.2
    export SDK_VERSION_ACTUAL\=260200
    export SDK_VERSION_MAJOR\=260000
    export SDK_VERSION_MINOR\=260200
    export SED\=/usr/bin/sed
    export SEPARATE_STRIP\=NO
    export SEPARATE_SYMBOL_EDIT\=NO
    export SET_DIR_MODE_OWNER_GROUP\=YES
    export SET_FILE_MODE_OWNER_GROUP\=NO
    export SHALLOW_BUNDLE\=NO
    export SHARED_DERIVED_FILE_DIR\=/Users/vinay/Library/Developer/Xcode/DerivedData/FindFood-ceewejdexqlrirddbceaqvuunhkx/Build/Products/Debug-iphonesimulator/ReactNativeDependencies/DerivedSources
    export SHARED_PRECOMPS_DIR\=/Users/vinay/Library/Developer/Xcode/DerivedData/FindFood-ceewejdexqlrirddbceaqvuunhkx/Build/Intermediates.noindex/PrecompiledHeaders
    export SKIP_INSTALL\=YES
    export SOURCE_ROOT\=/Users/vinay/Documents/Github/FindFood/FindFood/FindFood-FE/ios/Pods
    export SRCROOT\=/Users/vinay/Documents/Github/FindFood/FindFood/FindFood-FE/ios/Pods
    export STRINGSDATA_DIR\=/Users/vinay/Library/Developer/Xcode/DerivedData/FindFood-ceewejdexqlrirddbceaqvuunhkx/Build/Intermediates.noindex/Pods.build/Debug-iphonesimulator/ReactNativeDependencies.build/Objects-normal/undefined_arch
    export STRINGSDATA_ROOT\=/Users/vinay/Library/Developer/Xcode/DerivedData/FindFood-ceewejdexqlrirddbceaqvuunhkx/Build/Intermediates.noindex/Pods.build/Debug-iphonesimulator/ReactNativeDependencies.build
    export STRINGS_FILE_INFOPLIST_RENAME\=YES
    export STRINGS_FILE_OUTPUT_ENCODING\=binary
    export STRING_CATALOG_GENERATE_SYMBOLS\=NO
    export STRIP_BITCODE_FROM_COPIED_FILES\=NO
    export STRIP_INSTALLED_PRODUCT\=NO
    export STRIP_STYLE\=all
    export STRIP_SWIFT_SYMBOLS\=YES
    export SUPPORTED_DEVICE_FAMILIES\=1,2
    export SUPPORTED_PLATFORMS\=iphoneos\ iphonesimulator
    export SUPPORTS_TEXT_BASED_API\=NO
    export SUPPRESS_WARNINGS\=NO
    export SWIFT_ACTIVE_COMPILATION_CONDITIONS\=\ DEBUG
    export SWIFT_EMIT_CONST_VALUE_PROTOCOLS\=AppIntent\ EntityQuery\ AppEntity\ TransientEntity\ AppEnum\ AppShortcutProviding\ AppShortcutsProvider\ AnyResolverProviding\ AppIntentsPackage\ DynamicOptionsProvider\ _IntentValueRepresentable\ _AssistantIntentsProvider\ _GenerativeFunctionExtractable\ IntentValueQuery\ Resolver\ AppExtension\ ExtensionPointDefining
    export SWIFT_EMIT_LOC_STRINGS\=NO
    export SWIFT_ENABLE_EXPLICIT_MODULES\=NO
    export SWIFT_OPTIMIZATION_LEVEL\=-Onone
    export SWIFT_PLATFORM_TARGET_PREFIX\=ios
    export SWIFT_RESPONSE_FILE_PATH_normal_arm64\=/Users/vinay/Library/Developer/Xcode/DerivedData/FindFood-ceewejdexqlrirddbceaqvuunhkx/Build/Intermediates.noindex/Pods.build/Debug-iphonesimulator/ReactNativeDependencies.build/Objects-normal/arm64/ReactNativeDependencies.SwiftFileList
    export SWIFT_VERSION\=5.0
    export SYMROOT\=/Users/vinay/Library/Developer/Xcode/DerivedData/FindFood-ceewejdexqlrirddbceaqvuunhkx/Build/Products
    export SYSTEM_ADMIN_APPS_DIR\=/Applications/Utilities
    export SYSTEM_APPS_DIR\=/Applications
    export SYSTEM_CORE_SERVICES_DIR\=/System/Library/CoreServices
    export SYSTEM_DEMOS_DIR\=/Applications/Extras
    export SYSTEM_DEVELOPER_APPS_DIR\=/Applications/Xcode.app/Contents/Developer/Applications
    export SYSTEM_DEVELOPER_BIN_DIR\=/Applications/Xcode.app/Contents/Developer/usr/bin
    export SYSTEM_DEVELOPER_DEMOS_DIR\=/Applications/Xcode.app/Contents/Developer/Applications/Utilities/Built\ Examples
    export SYSTEM_DEVELOPER_DIR\=/Applications/Xcode.app/Contents/Developer
    export SYSTEM_DEVELOPER_DOC_DIR\=/Applications/Xcode.app/Contents/Developer/ADC\ Reference\ Library
    export SYSTEM_DEVELOPER_GRAPHICS_TOOLS_DIR\=/Applications/Xcode.app/Contents/Developer/Applications/Graphics\ Tools
    export SYSTEM_DEVELOPER_JAVA_TOOLS_DIR\=/Applications/Xcode.app/Contents/Developer/Applications/Java\ Tools
    export SYSTEM_DEVELOPER_PERFORMANCE_TOOLS_DIR\=/Applications/Xcode.app/Contents/Developer/Applications/Performance\ Tools
    export SYSTEM_DEVELOPER_RELEASENOTES_DIR\=/Applications/Xcode.app/Contents/Developer/ADC\ Reference\ Library/releasenotes
    export SYSTEM_DEVELOPER_TOOLS\=/Applications/Xcode.app/Contents/Developer/Tools
    export SYSTEM_DEVELOPER_TOOLS_DOC_DIR\=/Applications/Xcode.app/Contents/Developer/ADC\ Reference\ Library/documentation/DeveloperTools
    export SYSTEM_DEVELOPER_TOOLS_RELEASENOTES_DIR\=/Applications/Xcode.app/Contents/Developer/ADC\ Reference\ Library/releasenotes/DeveloperTools
    export SYSTEM_DEVELOPER_USR_DIR\=/Applications/Xcode.app/Contents/Developer/usr
    export SYSTEM_DEVELOPER_UTILITIES_DIR\=/Applications/Xcode.app/Contents/Developer/Applications/Utilities
    export SYSTEM_DEXT_INSTALL_PATH\=/System/Library/DriverExtensions
    export SYSTEM_DOCUMENTATION_DIR\=/Library/Documentation
    export SYSTEM_KEXT_INSTALL_PATH\=/System/Library/Extensions
    export SYSTEM_LIBRARY_DIR\=/System/Library
    export TAPI_DEMANGLE\=YES
    export TAPI_ENABLE_PROJECT_HEADERS\=NO
    export TAPI_LANGUAGE\=objective-c
    export TAPI_LANGUAGE_STANDARD\=compiler-default
    export TAPI_USE_SRCROOT\=YES
    export TAPI_VERIFY_MODE\=Pedantic
    export TARGETED_DEVICE_FAMILY\=1,2
    export TARGETNAME\=ReactNativeDependencies
    export TARGET_BUILD_DIR\=/Users/vinay/Library/Developer/Xcode/DerivedData/FindFood-ceewejdexqlrirddbceaqvuunhkx/Build/Products/Debug-iphonesimulator/ReactNativeDependencies
    export TARGET_DEVICE_IDENTIFIER\=3C87BD02-CE09-4166-8EA9-2E43247858B8
    export TARGET_DEVICE_MODEL\=iPhone18,1
    export TARGET_DEVICE_OS_VERSION\=26.2
    export TARGET_DEVICE_PLATFORM_NAME\=iphonesimulator
    export TARGET_NAME\=ReactNativeDependencies
    export TARGET_TEMP_DIR\=/Users/vinay/Library/Developer/Xcode/DerivedData/FindFood-ceewejdexqlrirddbceaqvuunhkx/Build/Intermediates.noindex/Pods.build/Debug-iphonesimulator/ReactNativeDependencies.build
    export TEMP_DIR\=/Users/vinay/Library/Developer/Xcode/DerivedData/FindFood-ceewejdexqlrirddbceaqvuunhkx/Build/Intermediates.noindex/Pods.build/Debug-iphonesimulator/ReactNativeDependencies.build
    export TEMP_FILES_DIR\=/Users/vinay/Library/Developer/Xcode/DerivedData/FindFood-ceewejdexqlrirddbceaqvuunhkx/Build/Intermediates.noindex/Pods.build/Debug-iphonesimulator/ReactNativeDependencies.build
    export TEMP_FILE_DIR\=/Users/vinay/Library/Developer/Xcode/DerivedData/FindFood-ceewejdexqlrirddbceaqvuunhkx/Build/Intermediates.noindex/Pods.build/Debug-iphonesimulator/ReactNativeDependencies.build
    export TEMP_ROOT\=/Users/vinay/Library/Developer/Xcode/DerivedData/FindFood-ceewejdexqlrirddbceaqvuunhkx/Build/Intermediates.noindex
    export TEMP_SANDBOX_DIR\=/Users/vinay/Library/Developer/Xcode/DerivedData/FindFood-ceewejdexqlrirddbceaqvuunhkx/Build/Intermediates.noindex/TemporaryTaskSandboxes
    export TEST_FRAMEWORK_SEARCH_PATHS\=\ /Applications/Xcode.app/Contents/Developer/Platforms/iPhoneSimulator.platform/Developer/Library/Frameworks\ /Applications/Xcode.app/Contents/Developer/Platforms/iPhoneSimulator.platform/Developer/SDKs/iPhoneSimulator26.2.sdk/Developer/Library/Frameworks
    export TEST_LIBRARY_SEARCH_PATHS\=\ /Applications/Xcode.app/Contents/Developer/Platforms/iPhoneSimulator.platform/Developer/usr/lib
    export TOOLCHAINS\=com.apple.dt.toolchain.XcodeDefault
    export TOOLCHAIN_DIR\=/Applications/Xcode.app/Contents/Developer/Toolchains/XcodeDefault.xctoolchain
    export TREAT_MISSING_BASELINES_AS_TEST_FAILURES\=NO
    export TREAT_MISSING_SCRIPT_PHASE_OUTPUTS_AS_ERRORS\=NO
    export UID\=501
    export UNINSTALLED_PRODUCTS_DIR\=/Users/vinay/Library/Developer/Xcode/DerivedData/FindFood-ceewejdexqlrirddbceaqvuunhkx/Build/Intermediates.noindex/UninstalledProducts
    export UNSTRIPPED_PRODUCT\=NO
    export USER\=vinay
    export USER_APPS_DIR\=/Users/vinay/Applications
    export USER_LIBRARY_DIR\=/Users/vinay/Library
    export USE_DYNAMIC_NO_PIC\=YES
    export USE_HEADERMAP\=YES
    export USE_HEADER_SYMLINKS\=NO
    export USE_HERMES\=true
    export USE_RECURSIVE_SCRIPT_INPUTS_IN_SCRIPT_PHASES\=YES
    export VALIDATE_DEVELOPMENT_ASSET_PATHS\=YES_ERROR
    export VALIDATE_PRODUCT\=NO
    export VALID_ARCHS\=arm64\ x86_64
    export VERBOSE_PBXCP\=NO
    export VERSION_INFO_BUILDER\=vinay
    export VERSION_INFO_FILE\=ReactNativeDependencies_vers.c
    export VERSION_INFO_STRING\=\"@\(\#\)PROGRAM:ReactNativeDependencies\ \ PROJECT:Pods-\"
    export WORKSPACE_DIR\=/Users/vinay/Documents/Github/FindFood/FindFood/FindFood-FE/ios
    export WRAP_ASSET_PACKS_IN_SEPARATE_DIRECTORIES\=NO
    export XCODE_APP_SUPPORT_DIR\=/Applications/Xcode.app/Contents/Developer/Library/Xcode
    export XCODE_PRODUCT_BUILD_VERSION\=17C52
    export XCODE_VERSION_ACTUAL\=2620
    export XCODE_VERSION_MAJOR\=2600
    export XCODE_VERSION_MINOR\=2620
    export XPCSERVICES_FOLDER_PATH\=/XPCServices
    export YACC\=yacc
    export _DISCOVER_COMMAND_LINE_LINKER_INPUTS\=YES
    export _DISCOVER_COMMAND_LINE_LINKER_INPUTS_INCLUDE_WL\=YES
    export _LD_MULTIARCH\=YES
    export __DIAGNOSE_DEPRECATED_ARCHS\=YES
    export arch\=undefined_arch
    export variant\=normal
    /bin/sh -c /Users/vinay/Library/Developer/Xcode/DerivedData/FindFood-ceewejdexqlrirddbceaqvuunhkx/Build/Intermediates.noindex/Pods.build/Debug-iphonesimulator/ReactNativeDependencies.build/Script-46EB2E00020E80.sh
Node found at: /Users/vinay/.nvm/versions/node/v22.20.0/bin/node
No previous build detected, but Debug Configuration. No need to replace RNDeps

ProcessInfoPlistFile /Users/vinay/Library/Developer/Xcode/DerivedData/FindFood-ceewejdexqlrirddbceaqvuunhkx/Build/Products/Debug-iphonesimulator/PromisesObjC/FBLPromises_Privacy.bundle/Info.plist /Users/vinay/Documents/Github/FindFood/FindFood/FindFood-FE/ios/Pods/Target\ Support\ Files/PromisesObjC/ResourceBundle-FBLPromises_Privacy-PromisesObjC-Info.plist (in target 'PromisesObjC-FBLPromises_Privacy' from project 'Pods')
    cd /Users/vinay/Documents/Github/FindFood/FindFood/FindFood-FE/ios/Pods
    builtin-infoPlistUtility /Users/vinay/Documents/Github/FindFood/FindFood/FindFood-FE/ios/Pods/Target\ Support\ Files/PromisesObjC/ResourceBundle-FBLPromises_Privacy-PromisesObjC-Info.plist -producttype com.apple.product-type.bundle -expandbuildsettings -format binary -platform iphonesimulator -o /Users/vinay/Library/Developer/Xcode/DerivedData/FindFood-ceewejdexqlrirddbceaqvuunhkx/Build/Products/Debug-iphonesimulator/PromisesObjC/FBLPromises_Privacy.bundle/Info.plist

ProcessInfoPlistFile /Users/vinay/Library/Developer/Xcode/DerivedData/FindFood-ceewejdexqlrirddbceaqvuunhkx/Build/Products/Debug-iphonesimulator/GoogleUtilities/GoogleUtilities_Privacy.bundle/Info.plist /Users/vinay/Documents/Github/FindFood/FindFood/FindFood-FE/ios/Pods/Target\ Support\ Files/GoogleUtilities/ResourceBundle-GoogleUtilities_Privacy-GoogleUtilities-Info.plist (in target 'GoogleUtilities-GoogleUtilities_Privacy' from project 'Pods')
    cd /Users/vinay/Documents/Github/FindFood/FindFood/FindFood-FE/ios/Pods
    builtin-infoPlistUtility /Users/vinay/Documents/Github/FindFood/FindFood/FindFood-FE/ios/Pods/Target\ Support\ Files/GoogleUtilities/ResourceBundle-GoogleUtilities_Privacy-GoogleUtilities-Info.plist -producttype com.apple.product-type.bundle -expandbuildsettings -format binary -platform iphonesimulator -o /Users/vinay/Library/Developer/Xcode/DerivedData/FindFood-ceewejdexqlrirddbceaqvuunhkx/Build/Products/Debug-iphonesimulator/GoogleUtilities/GoogleUtilities_Privacy.bundle/Info.plist

ProcessInfoPlistFile /Users/vinay/Library/Developer/Xcode/DerivedData/FindFood-ceewejdexqlrirddbceaqvuunhkx/Build/Products/Debug-iphonesimulator/GTMSessionFetcher/GTMSessionFetcher_Core_Privacy.bundle/Info.plist /Users/vinay/Documents/Github/FindFood/FindFood/FindFood-FE/ios/Pods/Target\ Support\ Files/GTMSessionFetcher/ResourceBundle-GTMSessionFetcher_Core_Privacy-GTMSessionFetcher-Info.plist (in target 'GTMSessionFetcher-GTMSessionFetcher_Core_Privacy' from project 'Pods')
    cd /Users/vinay/Documents/Github/FindFood/FindFood/FindFood-FE/ios/Pods
    builtin-infoPlistUtility /Users/vinay/Documents/Github/FindFood/FindFood/FindFood-FE/ios/Pods/Target\ Support\ Files/GTMSessionFetcher/ResourceBundle-GTMSessionFetcher_Core_Privacy-GTMSessionFetcher-Info.plist -producttype com.apple.product-type.bundle -expandbuildsettings -format binary -platform iphonesimulator -o /Users/vinay/Library/Developer/Xcode/DerivedData/FindFood-ceewejdexqlrirddbceaqvuunhkx/Build/Products/Debug-iphonesimulator/GTMSessionFetcher/GTMSessionFetcher_Core_Privacy.bundle/Info.plist

ProcessInfoPlistFile /Users/vinay/Library/Developer/Xcode/DerivedData/FindFood-ceewejdexqlrirddbceaqvuunhkx/Build/Products/Debug-iphonesimulator/AppAuth/AppAuthCore_Privacy.bundle/Info.plist /Users/vinay/Documents/Github/FindFood/FindFood/FindFood-FE/ios/Pods/Target\ Support\ Files/AppAuth/ResourceBundle-AppAuthCore_Privacy-AppAuth-Info.plist (in target 'AppAuth-AppAuthCore_Privacy' from project 'Pods')
    cd /Users/vinay/Documents/Github/FindFood/FindFood/FindFood-FE/ios/Pods
    builtin-infoPlistUtility /Users/vinay/Documents/Github/FindFood/FindFood/FindFood-FE/ios/Pods/Target\ Support\ Files/AppAuth/ResourceBundle-AppAuthCore_Privacy-AppAuth-Info.plist -producttype com.apple.product-type.bundle -expandbuildsettings -format binary -platform iphonesimulator -o /Users/vinay/Library/Developer/Xcode/DerivedData/FindFood-ceewejdexqlrirddbceaqvuunhkx/Build/Products/Debug-iphonesimulator/AppAuth/AppAuthCore_Privacy.bundle/Info.plist

note: Run script build phase '[CP-User] [RNDeps] Replace React Native Core for the right configuration, if needed' will be run during every build because the option to run the script phase "Based on dependency analysis" is unchecked. (in target 'React-Core-prebuilt' from project 'Pods')
PhaseScriptExecution [CP-User]\ [RNDeps]\ Replace\ React\ Native\ Core\ for\ the\ right\ configuration,\ if\ needed /Users/vinay/Library/Developer/Xcode/DerivedData/FindFood-ceewejdexqlrirddbceaqvuunhkx/Build/Intermediates.noindex/Pods.build/Debug-iphonesimulator/React-Core-prebuilt.build/Script-46EB2E00020E40.sh (in target 'React-Core-prebuilt' from project 'Pods')
    cd /Users/vinay/Documents/Github/FindFood/FindFood/FindFood-FE/ios/Pods
    export ACTION\=build
    export AD_HOC_CODE_SIGNING_ALLOWED\=YES
    export ALLOW_BUILD_REQUEST_OVERRIDES\=NO
    export ALLOW_TARGET_PLATFORM_SPECIALIZATION\=NO
    export ALTERNATE_GROUP\=staff
    export ALTERNATE_MODE\=u+w,go-w,a+rX
    export ALTERNATE_OWNER\=vinay
    export ALTERNATIVE_DISTRIBUTION_WEB\=NO
    export ALWAYS_EMBED_SWIFT_STANDARD_LIBRARIES\=NO
    export ALWAYS_SEARCH_USER_PATHS\=NO
    export ALWAYS_USE_SEPARATE_HEADERMAPS\=NO
    export APPLICATION_EXTENSION_API_ONLY\=NO
    export APPLY_RULES_IN_COPY_FILES\=NO
    export APPLY_RULES_IN_COPY_HEADERS\=NO
    export APP_SHORTCUTS_ENABLE_FLEXIBLE_MATCHING\=YES
    export ARCHS\=arm64
    export ARCHS_STANDARD\=arm64\ x86_64
    export ARCHS_STANDARD_32_64_BIT\=arm64\ x86_64
    export ARCHS_STANDARD_64_BIT\=arm64\ x86_64
    export ARCHS_STANDARD_INCLUDING_64_BIT\=arm64\ x86_64
    export ARCHS_UNIVERSAL_IPHONE_OS\=arm64\ x86_64
    export ASSETCATALOG_COMPILER_APPICON_NAME\=AppIcon
    export ASSETCATALOG_COMPILER_GLOBAL_ACCENT_COLOR_NAME\=AccentColor
    export ASSETCATALOG_FILTER_FOR_DEVICE_MODEL\=iPhone18,1
    export ASSETCATALOG_FILTER_FOR_DEVICE_OS_VERSION\=26.2
    export ASSETCATALOG_FILTER_FOR_THINNING_DEVICE_CONFIGURATION\=iPhone18,1
    export AUTOMATICALLY_MERGE_DEPENDENCIES\=NO
    export AUTOMATION_APPLE_EVENTS\=NO
    export AVAILABLE_PLATFORMS\=android\ appletvos\ appletvsimulator\ driverkit\ iphoneos\ iphonesimulator\ macosx\ qnx\ watchos\ watchsimulator\ webassembly\ xros\ xrsimulator
    export BUILD_ACTIVE_RESOURCES_ONLY\=YES
    export BUILD_COMPONENTS\=headers\ build
    export BUILD_DIR\=/Users/vinay/Library/Developer/Xcode/DerivedData/FindFood-ceewejdexqlrirddbceaqvuunhkx/Build/Products
    export BUILD_LIBRARY_FOR_DISTRIBUTION\=NO
    export BUILD_ROOT\=/Users/vinay/Library/Developer/Xcode/DerivedData/FindFood-ceewejdexqlrirddbceaqvuunhkx/Build/Products
    export BUILD_STYLE\=
    export BUILD_VARIANTS\=normal
    export BUILT_PRODUCTS_DIR\=/Users/vinay/Library/Developer/Xcode/DerivedData/FindFood-ceewejdexqlrirddbceaqvuunhkx/Build/Products/Debug-iphonesimulator/React-Core-prebuilt
    export BUNDLE_CONTENTS_FOLDER_PATH_deep\=Contents/
    export BUNDLE_EXECUTABLE_FOLDER_NAME_deep\=MacOS
    export BUNDLE_EXTENSIONS_FOLDER_PATH\=Extensions
    export BUNDLE_FORMAT\=shallow
    export BUNDLE_FRAMEWORKS_FOLDER_PATH\=Frameworks
    export BUNDLE_PLUGINS_FOLDER_PATH\=PlugIns
    export BUNDLE_PRIVATE_HEADERS_FOLDER_PATH\=PrivateHeaders
    export BUNDLE_PUBLIC_HEADERS_FOLDER_PATH\=Headers
    export CACHE_ROOT\=/var/folders/06/_s174lw542d0bq70l6m4_t8r0000gn/C/com.apple.DeveloperTools/26.2-17C52/Xcode
    export CCHROOT\=/var/folders/06/_s174lw542d0bq70l6m4_t8r0000gn/C/com.apple.DeveloperTools/26.2-17C52/Xcode
    export CHMOD\=/bin/chmod
    export CHOWN\=/usr/sbin/chown
    export CLANG_ANALYZER_LOCALIZABILITY_NONLOCALIZED\=YES
    export CLANG_ANALYZER_NONNULL\=YES
    export CLANG_ANALYZER_NUMBER_OBJECT_CONVERSION\=YES_AGGRESSIVE
    export CLANG_CACHE_FINE_GRAINED_OUTPUTS\=YES
    export CLANG_CXX_LANGUAGE_STANDARD\=c++20
    export CLANG_CXX_LIBRARY\=libc++
    export CLANG_ENABLE_EXPLICIT_MODULES\=YES
    export CLANG_ENABLE_MODULES\=YES
    export CLANG_ENABLE_OBJC_ARC\=YES
    export CLANG_ENABLE_OBJC_WEAK\=NO
    export CLANG_MODULES_BUILD_SESSION_FILE\=/Users/vinay/Library/Developer/Xcode/DerivedData/ModuleCache.noindex/Session.modulevalidation
    export CLANG_WARN_BLOCK_CAPTURE_AUTORELEASING\=YES
    export CLANG_WARN_BOOL_CONVERSION\=YES
    export CLANG_WARN_COMMA\=YES
    export CLANG_WARN_CONSTANT_CONVERSION\=YES
    export CLANG_WARN_DEPRECATED_OBJC_IMPLEMENTATIONS\=YES
    export CLANG_WARN_DIRECT_OBJC_ISA_USAGE\=YES_ERROR
    export CLANG_WARN_DOCUMENTATION_COMMENTS\=YES
    export CLANG_WARN_EMPTY_BODY\=YES
    export CLANG_WARN_ENUM_CONVERSION\=YES
    export CLANG_WARN_INFINITE_RECURSION\=YES
    export CLANG_WARN_INT_CONVERSION\=YES
    export CLANG_WARN_NON_LITERAL_NULL_CONVERSION\=YES
    export CLANG_WARN_OBJC_IMPLICIT_RETAIN_SELF\=YES
    export CLANG_WARN_OBJC_LITERAL_CONVERSION\=YES
    export CLANG_WARN_OBJC_ROOT_CLASS\=YES_ERROR
    export CLANG_WARN_QUOTED_INCLUDE_IN_FRAMEWORK_HEADER\=NO
    export CLANG_WARN_RANGE_LOOP_ANALYSIS\=YES
    export CLANG_WARN_STRICT_PROTOTYPES\=YES
    export CLANG_WARN_SUSPICIOUS_MOVE\=YES
    export CLANG_WARN_UNGUARDED_AVAILABILITY\=YES_AGGRESSIVE
    export CLANG_WARN_UNREACHABLE_CODE\=YES
    export CLANG_WARN__DUPLICATE_METHOD_MATCH\=YES
    export CLASS_FILE_DIR\=/Users/vinay/Library/Developer/Xcode/DerivedData/FindFood-ceewejdexqlrirddbceaqvuunhkx/Build/Intermediates.noindex/Pods.build/Debug-iphonesimulator/React-Core-prebuilt.build/JavaClasses
    export CLEAN_PRECOMPS\=YES
    export CLONE_HEADERS\=NO
    export CODESIGNING_FOLDER_PATH\=/Users/vinay/Library/Developer/Xcode/DerivedData/FindFood-ceewejdexqlrirddbceaqvuunhkx/Build/Products/Debug-iphonesimulator/React-Core-prebuilt/
    export CODE_SIGNING_ALLOWED\=NO
    export CODE_SIGNING_REQUIRED\=YES
    export CODE_SIGN_CONTEXT_CLASS\=XCiPhoneSimulatorCodeSignContext
    export CODE_SIGN_IDENTITY\=-
    export CODE_SIGN_INJECT_BASE_ENTITLEMENTS\=YES
    export COLOR_DIAGNOSTICS\=NO
    export COMBINE_HIDPI_IMAGES\=NO
    export COMPILATION_CACHE_CAS_PATH\=/Users/vinay/Library/Developer/Xcode/DerivedData/CompilationCache.noindex
    export COMPILATION_CACHE_KEEP_CAS_DIRECTORY\=YES
    export COMPILER_INDEX_STORE_ENABLE\=Default
    export COMPOSITE_SDK_DIRS\=/Users/vinay/Library/Developer/Xcode/DerivedData/FindFood-ceewejdexqlrirddbceaqvuunhkx/Build/Intermediates.noindex/CompositeSDKs
    export COMPRESS_PNG_FILES\=YES
    export CONFIGURATION\=Debug
    export CONFIGURATION_BUILD_DIR\=/Users/vinay/Library/Developer/Xcode/DerivedData/FindFood-ceewejdexqlrirddbceaqvuunhkx/Build/Products/Debug-iphonesimulator/React-Core-prebuilt
    export CONFIGURATION_TEMP_DIR\=/Users/vinay/Library/Developer/Xcode/DerivedData/FindFood-ceewejdexqlrirddbceaqvuunhkx/Build/Intermediates.noindex/Pods.build/Debug-iphonesimulator
    export COPYING_PRESERVES_HFS_DATA\=NO
    export COPY_HEADERS_RUN_UNIFDEF\=NO
    export COPY_PHASE_STRIP\=NO
    export CORRESPONDING_DEVICE_PLATFORM_DIR\=/Applications/Xcode.app/Contents/Developer/Platforms/iPhoneOS.platform
    export CORRESPONDING_DEVICE_PLATFORM_NAME\=iphoneos
    export CORRESPONDING_DEVICE_SDK_DIR\=/Applications/Xcode.app/Contents/Developer/Platforms/iPhoneOS.platform/Developer/SDKs/iPhoneOS26.2.sdk
    export CORRESPONDING_DEVICE_SDK_NAME\=iphoneos26.2
    export CP\=/bin/cp
    export CREATE_INFOPLIST_SECTION_IN_BINARY\=NO
    export CURRENT_ARCH\=undefined_arch
    export CURRENT_VARIANT\=normal
    export DEAD_CODE_STRIPPING\=YES
    export DEBUGGING_SYMBOLS\=YES
    export DEBUG_INFORMATION_FORMAT\=dwarf
    export DEBUG_INFORMATION_VERSION\=compiler-default
    export DEFAULT_COMPILER\=com.apple.compilers.llvm.clang.1_0
    export DEFAULT_DEXT_INSTALL_PATH\=/System/Library/DriverExtensions
    export DEFAULT_KEXT_INSTALL_PATH\=/System/Library/Extensions
    export DEFINES_MODULE\=NO
    export DEPLOYMENT_LOCATION\=NO
    export DEPLOYMENT_POSTPROCESSING\=NO
    export DEPLOYMENT_TARGET_SETTING_NAME\=IPHONEOS_DEPLOYMENT_TARGET
    export DEPLOYMENT_TARGET_SUGGESTED_VALUES\=12.0\ 12.1\ 12.2\ 12.3\ 12.4\ 13.0\ 13.1\ 13.2\ 13.3\ 13.4\ 13.5\ 13.6\ 14.0\ 14.1\ 14.2\ 14.3\ 14.4\ 14.5\ 14.6\ 14.7\ 15.0\ 15.1\ 15.2\ 15.3\ 15.4\ 15.5\ 15.6\ 16.0\ 16.1\ 16.2\ 16.3\ 16.4\ 16.5\ 16.6\ 17.0\ 17.1\ 17.2\ 17.3\ 17.4\ 17.5\ 17.6\ 18.0\ 18.1\ 18.2\ 18.3\ 18.4\ 18.5\ 18.6\ 26.0\ 26.1\ 26.2
    export DERIVED_FILES_DIR\=/Users/vinay/Library/Developer/Xcode/DerivedData/FindFood-ceewejdexqlrirddbceaqvuunhkx/Build/Intermediates.noindex/Pods.build/Debug-iphonesimulator/React-Core-prebuilt.build/DerivedSources
    export DERIVED_FILE_DIR\=/Users/vinay/Library/Developer/Xcode/DerivedData/FindFood-ceewejdexqlrirddbceaqvuunhkx/Build/Intermediates.noindex/Pods.build/Debug-iphonesimulator/React-Core-prebuilt.build/DerivedSources
    export DERIVED_SOURCES_DIR\=/Users/vinay/Library/Developer/Xcode/DerivedData/FindFood-ceewejdexqlrirddbceaqvuunhkx/Build/Intermediates.noindex/Pods.build/Debug-iphonesimulator/React-Core-prebuilt.build/DerivedSources
    export DEVELOPER_APPLICATIONS_DIR\=/Applications/Xcode.app/Contents/Developer/Applications
    export DEVELOPER_BIN_DIR\=/Applications/Xcode.app/Contents/Developer/usr/bin
    export DEVELOPER_DIR\=/Applications/Xcode.app/Contents/Developer
    export DEVELOPER_FRAMEWORKS_DIR\=/Applications/Xcode.app/Contents/Developer/Library/Frameworks
    export DEVELOPER_FRAMEWORKS_DIR_QUOTED\=/Applications/Xcode.app/Contents/Developer/Library/Frameworks
    export DEVELOPER_LIBRARY_DIR\=/Applications/Xcode.app/Contents/Developer/Library
    export DEVELOPER_SDK_DIR\=/Applications/Xcode.app/Contents/Developer/Platforms/MacOSX.platform/Developer/SDKs
    export DEVELOPER_TOOLS_DIR\=/Applications/Xcode.app/Contents/Developer/Tools
    export DEVELOPER_USR_DIR\=/Applications/Xcode.app/Contents/Developer/usr
    export DEVELOPMENT_LANGUAGE\=en
    export DIAGNOSE_MISSING_TARGET_DEPENDENCIES\=YES
    export DIFF\=/usr/bin/diff
    export DONT_GENERATE_INFOPLIST_FILE\=NO
    export DSTROOT\=/tmp/Pods.dst
    export DT_TOOLCHAIN_DIR\=/Applications/Xcode.app/Contents/Developer/Toolchains/XcodeDefault.xctoolchain
    export DWARF_DSYM_FILE_NAME\=.dSYM
    export DWARF_DSYM_FILE_SHOULD_ACCOMPANY_PRODUCT\=NO
    export DWARF_DSYM_FOLDER_PATH\=/Users/vinay/Library/Developer/Xcode/DerivedData/FindFood-ceewejdexqlrirddbceaqvuunhkx/Build/Products/Debug-iphonesimulator/React-Core-prebuilt
    export DYNAMIC_LIBRARY_EXTENSION\=dylib
    export EAGER_COMPILATION_ALLOW_SCRIPTS\=NO
    export EAGER_LINKING\=NO
    export EFFECTIVE_PLATFORM_NAME\=-iphonesimulator
    export EMBEDDED_CONTENT_CONTAINS_SWIFT\=NO
    export EMBED_ASSET_PACKS_IN_PRODUCT_BUNDLE\=NO
    export ENABLE_APP_SANDBOX\=NO
    export ENABLE_CODE_COVERAGE\=YES
    export ENABLE_CPLUSPLUS_BOUNDS_SAFE_BUFFERS\=NO
    export ENABLE_C_BOUNDS_SAFETY\=NO
    export ENABLE_DEFAULT_HEADER_SEARCH_PATHS\=YES
    export ENABLE_DEFAULT_SEARCH_PATHS\=YES
    export ENABLE_ENHANCED_SECURITY\=NO
    export ENABLE_HARDENED_RUNTIME\=NO
    export ENABLE_HEADER_DEPENDENCIES\=YES
    export ENABLE_INCOMING_NETWORK_CONNECTIONS\=NO
    export ENABLE_ON_DEMAND_RESOURCES\=NO
    export ENABLE_OUTGOING_NETWORK_CONNECTIONS\=NO
    export ENABLE_POINTER_AUTHENTICATION\=NO
    export ENABLE_PREVIEWS\=NO
    export ENABLE_RESOURCE_ACCESS_AUDIO_INPUT\=NO
    export ENABLE_RESOURCE_ACCESS_BLUETOOTH\=NO
    export ENABLE_RESOURCE_ACCESS_CALENDARS\=NO
    export ENABLE_RESOURCE_ACCESS_CAMERA\=NO
    export ENABLE_RESOURCE_ACCESS_CONTACTS\=NO
    export ENABLE_RESOURCE_ACCESS_LOCATION\=NO
    export ENABLE_RESOURCE_ACCESS_PHOTO_LIBRARY\=NO
    export ENABLE_RESOURCE_ACCESS_PRINTING\=NO
    export ENABLE_RESOURCE_ACCESS_USB\=NO
    export ENABLE_SDK_IMPORTS\=NO
    export ENABLE_SECURITY_COMPILER_WARNINGS\=NO
    export ENABLE_STRICT_OBJC_MSGSEND\=YES
    export ENABLE_TESTABILITY\=YES
    export ENABLE_TESTING_SEARCH_PATHS\=NO
    export ENABLE_USER_SCRIPT_SANDBOXING\=NO
    export ENABLE_XOJIT_PREVIEWS\=YES
    export ENFORCE_VALID_ARCHS\=YES
    export ENTITLEMENTS_DESTINATION\=__entitlements
    export ENTITLEMENTS_REQUIRED\=YES
    export EXCLUDED_INSTALLSRC_SUBDIRECTORY_PATTERNS\=.DS_Store\ .svn\ .git\ .hg\ CVS
    export EXCLUDED_RECURSIVE_SEARCH_PATH_SUBDIRECTORIES\=\*.nib\ \*.lproj\ \*.framework\ \*.gch\ \*.xcode\*\ \*.xcassets\ \*.icon\ \(\*\)\ .DS_Store\ CVS\ .svn\ .git\ .hg\ \*.pbproj\ \*.pbxproj
    export FILE_LIST\=/Users/vinay/Library/Developer/Xcode/DerivedData/FindFood-ceewejdexqlrirddbceaqvuunhkx/Build/Intermediates.noindex/Pods.build/Debug-iphonesimulator/React-Core-prebuilt.build/Objects/LinkFileList
    export FIXED_FILES_DIR\=/Users/vinay/Library/Developer/Xcode/DerivedData/FindFood-ceewejdexqlrirddbceaqvuunhkx/Build/Intermediates.noindex/Pods.build/Debug-iphonesimulator/React-Core-prebuilt.build/FixedFiles
    export FRAMEWORK_SEARCH_PATHS\=\ \"/Users/vinay/Documents/Github/FindFood/FindFood/FindFood-FE/ios/Pods/React-Core-prebuilt\"\ \"/Users/vinay/Documents/Github/FindFood/FindFood/FindFood-FE/ios/Pods/ReactNativeDependencies/framework/packages/react-native\"\ \"/Users/vinay/Library/Developer/Xcode/DerivedData/FindFood-ceewejdexqlrirddbceaqvuunhkx/Build/Products/Debug-iphonesimulator/XCFrameworkIntermediates/React-Core-prebuilt\"\ \"/Users/vinay/Library/Developer/Xcode/DerivedData/FindFood-ceewejdexqlrirddbceaqvuunhkx/Build/Products/Debug-iphonesimulator/XCFrameworkIntermediates/ReactNativeDependencies\"
    export FRAMEWORK_VERSION\=A
    export FUSE_BUILD_PHASES\=YES
    export FUSE_BUILD_SCRIPT_PHASES\=NO
    export GCC3_VERSION\=3.3
    export GCC_C_LANGUAGE_STANDARD\=gnu11
    export GCC_DYNAMIC_NO_PIC\=NO
    export GCC_NO_COMMON_BLOCKS\=YES
    export GCC_OBJC_LEGACY_DISPATCH\=YES
    export GCC_OPTIMIZATION_LEVEL\=0
    export GCC_PFE_FILE_C_DIALECTS\=c\ objective-c\ c++\ objective-c++
    export GCC_PREPROCESSOR_DEFINITIONS\=POD_CONFIGURATION_DEBUG\=1\ DEBUG\=1\ \ COCOAPODS\=1
    export GCC_TREAT_WARNINGS_AS_ERRORS\=NO
    export GCC_VERSION\=com.apple.compilers.llvm.clang.1_0
    export GCC_VERSION_IDENTIFIER\=com_apple_compilers_llvm_clang_1_0
    export GCC_WARN_64_TO_32_BIT_CONVERSION\=YES
    export GCC_WARN_ABOUT_RETURN_TYPE\=YES_ERROR
    export GCC_WARN_UNDECLARED_SELECTOR\=YES
    export GCC_WARN_UNINITIALIZED_AUTOS\=YES_AGGRESSIVE
    export GCC_WARN_UNUSED_FUNCTION\=YES
    export GCC_WARN_UNUSED_VARIABLE\=YES
    export GENERATED_MODULEMAP_DIR\=/Users/vinay/Library/Developer/Xcode/DerivedData/FindFood-ceewejdexqlrirddbceaqvuunhkx/Build/Intermediates.noindex/GeneratedModuleMaps-iphonesimulator
    export GENERATE_INFOPLIST_FILE\=NO
    export GENERATE_INTERMEDIATE_TEXT_BASED_STUBS\=YES
    export GENERATE_PKGINFO_FILE\=NO
    export GENERATE_PRELINK_OBJECT_FILE\=NO
    export GENERATE_PROFILING_CODE\=NO
    export GENERATE_TEXT_BASED_STUBS\=NO
    export GID\=20
    export GROUP\=staff
    export HEADERMAP_INCLUDES_FLAT_ENTRIES_FOR_TARGET_BEING_BUILT\=YES
    export HEADERMAP_INCLUDES_FRAMEWORK_ENTRIES_FOR_ALL_PRODUCT_TYPES\=YES
    export HEADERMAP_INCLUDES_FRAMEWORK_ENTRIES_FOR_TARGETS_NOT_BEING_BUILT\=YES
    export HEADERMAP_INCLUDES_NONPUBLIC_NONPRIVATE_HEADERS\=YES
    export HEADERMAP_INCLUDES_PROJECT_HEADERS\=YES
    export HEADERMAP_USES_FRAMEWORK_PREFIX_ENTRIES\=YES
    export HEADERMAP_USES_VFS\=NO
    export HEADER_SEARCH_PATHS\=\ \"/Users/vinay/Documents/Github/FindFood/FindFood/FindFood-FE/ios/Pods/Headers/Private\"\ \"/Users/vinay/Documents/Github/FindFood/FindFood/FindFood-FE/ios/Pods/Headers/Private/React-Core-prebuilt\"\ \"/Users/vinay/Documents/Github/FindFood/FindFood/FindFood-FE/ios/Pods/Headers/Public\"\ \"/Users/vinay/Documents/Github/FindFood/FindFood/FindFood-FE/ios/Pods/Headers/Public/React-Core-prebuilt\"\ \"/Users/vinay/Documents/Github/FindFood/FindFood/FindFood-FE/ios/Pods/Headers/Public/ReactNativeDependencies\"\ /Users/vinay/Documents/Github/FindFood/FindFood/FindFood-FE/ios/Pods/ReactNativeDependencies
    export HOME\=/Users/vinay
    export HOST_ARCH\=arm64
    export HOST_PLATFORM\=macosx
    export ICONV\=/usr/bin/iconv
    export IMPLICIT_DEPENDENCY_DOMAIN\=default
    export INFOPLIST_ENABLE_CFBUNDLEICONS_MERGE\=YES
    export INFOPLIST_EXPAND_BUILD_SETTINGS\=YES
    export INFOPLIST_OUTPUT_FORMAT\=binary
    export INFOPLIST_PREPROCESS\=NO
    export INLINE_PRIVATE_FRAMEWORKS\=NO
    export INSTALLAPI_IGNORE_SKIP_INSTALL\=YES
    export INSTALLHDRS_COPY_PHASE\=NO
    export INSTALLHDRS_SCRIPT_PHASE\=NO
    export INSTALL_DIR\=/tmp/Pods.dst
    export INSTALL_GROUP\=staff
    export INSTALL_MODE_FLAG\=u+w,go-w,a+rX
    export INSTALL_OWNER\=vinay
    export INSTALL_ROOT\=/tmp/Pods.dst
    export IPHONEOS_DEPLOYMENT_TARGET\=15.1
    export IS_UNOPTIMIZED_BUILD\=YES
    export JAVAC_DEFAULT_FLAGS\=-J-Xms64m\ -J-XX:NewSize\=4M\ -J-Dfile.encoding\=UTF8
    export JAVA_APP_STUB\=/System/Library/Frameworks/JavaVM.framework/Resources/MacOS/JavaApplicationStub
    export JAVA_ARCHIVE_CLASSES\=YES
    export JAVA_ARCHIVE_TYPE\=JAR
    export JAVA_COMPILER\=/usr/bin/javac
    export JAVA_FRAMEWORK_RESOURCES_DIRS\=Resources
    export JAVA_JAR_FLAGS\=cv
    export JAVA_SOURCE_SUBDIR\=.
    export JAVA_USE_DEPENDENCIES\=YES
    export JAVA_ZIP_FLAGS\=-urg
    export JIKES_DEFAULT_FLAGS\=+E\ +OLDCSO
    export KEEP_PRIVATE_EXTERNS\=NO
    export LD_DEPENDENCY_INFO_FILE\=/Users/vinay/Library/Developer/Xcode/DerivedData/FindFood-ceewejdexqlrirddbceaqvuunhkx/Build/Intermediates.noindex/Pods.build/Debug-iphonesimulator/React-Core-prebuilt.build/Objects-normal/undefined_arch/React-Core-prebuilt_dependency_info.dat
    export LD_EXPORT_SYMBOLS\=YES
    export LD_GENERATE_MAP_FILE\=NO
    export LD_MAP_FILE_PATH\=/Users/vinay/Library/Developer/Xcode/DerivedData/FindFood-ceewejdexqlrirddbceaqvuunhkx/Build/Intermediates.noindex/Pods.build/Debug-iphonesimulator/React-Core-prebuilt.build/React-Core-prebuilt-LinkMap-normal-undefined_arch.txt
    export LD_NO_PIE\=NO
    export LD_QUOTE_LINKER_ARGUMENTS_FOR_COMPILER_DRIVER\=YES
    export LD_RUNPATH_SEARCH_PATHS\=\ @executable_path/Frameworks
    export LD_SHARED_CACHE_ELIGIBLE\=Automatic
    export LD_WARN_DUPLICATE_LIBRARIES\=NO
    export LD_WARN_UNUSED_DYLIBS\=NO
    export LEGACY_DEVELOPER_DIR\=/Applications/Xcode.app/Contents/PlugIns/Xcode3Core.ideplugin/Contents/SharedSupport/Developer
    export LEX\=lex
    export LIBRARY_DEXT_INSTALL_PATH\=/Library/DriverExtensions
    export LIBRARY_FLAG_NOSPACE\=YES
    export LIBRARY_KEXT_INSTALL_PATH\=/Library/Extensions
    export LINKER_DISPLAYS_MANGLED_NAMES\=NO
    export LINK_FILE_LIST_normal_arm64\=/Users/vinay/Library/Developer/Xcode/DerivedData/FindFood-ceewejdexqlrirddbceaqvuunhkx/Build/Intermediates.noindex/Pods.build/Debug-iphonesimulator/React-Core-prebuilt.build/Objects-normal/arm64/React-Core-prebuilt.LinkFileList
    export LINK_OBJC_RUNTIME\=YES
    export LINK_WITH_STANDARD_LIBRARIES\=YES
    export LLVM_TARGET_TRIPLE_OS_VERSION\=ios15.1
    export LLVM_TARGET_TRIPLE_SUFFIX\=-simulator
    export LLVM_TARGET_TRIPLE_VENDOR\=apple
    export LM_AUX_CONST_METADATA_LIST_PATH_normal_arm64\=/Users/vinay/Library/Developer/Xcode/DerivedData/FindFood-ceewejdexqlrirddbceaqvuunhkx/Build/Intermediates.noindex/Pods.build/Debug-iphonesimulator/React-Core-prebuilt.build/Objects-normal/arm64/React-Core-prebuilt.SwiftConstValuesFileList
    export LOCALIZATION_EXPORT_SUPPORTED\=YES
    export LOCALIZATION_PREFERS_STRING_CATALOGS\=NO
    export LOCALIZED_STRING_MACRO_NAMES\=NSLocalizedString\ CFCopyLocalizedString
    export LOCALIZED_STRING_SWIFTUI_SUPPORT\=YES
    export LOCAL_ADMIN_APPS_DIR\=/Applications/Utilities
    export LOCAL_APPS_DIR\=/Applications
    export LOCAL_DEVELOPER_DIR\=/Library/Developer
    export LOCAL_LIBRARY_DIR\=/Library
    export LOCROOT\=/Users/vinay/Documents/Github/FindFood/FindFood/FindFood-FE/ios/Pods
    export LOCSYMROOT\=/Users/vinay/Documents/Github/FindFood/FindFood/FindFood-FE/ios/Pods
    export MAC_OS_X_PRODUCT_BUILD_VERSION\=25C56
    export MAC_OS_X_VERSION_ACTUAL\=260200
    export MAC_OS_X_VERSION_MAJOR\=260000
    export MAC_OS_X_VERSION_MINOR\=260200
    export MAKE_MERGEABLE\=NO
    export MERGEABLE_LIBRARY\=NO
    export MERGED_BINARY_TYPE\=none
    export MERGE_LINKED_LIBRARIES\=NO
    export METAL_LIBRARY_FILE_BASE\=default
    export METAL_LIBRARY_OUTPUT_DIR\=/Users/vinay/Library/Developer/Xcode/DerivedData/FindFood-ceewejdexqlrirddbceaqvuunhkx/Build/Products/Debug-iphonesimulator/React-Core-prebuilt/
    export MODULE_CACHE_DIR\=/Users/vinay/Library/Developer/Xcode/DerivedData/ModuleCache.noindex
    export MTL_ENABLE_DEBUG_INFO\=INCLUDE_SOURCE
    export MTL_FAST_MATH\=YES
    export NATIVE_ARCH\=arm64
    export NATIVE_ARCH_32_BIT\=arm
    export NATIVE_ARCH_64_BIT\=arm64
    export NATIVE_ARCH_ACTUAL\=arm64
    export NO_COMMON\=YES
    export OBJC_ABI_VERSION\=2
    export OBJECT_FILE_DIR\=/Users/vinay/Library/Developer/Xcode/DerivedData/FindFood-ceewejdexqlrirddbceaqvuunhkx/Build/Intermediates.noindex/Pods.build/Debug-iphonesimulator/React-Core-prebuilt.build/Objects
    export OBJECT_FILE_DIR_normal\=/Users/vinay/Library/Developer/Xcode/DerivedData/FindFood-ceewejdexqlrirddbceaqvuunhkx/Build/Intermediates.noindex/Pods.build/Debug-iphonesimulator/React-Core-prebuilt.build/Objects-normal
    export OBJROOT\=/Users/vinay/Library/Developer/Xcode/DerivedData/FindFood-ceewejdexqlrirddbceaqvuunhkx/Build/Intermediates.noindex
    export ONLY_ACTIVE_ARCH\=YES
    export OS\=MACOS
    export OSAC\=/usr/bin/osacompile
    export OTHER_CPLUSPLUSFLAGS\=\ -DRCT_NEW_ARCH_ENABLED\=1\ \ 
    export PASCAL_STRINGS\=YES
    export PATH\=/Applications/Xcode.app/Contents/SharedFrameworks/SwiftBuild.framework/Versions/A/PlugIns/SWBBuildService.bundle/Contents/PlugIns/SWBUniversalPlatformPlugin.bundle/Contents/Frameworks/SWBUniversalPlatform.framework/Resources:/Applications/Xcode.app/Contents/Developer/Toolchains/XcodeDefault.xctoolchain/usr/bin:/Applications/Xcode.app/Contents/Developer/Toolchains/XcodeDefault.xctoolchain/usr/local/bin:/Applications/Xcode.app/Contents/Developer/Toolchains/XcodeDefault.xctoolchain/usr/libexec:/Applications/Xcode.app/Contents/Developer/Platforms/iPhoneSimulator.platform/usr/bin:/Applications/Xcode.app/Contents/Developer/Platforms/iPhoneSimulator.platform/usr/local/bin:/Applications/Xcode.app/Contents/Developer/Platforms/iPhoneSimulator.platform/Developer/usr/bin:/Applications/Xcode.app/Contents/Developer/Platforms/iPhoneSimulator.platform/Developer/usr/local/bin:/Applications/Xcode.app/Contents/Developer/usr/bin:/Applications/Xcode.app/Contents/Developer/usr/local/bin:/Users/vinay/Documents/Github/FindFood/FindFood/FindFood-FE/node_modules/.bin:/Users/vinay/Documents/Github/FindFood/FindFood/node_modules/.bin:/Users/vinay/Documents/Github/FindFood/node_modules/.bin:/Users/vinay/Documents/Github/node_modules/.bin:/Users/vinay/Documents/node_modules/.bin:/Users/vinay/node_modules/.bin:/Users/node_modules/.bin:/node_modules/.bin:/Users/vinay/.nvm/versions/node/v22.20.0/lib/node_modules/npm/node_modules/@npmcli/run-script/lib/node-gyp-bin:/Users/vinay/.rbenv/shims:/Users/vinay/.rbenv/bin:/Users/vinay/.nvm/versions/node/v22.20.0/bin:/usr/local/bin:/System/Cryptexes/App/usr/bin:/usr/bin:/bin:/usr/sbin:/sbin:/var/run/com.apple.security.cryptexd/codex.system/bootstrap/usr/local/bin:/var/run/com.apple.security.cryptexd/codex.system/bootstrap/usr/bin:/var/run/com.apple.security.cryptexd/codex.system/bootstrap/usr/appleinternal/bin:/opt/pmk/env/global/bin:/Library/Apple/usr/bin:/opt/homebrew/bin:/Users/vinay/Library/Application\ Support/Code/User/globalStorage/github.copilot-chat/debugCommand
    export PATH_PREFIXES_EXCLUDED_FROM_HEADER_DEPENDENCIES\=/usr/include\ /usr/local/include\ /System/Library/Frameworks\ /System/Library/PrivateFrameworks\ /Applications/Xcode.app/Contents/Developer/Headers\ /Applications/Xcode.app/Contents/Developer/SDKs\ /Applications/Xcode.app/Contents/Developer/Platforms
    export PER_ARCH_MODULE_FILE_DIR\=/Users/vinay/Library/Developer/Xcode/DerivedData/FindFood-ceewejdexqlrirddbceaqvuunhkx/Build/Intermediates.noindex/Pods.build/Debug-iphonesimulator/React-Core-prebuilt.build/Objects-normal/undefined_arch
    export PER_ARCH_OBJECT_FILE_DIR\=/Users/vinay/Library/Developer/Xcode/DerivedData/FindFood-ceewejdexqlrirddbceaqvuunhkx/Build/Intermediates.noindex/Pods.build/Debug-iphonesimulator/React-Core-prebuilt.build/Objects-normal/undefined_arch
    export PER_VARIANT_OBJECT_FILE_DIR\=/Users/vinay/Library/Developer/Xcode/DerivedData/FindFood-ceewejdexqlrirddbceaqvuunhkx/Build/Intermediates.noindex/Pods.build/Debug-iphonesimulator/React-Core-prebuilt.build/Objects-normal
    export PKGINFO_FILE_PATH\=/Users/vinay/Library/Developer/Xcode/DerivedData/FindFood-ceewejdexqlrirddbceaqvuunhkx/Build/Intermediates.noindex/Pods.build/Debug-iphonesimulator/React-Core-prebuilt.build/PkgInfo
    export PLATFORM_DEVELOPER_APPLICATIONS_DIR\=/Applications/Xcode.app/Contents/Developer/Platforms/iPhoneSimulator.platform/Developer/Applications
    export PLATFORM_DEVELOPER_BIN_DIR\=/Applications/Xcode.app/Contents/Developer/Platforms/iPhoneSimulator.platform/Developer/usr/bin
    export PLATFORM_DEVELOPER_LIBRARY_DIR\=/Applications/Xcode.app/Contents/Developer/Platforms/iPhoneSimulator.platform/Developer/Library
    export PLATFORM_DEVELOPER_SDK_DIR\=/Applications/Xcode.app/Contents/Developer/Platforms/iPhoneSimulator.platform/Developer/SDKs
    export PLATFORM_DEVELOPER_TOOLS_DIR\=/Applications/Xcode.app/Contents/Developer/Platforms/iPhoneSimulator.platform/Developer/Tools
    export PLATFORM_DEVELOPER_USR_DIR\=/Applications/Xcode.app/Contents/Developer/Platforms/iPhoneSimulator.platform/Developer/usr
    export PLATFORM_DIR\=/Applications/Xcode.app/Contents/Developer/Platforms/iPhoneSimulator.platform
    export PLATFORM_DISPLAY_NAME\=iOS\ Simulator
    export PLATFORM_FAMILY_NAME\=iOS
    export PLATFORM_NAME\=iphonesimulator
    export PLATFORM_PREFERRED_ARCH\=x86_64
    export PLATFORM_PRODUCT_BUILD_VERSION\=23C53
    export PLATFORM_REQUIRES_SWIFT_AUTOLINK_EXTRACT\=NO
    export PLATFORM_REQUIRES_SWIFT_MODULEWRAP\=NO
    export PLIST_FILE_OUTPUT_FORMAT\=binary
    export PODS_BUILD_DIR\=/Users/vinay/Library/Developer/Xcode/DerivedData/FindFood-ceewejdexqlrirddbceaqvuunhkx/Build/Products
    export PODS_CONFIGURATION_BUILD_DIR\=/Users/vinay/Library/Developer/Xcode/DerivedData/FindFood-ceewejdexqlrirddbceaqvuunhkx/Build/Products/Debug-iphonesimulator
    export PODS_DEVELOPMENT_LANGUAGE\=en
    export PODS_ROOT\=/Users/vinay/Documents/Github/FindFood/FindFood/FindFood-FE/ios/Pods
    export PODS_TARGET_SRCROOT\=/Users/vinay/Documents/Github/FindFood/FindFood/FindFood-FE/ios/Pods/React-Core-prebuilt
    export PODS_XCFRAMEWORKS_BUILD_DIR\=/Users/vinay/Library/Developer/Xcode/DerivedData/FindFood-ceewejdexqlrirddbceaqvuunhkx/Build/Products/Debug-iphonesimulator/XCFrameworkIntermediates
    export PRECOMPS_INCLUDE_HEADERS_FROM_BUILT_PRODUCTS_DIR\=YES
    export PRECOMP_DESTINATION_DIR\=/Users/vinay/Library/Developer/Xcode/DerivedData/FindFood-ceewejdexqlrirddbceaqvuunhkx/Build/Intermediates.noindex/Pods.build/Debug-iphonesimulator/React-Core-prebuilt.build/PrefixHeaders
    export PROCESSED_INFOPLIST_PATH\=/Users/vinay/Library/Developer/Xcode/DerivedData/FindFood-ceewejdexqlrirddbceaqvuunhkx/Build/Intermediates.noindex/Pods.build/Debug-iphonesimulator/React-Core-prebuilt.build/Objects-normal/undefined_arch/Processed-Info.plist
    export PRODUCT_BUNDLE_IDENTIFIER\=org.cocoapods.React-Core-prebuilt
    export PRODUCT_MODULE_NAME\=React_Core_prebuilt
    export PRODUCT_NAME\=React-Core-prebuilt
    export PRODUCT_SETTINGS_PATH\=
    export PROFILING_CODE\=NO
    export PROJECT\=Pods
    export PROJECT_DERIVED_FILE_DIR\=/Users/vinay/Library/Developer/Xcode/DerivedData/FindFood-ceewejdexqlrirddbceaqvuunhkx/Build/Intermediates.noindex/Pods.build/DerivedSources
    export PROJECT_DIR\=/Users/vinay/Documents/Github/FindFood/FindFood/FindFood-FE/ios/Pods
    export PROJECT_FILE_PATH\=/Users/vinay/Documents/Github/FindFood/FindFood/FindFood-FE/ios/Pods/Pods.xcodeproj
    export PROJECT_GUID\=8699adb1dd336b26511df848a716bd42
    export PROJECT_NAME\=Pods
    export PROJECT_TEMP_DIR\=/Users/vinay/Library/Developer/Xcode/DerivedData/FindFood-ceewejdexqlrirddbceaqvuunhkx/Build/Intermediates.noindex/Pods.build
    export PROJECT_TEMP_ROOT\=/Users/vinay/Library/Developer/Xcode/DerivedData/FindFood-ceewejdexqlrirddbceaqvuunhkx/Build/Intermediates.noindex
    export REACT_NATIVE_PATH\=/Users/vinay/Documents/Github/FindFood/FindFood/FindFood-FE/ios/Pods/../../node_modules/react-native
    export RECOMMENDED_IPHONEOS_DEPLOYMENT_TARGET\=15.0
    export RECURSIVE_SEARCH_PATHS_FOLLOW_SYMLINKS\=YES
    export REMOVE_CVS_FROM_RESOURCES\=YES
    export REMOVE_GIT_FROM_RESOURCES\=YES
    export REMOVE_HEADERS_FROM_EMBEDDED_BUNDLES\=YES
    export REMOVE_HG_FROM_RESOURCES\=YES
    export REMOVE_STATIC_EXECUTABLES_FROM_EMBEDDED_BUNDLES\=YES
    export REMOVE_SVN_FROM_RESOURCES\=YES
    export RESCHEDULE_INDEPENDENT_HEADERS_PHASES\=YES
    export REZ_COLLECTOR_DIR\=/Users/vinay/Library/Developer/Xcode/DerivedData/FindFood-ceewejdexqlrirddbceaqvuunhkx/Build/Intermediates.noindex/Pods.build/Debug-iphonesimulator/React-Core-prebuilt.build/ResourceManagerResources
    export REZ_OBJECTS_DIR\=/Users/vinay/Library/Developer/Xcode/DerivedData/FindFood-ceewejdexqlrirddbceaqvuunhkx/Build/Intermediates.noindex/Pods.build/Debug-iphonesimulator/React-Core-prebuilt.build/ResourceManagerResources/Objects
    export RUNTIME_EXCEPTION_ALLOW_DYLD_ENVIRONMENT_VARIABLES\=NO
    export RUNTIME_EXCEPTION_ALLOW_JIT\=NO
    export RUNTIME_EXCEPTION_ALLOW_UNSIGNED_EXECUTABLE_MEMORY\=NO
    export RUNTIME_EXCEPTION_DEBUGGING_TOOL\=NO
    export RUNTIME_EXCEPTION_DISABLE_EXECUTABLE_PAGE_PROTECTION\=NO
    export RUNTIME_EXCEPTION_DISABLE_LIBRARY_VALIDATION\=NO
    export SCAN_ALL_SOURCE_FILES_FOR_INCLUDES\=NO
    export SCRIPT_INPUT_FILE_COUNT\=0
    export SCRIPT_INPUT_FILE_LIST_COUNT\=0
    export SCRIPT_OUTPUT_FILE_COUNT\=0
    export SCRIPT_OUTPUT_FILE_LIST_COUNT\=0
    export SDKROOT\=/Applications/Xcode.app/Contents/Developer/Platforms/iPhoneSimulator.platform/Developer/SDKs/iPhoneSimulator26.2.sdk
    export SDK_DIR\=/Applications/Xcode.app/Contents/Developer/Platforms/iPhoneSimulator.platform/Developer/SDKs/iPhoneSimulator26.2.sdk
    export SDK_DIR_iphonesimulator\=/Applications/Xcode.app/Contents/Developer/Platforms/iPhoneSimulator.platform/Developer/SDKs/iPhoneSimulator26.2.sdk
    export SDK_DIR_iphonesimulator26_2\=/Applications/Xcode.app/Contents/Developer/Platforms/iPhoneSimulator.platform/Developer/SDKs/iPhoneSimulator26.2.sdk
    export SDK_NAME\=iphonesimulator26.2
    export SDK_NAMES\=iphonesimulator26.2
    export SDK_PRODUCT_BUILD_VERSION\=23C53
    export SDK_STAT_CACHE_DIR\=/Users/vinay/Library/Developer/Xcode/DerivedData
    export SDK_STAT_CACHE_ENABLE\=YES
    export SDK_STAT_CACHE_PATH\=/Users/vinay/Library/Developer/Xcode/DerivedData/SDKStatCaches.noindex/iphonesimulator26.2-23C53-7d00a8b37fbd7999ea79df8ebc024bf0.sdkstatcache
    export SDK_VERSION\=26.2
    export SDK_VERSION_ACTUAL\=260200
    export SDK_VERSION_MAJOR\=260000
    export SDK_VERSION_MINOR\=260200
    export SED\=/usr/bin/sed
    export SEPARATE_STRIP\=NO
    export SEPARATE_SYMBOL_EDIT\=NO
    export SET_DIR_MODE_OWNER_GROUP\=YES
    export SET_FILE_MODE_OWNER_GROUP\=NO
    export SHALLOW_BUNDLE\=NO
    export SHARED_DERIVED_FILE_DIR\=/Users/vinay/Library/Developer/Xcode/DerivedData/FindFood-ceewejdexqlrirddbceaqvuunhkx/Build/Products/Debug-iphonesimulator/React-Core-prebuilt/DerivedSources
    export SHARED_PRECOMPS_DIR\=/Users/vinay/Library/Developer/Xcode/DerivedData/FindFood-ceewejdexqlrirddbceaqvuunhkx/Build/Intermediates.noindex/PrecompiledHeaders
    export SKIP_INSTALL\=YES
    export SOURCE_ROOT\=/Users/vinay/Documents/Github/FindFood/FindFood/FindFood-FE/ios/Pods
    export SRCROOT\=/Users/vinay/Documents/Github/FindFood/FindFood/FindFood-FE/ios/Pods
    export STRINGSDATA_DIR\=/Users/vinay/Library/Developer/Xcode/DerivedData/FindFood-ceewejdexqlrirddbceaqvuunhkx/Build/Intermediates.noindex/Pods.build/Debug-iphonesimulator/React-Core-prebuilt.build/Objects-normal/undefined_arch
    export STRINGSDATA_ROOT\=/Users/vinay/Library/Developer/Xcode/DerivedData/FindFood-ceewejdexqlrirddbceaqvuunhkx/Build/Intermediates.noindex/Pods.build/Debug-iphonesimulator/React-Core-prebuilt.build
    export STRINGS_FILE_INFOPLIST_RENAME\=YES
    export STRINGS_FILE_OUTPUT_ENCODING\=binary
    export STRING_CATALOG_GENERATE_SYMBOLS\=NO
    export STRIP_BITCODE_FROM_COPIED_FILES\=NO
    export STRIP_INSTALLED_PRODUCT\=NO
    export STRIP_STYLE\=all
    export STRIP_SWIFT_SYMBOLS\=YES
    export SUPPORTED_DEVICE_FAMILIES\=1,2
    export SUPPORTED_PLATFORMS\=iphoneos\ iphonesimulator
    export SUPPORTS_TEXT_BASED_API\=NO
    export SUPPRESS_WARNINGS\=NO
    export SWIFT_ACTIVE_COMPILATION_CONDITIONS\=\ DEBUG
    export SWIFT_EMIT_CONST_VALUE_PROTOCOLS\=AppIntent\ EntityQuery\ AppEntity\ TransientEntity\ AppEnum\ AppShortcutProviding\ AppShortcutsProvider\ AnyResolverProviding\ AppIntentsPackage\ DynamicOptionsProvider\ _IntentValueRepresentable\ _AssistantIntentsProvider\ _GenerativeFunctionExtractable\ IntentValueQuery\ Resolver\ AppExtension\ ExtensionPointDefining
    export SWIFT_EMIT_LOC_STRINGS\=NO
    export SWIFT_ENABLE_EXPLICIT_MODULES\=NO
    export SWIFT_OPTIMIZATION_LEVEL\=-Onone
    export SWIFT_PLATFORM_TARGET_PREFIX\=ios
    export SWIFT_RESPONSE_FILE_PATH_normal_arm64\=/Users/vinay/Library/Developer/Xcode/DerivedData/FindFood-ceewejdexqlrirddbceaqvuunhkx/Build/Intermediates.noindex/Pods.build/Debug-iphonesimulator/React-Core-prebuilt.build/Objects-normal/arm64/React-Core-prebuilt.SwiftFileList
    export SWIFT_VERSION\=5.0
    export SYMROOT\=/Users/vinay/Library/Developer/Xcode/DerivedData/FindFood-ceewejdexqlrirddbceaqvuunhkx/Build/Products
    export SYSTEM_ADMIN_APPS_DIR\=/Applications/Utilities
    export SYSTEM_APPS_DIR\=/Applications
    export SYSTEM_CORE_SERVICES_DIR\=/System/Library/CoreServices
    export SYSTEM_DEMOS_DIR\=/Applications/Extras
    export SYSTEM_DEVELOPER_APPS_DIR\=/Applications/Xcode.app/Contents/Developer/Applications
    export SYSTEM_DEVELOPER_BIN_DIR\=/Applications/Xcode.app/Contents/Developer/usr/bin
    export SYSTEM_DEVELOPER_DEMOS_DIR\=/Applications/Xcode.app/Contents/Developer/Applications/Utilities/Built\ Examples
    export SYSTEM_DEVELOPER_DIR\=/Applications/Xcode.app/Contents/Developer
    export SYSTEM_DEVELOPER_DOC_DIR\=/Applications/Xcode.app/Contents/Developer/ADC\ Reference\ Library
    export SYSTEM_DEVELOPER_GRAPHICS_TOOLS_DIR\=/Applications/Xcode.app/Contents/Developer/Applications/Graphics\ Tools
    export SYSTEM_DEVELOPER_JAVA_TOOLS_DIR\=/Applications/Xcode.app/Contents/Developer/Applications/Java\ Tools
    export SYSTEM_DEVELOPER_PERFORMANCE_TOOLS_DIR\=/Applications/Xcode.app/Contents/Developer/Applications/Performance\ Tools
    export SYSTEM_DEVELOPER_RELEASENOTES_DIR\=/Applications/Xcode.app/Contents/Developer/ADC\ Reference\ Library/releasenotes
    export SYSTEM_DEVELOPER_TOOLS\=/Applications/Xcode.app/Contents/Developer/Tools
    export SYSTEM_DEVELOPER_TOOLS_DOC_DIR\=/Applications/Xcode.app/Contents/Developer/ADC\ Reference\ Library/documentation/DeveloperTools
    export SYSTEM_DEVELOPER_TOOLS_RELEASENOTES_DIR\=/Applications/Xcode.app/Contents/Developer/ADC\ Reference\ Library/releasenotes/DeveloperTools
    export SYSTEM_DEVELOPER_USR_DIR\=/Applications/Xcode.app/Contents/Developer/usr
    export SYSTEM_DEVELOPER_UTILITIES_DIR\=/Applications/Xcode.app/Contents/Developer/Applications/Utilities
    export SYSTEM_DEXT_INSTALL_PATH\=/System/Library/DriverExtensions
    export SYSTEM_DOCUMENTATION_DIR\=/Library/Documentation
    export SYSTEM_KEXT_INSTALL_PATH\=/System/Library/Extensions
    export SYSTEM_LIBRARY_DIR\=/System/Library
    export TAPI_DEMANGLE\=YES
    export TAPI_ENABLE_PROJECT_HEADERS\=NO
    export TAPI_LANGUAGE\=objective-c
    export TAPI_LANGUAGE_STANDARD\=compiler-default
    export TAPI_USE_SRCROOT\=YES
    export TAPI_VERIFY_MODE\=Pedantic
    export TARGETED_DEVICE_FAMILY\=1,2
    export TARGETNAME\=React-Core-prebuilt
    export TARGET_BUILD_DIR\=/Users/vinay/Library/Developer/Xcode/DerivedData/FindFood-ceewejdexqlrirddbceaqvuunhkx/Build/Products/Debug-iphonesimulator/React-Core-prebuilt
    export TARGET_DEVICE_IDENTIFIER\=3C87BD02-CE09-4166-8EA9-2E43247858B8
    export TARGET_DEVICE_MODEL\=iPhone18,1
    export TARGET_DEVICE_OS_VERSION\=26.2
    export TARGET_DEVICE_PLATFORM_NAME\=iphonesimulator
    export TARGET_NAME\=React-Core-prebuilt
    export TARGET_TEMP_DIR\=/Users/vinay/Library/Developer/Xcode/DerivedData/FindFood-ceewejdexqlrirddbceaqvuunhkx/Build/Intermediates.noindex/Pods.build/Debug-iphonesimulator/React-Core-prebuilt.build
    export TEMP_DIR\=/Users/vinay/Library/Developer/Xcode/DerivedData/FindFood-ceewejdexqlrirddbceaqvuunhkx/Build/Intermediates.noindex/Pods.build/Debug-iphonesimulator/React-Core-prebuilt.build
    export TEMP_FILES_DIR\=/Users/vinay/Library/Developer/Xcode/DerivedData/FindFood-ceewejdexqlrirddbceaqvuunhkx/Build/Intermediates.noindex/Pods.build/Debug-iphonesimulator/React-Core-prebuilt.build
    export TEMP_FILE_DIR\=/Users/vinay/Library/Developer/Xcode/DerivedData/FindFood-ceewejdexqlrirddbceaqvuunhkx/Build/Intermediates.noindex/Pods.build/Debug-iphonesimulator/React-Core-prebuilt.build
    export TEMP_ROOT\=/Users/vinay/Library/Developer/Xcode/DerivedData/FindFood-ceewejdexqlrirddbceaqvuunhkx/Build/Intermediates.noindex
    export TEMP_SANDBOX_DIR\=/Users/vinay/Library/Developer/Xcode/DerivedData/FindFood-ceewejdexqlrirddbceaqvuunhkx/Build/Intermediates.noindex/TemporaryTaskSandboxes
    export TEST_FRAMEWORK_SEARCH_PATHS\=\ /Applications/Xcode.app/Contents/Developer/Platforms/iPhoneSimulator.platform/Developer/Library/Frameworks\ /Applications/Xcode.app/Contents/Developer/Platforms/iPhoneSimulator.platform/Developer/SDKs/iPhoneSimulator26.2.sdk/Developer/Library/Frameworks
    export TEST_LIBRARY_SEARCH_PATHS\=\ /Applications/Xcode.app/Contents/Developer/Platforms/iPhoneSimulator.platform/Developer/usr/lib
    export TOOLCHAINS\=com.apple.dt.toolchain.XcodeDefault
    export TOOLCHAIN_DIR\=/Applications/Xcode.app/Contents/Developer/Toolchains/XcodeDefault.xctoolchain
    export TREAT_MISSING_BASELINES_AS_TEST_FAILURES\=NO
    export TREAT_MISSING_SCRIPT_PHASE_OUTPUTS_AS_ERRORS\=NO
    export UID\=501
    export UNINSTALLED_PRODUCTS_DIR\=/Users/vinay/Library/Developer/Xcode/DerivedData/FindFood-ceewejdexqlrirddbceaqvuunhkx/Build/Intermediates.noindex/UninstalledProducts
    export UNSTRIPPED_PRODUCT\=NO
    export USER\=vinay
    export USER_APPS_DIR\=/Users/vinay/Applications
    export USER_LIBRARY_DIR\=/Users/vinay/Library
    export USE_DYNAMIC_NO_PIC\=YES
    export USE_HEADERMAP\=YES
    export USE_HEADER_SYMLINKS\=NO
    export USE_HERMES\=true
    export USE_RECURSIVE_SCRIPT_INPUTS_IN_SCRIPT_PHASES\=YES
    export VALIDATE_DEVELOPMENT_ASSET_PATHS\=YES_ERROR
    export VALIDATE_PRODUCT\=NO
    export VALID_ARCHS\=arm64\ x86_64
    export VERBOSE_PBXCP\=NO
    export VERSION_INFO_BUILDER\=vinay
    export VERSION_INFO_FILE\=React-Core-prebuilt_vers.c
    export VERSION_INFO_STRING\=\"@\(\#\)PROGRAM:React-Core-prebuilt\ \ PROJECT:Pods-\"
    export WORKSPACE_DIR\=/Users/vinay/Documents/Github/FindFood/FindFood/FindFood-FE/ios
    export WRAP_ASSET_PACKS_IN_SEPARATE_DIRECTORIES\=NO
    export XCODE_APP_SUPPORT_DIR\=/Applications/Xcode.app/Contents/Developer/Library/Xcode
    export XCODE_PRODUCT_BUILD_VERSION\=17C52
    export XCODE_VERSION_ACTUAL\=2620
    export XCODE_VERSION_MAJOR\=2600
    export XCODE_VERSION_MINOR\=2620
    export XPCSERVICES_FOLDER_PATH\=/XPCServices
    export YACC\=yacc
    export _DISCOVER_COMMAND_LINE_LINKER_INPUTS\=YES
    export _DISCOVER_COMMAND_LINE_LINKER_INPUTS_INCLUDE_WL\=YES
    export _LD_MULTIARCH\=YES
    export __DIAGNOSE_DEPRECATED_ARCHS\=YES
    export arch\=undefined_arch
    export variant\=normal
    /bin/sh -c /Users/vinay/Library/Developer/Xcode/DerivedData/FindFood-ceewejdexqlrirddbceaqvuunhkx/Build/Intermediates.noindex/Pods.build/Debug-iphonesimulator/React-Core-prebuilt.build/Script-46EB2E00020E40.sh
Node found at: /Users/vinay/.nvm/versions/node/v22.20.0/bin/node
No previous build detected, but Debug Configuration. No need to replace React-Core-prebuilt

ProcessInfoPlistFile /Users/vinay/Library/Developer/Xcode/DerivedData/FindFood-ceewejdexqlrirddbceaqvuunhkx/Build/Products/Debug-iphonesimulator/GTMAppAuth/GTMAppAuth_Privacy.bundle/Info.plist /Users/vinay/Documents/Github/FindFood/FindFood/FindFood-FE/ios/Pods/Target\ Support\ Files/GTMAppAuth/ResourceBundle-GTMAppAuth_Privacy-GTMAppAuth-Info.plist (in target 'GTMAppAuth-GTMAppAuth_Privacy' from project 'Pods')
    cd /Users/vinay/Documents/Github/FindFood/FindFood/FindFood-FE/ios/Pods
    builtin-infoPlistUtility /Users/vinay/Documents/Github/FindFood/FindFood/FindFood-FE/ios/Pods/Target\ Support\ Files/GTMAppAuth/ResourceBundle-GTMAppAuth_Privacy-GTMAppAuth-Info.plist -producttype com.apple.product-type.bundle -expandbuildsettings -format binary -platform iphonesimulator -o /Users/vinay/Library/Developer/Xcode/DerivedData/FindFood-ceewejdexqlrirddbceaqvuunhkx/Build/Products/Debug-iphonesimulator/GTMAppAuth/GTMAppAuth_Privacy.bundle/Info.plist

ProcessInfoPlistFile /Users/vinay/Library/Developer/Xcode/DerivedData/FindFood-ceewejdexqlrirddbceaqvuunhkx/Build/Products/Debug-iphonesimulator/GoogleSignIn/GoogleSignIn.bundle/Info.plist /Users/vinay/Documents/Github/FindFood/FindFood/FindFood-FE/ios/Pods/Target\ Support\ Files/GoogleSignIn/ResourceBundle-GoogleSignIn-GoogleSignIn-Info.plist (in target 'GoogleSignIn-GoogleSignIn' from project 'Pods')
    cd /Users/vinay/Documents/Github/FindFood/FindFood/FindFood-FE/ios/Pods
    builtin-infoPlistUtility /Users/vinay/Documents/Github/FindFood/FindFood/FindFood-FE/ios/Pods/Target\ Support\ Files/GoogleSignIn/ResourceBundle-GoogleSignIn-GoogleSignIn-Info.plist -producttype com.apple.product-type.bundle -expandbuildsettings -format binary -platform iphonesimulator -o /Users/vinay/Library/Developer/Xcode/DerivedData/FindFood-ceewejdexqlrirddbceaqvuunhkx/Build/Products/Debug-iphonesimulator/GoogleSignIn/GoogleSignIn.bundle/Info.plist

ProcessInfoPlistFile /Users/vinay/Library/Developer/Xcode/DerivedData/FindFood-ceewejdexqlrirddbceaqvuunhkx/Build/Products/Debug-iphonesimulator/React-cxxreact/React-cxxreact_privacy.bundle/Info.plist /Users/vinay/Documents/Github/FindFood/FindFood/FindFood-FE/ios/Pods/Target\ Support\ Files/React-cxxreact/ResourceBundle-React-cxxreact_privacy-React-cxxreact-Info.plist (in target 'React-cxxreact-React-cxxreact_privacy' from project 'Pods')
    cd /Users/vinay/Documents/Github/FindFood/FindFood/FindFood-FE/ios/Pods
    builtin-infoPlistUtility /Users/vinay/Documents/Github/FindFood/FindFood/FindFood-FE/ios/Pods/Target\ Support\ Files/React-cxxreact/ResourceBundle-React-cxxreact_privacy-React-cxxreact-Info.plist -producttype com.apple.product-type.bundle -expandbuildsettings -format binary -platform iphonesimulator -o /Users/vinay/Library/Developer/Xcode/DerivedData/FindFood-ceewejdexqlrirddbceaqvuunhkx/Build/Products/Debug-iphonesimulator/React-cxxreact/React-cxxreact_privacy.bundle/Info.plist

ProcessInfoPlistFile /Users/vinay/Library/Developer/Xcode/DerivedData/FindFood-ceewejdexqlrirddbceaqvuunhkx/Build/Products/Debug-iphonesimulator/React-Core/React-Core_privacy.bundle/Info.plist /Users/vinay/Documents/Github/FindFood/FindFood/FindFood-FE/ios/Pods/Target\ Support\ Files/React-Core/ResourceBundle-React-Core_privacy-React-Core-Info.plist (in target 'React-Core-React-Core_privacy' from project 'Pods')
    cd /Users/vinay/Documents/Github/FindFood/FindFood/FindFood-FE/ios/Pods
    builtin-infoPlistUtility /Users/vinay/Documents/Github/FindFood/FindFood/FindFood-FE/ios/Pods/Target\ Support\ Files/React-Core/ResourceBundle-React-Core_privacy-React-Core-Info.plist -producttype com.apple.product-type.bundle -expandbuildsettings -format binary -platform iphonesimulator -o /Users/vinay/Library/Developer/Xcode/DerivedData/FindFood-ceewejdexqlrirddbceaqvuunhkx/Build/Products/Debug-iphonesimulator/React-Core/React-Core_privacy.bundle/Info.plist

note: Run script build phase '[CP-User] [RN]Check FBReactNativeSpec' will be run during every build because the option to run the script phase "Based on dependency analysis" is unchecked. (in target 'React-RCTFBReactNativeSpec' from project 'Pods')
PhaseScriptExecution [CP-User]\ [RN]Check\ FBReactNativeSpec /Users/vinay/Library/Developer/Xcode/DerivedData/FindFood-ceewejdexqlrirddbceaqvuunhkx/Build/Intermediates.noindex/Pods.build/Debug-iphonesimulator/React-RCTFBReactNativeSpec.build/Script-46EB2E00020E50.sh (in target 'React-RCTFBReactNativeSpec' from project 'Pods')
    cd /Users/vinay/Documents/Github/FindFood/FindFood/FindFood-FE/ios/Pods
    export ACTION\=build
    export AD_HOC_CODE_SIGNING_ALLOWED\=YES
    export ALLOW_BUILD_REQUEST_OVERRIDES\=NO
    export ALLOW_TARGET_PLATFORM_SPECIALIZATION\=NO
    export ALTERNATE_GROUP\=staff
    export ALTERNATE_MODE\=u+w,go-w,a+rX
    export ALTERNATE_OWNER\=vinay
    export ALTERNATIVE_DISTRIBUTION_WEB\=NO
    export ALWAYS_EMBED_SWIFT_STANDARD_LIBRARIES\=NO
    export ALWAYS_SEARCH_USER_PATHS\=NO
    export ALWAYS_USE_SEPARATE_HEADERMAPS\=NO
    export APPLICATION_EXTENSION_API_ONLY\=NO
    export APPLY_RULES_IN_COPY_FILES\=NO
    export APPLY_RULES_IN_COPY_HEADERS\=NO
    export APP_SHORTCUTS_ENABLE_FLEXIBLE_MATCHING\=YES
    export ARCHS\=arm64
    export ARCHS_STANDARD\=arm64\ x86_64
    export ARCHS_STANDARD_32_64_BIT\=arm64\ x86_64
    export ARCHS_STANDARD_64_BIT\=arm64\ x86_64
    export ARCHS_STANDARD_INCLUDING_64_BIT\=arm64\ x86_64
    export ARCHS_UNIVERSAL_IPHONE_OS\=arm64\ x86_64
    export ASSETCATALOG_COMPILER_APPICON_NAME\=AppIcon
    export ASSETCATALOG_COMPILER_GLOBAL_ACCENT_COLOR_NAME\=AccentColor
    export ASSETCATALOG_FILTER_FOR_DEVICE_MODEL\=iPhone18,1
    export ASSETCATALOG_FILTER_FOR_DEVICE_OS_VERSION\=26.2
    export ASSETCATALOG_FILTER_FOR_THINNING_DEVICE_CONFIGURATION\=iPhone18,1
    export AUTOMATICALLY_MERGE_DEPENDENCIES\=NO
    export AUTOMATION_APPLE_EVENTS\=NO
    export AVAILABLE_PLATFORMS\=android\ appletvos\ appletvsimulator\ driverkit\ iphoneos\ iphonesimulator\ macosx\ qnx\ watchos\ watchsimulator\ webassembly\ xros\ xrsimulator
    export BUILD_ACTIVE_RESOURCES_ONLY\=YES
    export BUILD_COMPONENTS\=headers\ build
    export BUILD_DIR\=/Users/vinay/Library/Developer/Xcode/DerivedData/FindFood-ceewejdexqlrirddbceaqvuunhkx/Build/Products
    export BUILD_LIBRARY_FOR_DISTRIBUTION\=NO
    export BUILD_ROOT\=/Users/vinay/Library/Developer/Xcode/DerivedData/FindFood-ceewejdexqlrirddbceaqvuunhkx/Build/Products
    export BUILD_STYLE\=
    export BUILD_VARIANTS\=normal
    export BUILT_PRODUCTS_DIR\=/Users/vinay/Library/Developer/Xcode/DerivedData/FindFood-ceewejdexqlrirddbceaqvuunhkx/Build/Products/Debug-iphonesimulator/React-RCTFBReactNativeSpec
    export BUNDLE_CONTENTS_FOLDER_PATH_deep\=Contents/
    export BUNDLE_EXECUTABLE_FOLDER_NAME_deep\=MacOS
    export BUNDLE_EXTENSIONS_FOLDER_PATH\=Extensions
    export BUNDLE_FORMAT\=shallow
    export BUNDLE_FRAMEWORKS_FOLDER_PATH\=Frameworks
    export BUNDLE_PLUGINS_FOLDER_PATH\=PlugIns
    export BUNDLE_PRIVATE_HEADERS_FOLDER_PATH\=PrivateHeaders
    export BUNDLE_PUBLIC_HEADERS_FOLDER_PATH\=Headers
    export CACHE_ROOT\=/var/folders/06/_s174lw542d0bq70l6m4_t8r0000gn/C/com.apple.DeveloperTools/26.2-17C52/Xcode
    export CCHROOT\=/var/folders/06/_s174lw542d0bq70l6m4_t8r0000gn/C/com.apple.DeveloperTools/26.2-17C52/Xcode
    export CHMOD\=/bin/chmod
    export CHOWN\=/usr/sbin/chown
    export CLANG_ANALYZER_LOCALIZABILITY_NONLOCALIZED\=YES
    export CLANG_ANALYZER_NONNULL\=YES
    export CLANG_ANALYZER_NUMBER_OBJECT_CONVERSION\=YES_AGGRESSIVE
    export CLANG_CACHE_FINE_GRAINED_OUTPUTS\=YES
    export CLANG_CXX_LANGUAGE_STANDARD\=c++20
    export CLANG_CXX_LIBRARY\=libc++
    export CLANG_ENABLE_EXPLICIT_MODULES\=YES
    export CLANG_ENABLE_MODULES\=YES
    export CLANG_ENABLE_OBJC_ARC\=YES
    export CLANG_ENABLE_OBJC_WEAK\=NO
    export CLANG_MODULES_BUILD_SESSION_FILE\=/Users/vinay/Library/Developer/Xcode/DerivedData/ModuleCache.noindex/Session.modulevalidation
    export CLANG_WARN_BLOCK_CAPTURE_AUTORELEASING\=YES
    export CLANG_WARN_BOOL_CONVERSION\=YES
    export CLANG_WARN_COMMA\=YES
    export CLANG_WARN_CONSTANT_CONVERSION\=YES
    export CLANG_WARN_DEPRECATED_OBJC_IMPLEMENTATIONS\=YES
    export CLANG_WARN_DIRECT_OBJC_ISA_USAGE\=YES_ERROR
    export CLANG_WARN_DOCUMENTATION_COMMENTS\=YES
    export CLANG_WARN_EMPTY_BODY\=YES
    export CLANG_WARN_ENUM_CONVERSION\=YES
    export CLANG_WARN_INFINITE_RECURSION\=YES
    export CLANG_WARN_INT_CONVERSION\=YES
    export CLANG_WARN_NON_LITERAL_NULL_CONVERSION\=YES
    export CLANG_WARN_OBJC_IMPLICIT_RETAIN_SELF\=YES
    export CLANG_WARN_OBJC_LITERAL_CONVERSION\=YES
    export CLANG_WARN_OBJC_ROOT_CLASS\=YES_ERROR
    export CLANG_WARN_QUOTED_INCLUDE_IN_FRAMEWORK_HEADER\=NO
    export CLANG_WARN_RANGE_LOOP_ANALYSIS\=YES
    export CLANG_WARN_STRICT_PROTOTYPES\=YES
    export CLANG_WARN_SUSPICIOUS_MOVE\=YES
    export CLANG_WARN_UNGUARDED_AVAILABILITY\=YES_AGGRESSIVE
    export CLANG_WARN_UNREACHABLE_CODE\=YES
    export CLANG_WARN__DUPLICATE_METHOD_MATCH\=YES
    export CLASS_FILE_DIR\=/Users/vinay/Library/Developer/Xcode/DerivedData/FindFood-ceewejdexqlrirddbceaqvuunhkx/Build/Intermediates.noindex/Pods.build/Debug-iphonesimulator/React-RCTFBReactNativeSpec.build/JavaClasses
    export CLEAN_PRECOMPS\=YES
    export CLONE_HEADERS\=NO
    export CODESIGNING_FOLDER_PATH\=/Users/vinay/Library/Developer/Xcode/DerivedData/FindFood-ceewejdexqlrirddbceaqvuunhkx/Build/Products/Debug-iphonesimulator/React-RCTFBReactNativeSpec/
    export CODE_SIGNING_ALLOWED\=NO
    export CODE_SIGNING_REQUIRED\=YES
    export CODE_SIGN_CONTEXT_CLASS\=XCiPhoneSimulatorCodeSignContext
    export CODE_SIGN_IDENTITY\=-
    export CODE_SIGN_INJECT_BASE_ENTITLEMENTS\=YES
    export COLOR_DIAGNOSTICS\=NO
    export COMBINE_HIDPI_IMAGES\=NO
    export COMPILATION_CACHE_CAS_PATH\=/Users/vinay/Library/Developer/Xcode/DerivedData/CompilationCache.noindex
    export COMPILATION_CACHE_KEEP_CAS_DIRECTORY\=YES
    export COMPILER_INDEX_STORE_ENABLE\=Default
    export COMPOSITE_SDK_DIRS\=/Users/vinay/Library/Developer/Xcode/DerivedData/FindFood-ceewejdexqlrirddbceaqvuunhkx/Build/Intermediates.noindex/CompositeSDKs
    export COMPRESS_PNG_FILES\=YES
    export CONFIGURATION\=Debug
    export CONFIGURATION_BUILD_DIR\=/Users/vinay/Library/Developer/Xcode/DerivedData/FindFood-ceewejdexqlrirddbceaqvuunhkx/Build/Products/Debug-iphonesimulator/React-RCTFBReactNativeSpec
    export CONFIGURATION_TEMP_DIR\=/Users/vinay/Library/Developer/Xcode/DerivedData/FindFood-ceewejdexqlrirddbceaqvuunhkx/Build/Intermediates.noindex/Pods.build/Debug-iphonesimulator
    export COPYING_PRESERVES_HFS_DATA\=NO
    export COPY_HEADERS_RUN_UNIFDEF\=NO
    export COPY_PHASE_STRIP\=NO
    export CORRESPONDING_DEVICE_PLATFORM_DIR\=/Applications/Xcode.app/Contents/Developer/Platforms/iPhoneOS.platform
    export CORRESPONDING_DEVICE_PLATFORM_NAME\=iphoneos
    export CORRESPONDING_DEVICE_SDK_DIR\=/Applications/Xcode.app/Contents/Developer/Platforms/iPhoneOS.platform/Developer/SDKs/iPhoneOS26.2.sdk
    export CORRESPONDING_DEVICE_SDK_NAME\=iphoneos26.2
    export CP\=/bin/cp
    export CREATE_INFOPLIST_SECTION_IN_BINARY\=NO
    export CURRENT_ARCH\=undefined_arch
    export CURRENT_VARIANT\=normal
    export DEAD_CODE_STRIPPING\=YES
    export DEBUGGING_SYMBOLS\=YES
    export DEBUG_INFORMATION_FORMAT\=dwarf
    export DEBUG_INFORMATION_VERSION\=compiler-default
    export DEFAULT_COMPILER\=com.apple.compilers.llvm.clang.1_0
    export DEFAULT_DEXT_INSTALL_PATH\=/System/Library/DriverExtensions
    export DEFAULT_KEXT_INSTALL_PATH\=/System/Library/Extensions
    export DEFINES_MODULE\=NO
    export DEPLOYMENT_LOCATION\=NO
    export DEPLOYMENT_POSTPROCESSING\=NO
    export DEPLOYMENT_TARGET_SETTING_NAME\=IPHONEOS_DEPLOYMENT_TARGET
    export DEPLOYMENT_TARGET_SUGGESTED_VALUES\=12.0\ 12.1\ 12.2\ 12.3\ 12.4\ 13.0\ 13.1\ 13.2\ 13.3\ 13.4\ 13.5\ 13.6\ 14.0\ 14.1\ 14.2\ 14.3\ 14.4\ 14.5\ 14.6\ 14.7\ 15.0\ 15.1\ 15.2\ 15.3\ 15.4\ 15.5\ 15.6\ 16.0\ 16.1\ 16.2\ 16.3\ 16.4\ 16.5\ 16.6\ 17.0\ 17.1\ 17.2\ 17.3\ 17.4\ 17.5\ 17.6\ 18.0\ 18.1\ 18.2\ 18.3\ 18.4\ 18.5\ 18.6\ 26.0\ 26.1\ 26.2
    export DERIVED_FILES_DIR\=/Users/vinay/Library/Developer/Xcode/DerivedData/FindFood-ceewejdexqlrirddbceaqvuunhkx/Build/Intermediates.noindex/Pods.build/Debug-iphonesimulator/React-RCTFBReactNativeSpec.build/DerivedSources
    export DERIVED_FILE_DIR\=/Users/vinay/Library/Developer/Xcode/DerivedData/FindFood-ceewejdexqlrirddbceaqvuunhkx/Build/Intermediates.noindex/Pods.build/Debug-iphonesimulator/React-RCTFBReactNativeSpec.build/DerivedSources
    export DERIVED_SOURCES_DIR\=/Users/vinay/Library/Developer/Xcode/DerivedData/FindFood-ceewejdexqlrirddbceaqvuunhkx/Build/Intermediates.noindex/Pods.build/Debug-iphonesimulator/React-RCTFBReactNativeSpec.build/DerivedSources
    export DEVELOPER_APPLICATIONS_DIR\=/Applications/Xcode.app/Contents/Developer/Applications
    export DEVELOPER_BIN_DIR\=/Applications/Xcode.app/Contents/Developer/usr/bin
    export DEVELOPER_DIR\=/Applications/Xcode.app/Contents/Developer
    export DEVELOPER_FRAMEWORKS_DIR\=/Applications/Xcode.app/Contents/Developer/Library/Frameworks
    export DEVELOPER_FRAMEWORKS_DIR_QUOTED\=/Applications/Xcode.app/Contents/Developer/Library/Frameworks
    export DEVELOPER_LIBRARY_DIR\=/Applications/Xcode.app/Contents/Developer/Library
    export DEVELOPER_SDK_DIR\=/Applications/Xcode.app/Contents/Developer/Platforms/MacOSX.platform/Developer/SDKs
    export DEVELOPER_TOOLS_DIR\=/Applications/Xcode.app/Contents/Developer/Tools
    export DEVELOPER_USR_DIR\=/Applications/Xcode.app/Contents/Developer/usr
    export DEVELOPMENT_LANGUAGE\=en
    export DIAGNOSE_MISSING_TARGET_DEPENDENCIES\=YES
    export DIFF\=/usr/bin/diff
    export DONT_GENERATE_INFOPLIST_FILE\=NO
    export DSTROOT\=/tmp/Pods.dst
    export DT_TOOLCHAIN_DIR\=/Applications/Xcode.app/Contents/Developer/Toolchains/XcodeDefault.xctoolchain
    export DWARF_DSYM_FILE_NAME\=.dSYM
    export DWARF_DSYM_FILE_SHOULD_ACCOMPANY_PRODUCT\=NO
    export DWARF_DSYM_FOLDER_PATH\=/Users/vinay/Library/Developer/Xcode/DerivedData/FindFood-ceewejdexqlrirddbceaqvuunhkx/Build/Products/Debug-iphonesimulator/React-RCTFBReactNativeSpec
    export DYNAMIC_LIBRARY_EXTENSION\=dylib
    export EAGER_COMPILATION_ALLOW_SCRIPTS\=NO
    export EAGER_LINKING\=NO
    export EFFECTIVE_PLATFORM_NAME\=-iphonesimulator
    export EMBEDDED_CONTENT_CONTAINS_SWIFT\=NO
    export EMBED_ASSET_PACKS_IN_PRODUCT_BUNDLE\=NO
    export ENABLE_APP_SANDBOX\=NO
    export ENABLE_CODE_COVERAGE\=YES
    export ENABLE_CPLUSPLUS_BOUNDS_SAFE_BUFFERS\=NO
    export ENABLE_C_BOUNDS_SAFETY\=NO
    export ENABLE_DEFAULT_HEADER_SEARCH_PATHS\=YES
    export ENABLE_DEFAULT_SEARCH_PATHS\=YES
    export ENABLE_ENHANCED_SECURITY\=NO
    export ENABLE_HARDENED_RUNTIME\=NO
    export ENABLE_HEADER_DEPENDENCIES\=YES
    export ENABLE_INCOMING_NETWORK_CONNECTIONS\=NO
    export ENABLE_ON_DEMAND_RESOURCES\=NO
    export ENABLE_OUTGOING_NETWORK_CONNECTIONS\=NO
    export ENABLE_POINTER_AUTHENTICATION\=NO
    export ENABLE_PREVIEWS\=NO
    export ENABLE_RESOURCE_ACCESS_AUDIO_INPUT\=NO
    export ENABLE_RESOURCE_ACCESS_BLUETOOTH\=NO
    export ENABLE_RESOURCE_ACCESS_CALENDARS\=NO
    export ENABLE_RESOURCE_ACCESS_CAMERA\=NO
    export ENABLE_RESOURCE_ACCESS_CONTACTS\=NO
    export ENABLE_RESOURCE_ACCESS_LOCATION\=NO
    export ENABLE_RESOURCE_ACCESS_PHOTO_LIBRARY\=NO
    export ENABLE_RESOURCE_ACCESS_PRINTING\=NO
    export ENABLE_RESOURCE_ACCESS_USB\=NO
    export ENABLE_SDK_IMPORTS\=NO
    export ENABLE_SECURITY_COMPILER_WARNINGS\=NO
    export ENABLE_STRICT_OBJC_MSGSEND\=YES
    export ENABLE_TESTABILITY\=YES
    export ENABLE_TESTING_SEARCH_PATHS\=NO
    export ENABLE_USER_SCRIPT_SANDBOXING\=NO
    export ENABLE_XOJIT_PREVIEWS\=YES
    export ENFORCE_VALID_ARCHS\=YES
    export ENTITLEMENTS_DESTINATION\=__entitlements
    export ENTITLEMENTS_REQUIRED\=YES
    export EXCLUDED_INSTALLSRC_SUBDIRECTORY_PATTERNS\=.DS_Store\ .svn\ .git\ .hg\ CVS
    export EXCLUDED_RECURSIVE_SEARCH_PATH_SUBDIRECTORIES\=\*.nib\ \*.lproj\ \*.framework\ \*.gch\ \*.xcode\*\ \*.xcassets\ \*.icon\ \(\*\)\ .DS_Store\ CVS\ .svn\ .git\ .hg\ \*.pbproj\ \*.pbxproj
    export FILE_LIST\=/Users/vinay/Library/Developer/Xcode/DerivedData/FindFood-ceewejdexqlrirddbceaqvuunhkx/Build/Intermediates.noindex/Pods.build/Debug-iphonesimulator/React-RCTFBReactNativeSpec.build/Objects/LinkFileList
    export FIXED_FILES_DIR\=/Users/vinay/Library/Developer/Xcode/DerivedData/FindFood-ceewejdexqlrirddbceaqvuunhkx/Build/Intermediates.noindex/Pods.build/Debug-iphonesimulator/React-RCTFBReactNativeSpec.build/FixedFiles
    export FRAMEWORK_SEARCH_PATHS\=\ \"/Users/vinay/Documents/Github/FindFood/FindFood/FindFood-FE/ios/Pods/React-Core-prebuilt\"\ \"/Users/vinay/Documents/Github/FindFood/FindFood/FindFood-FE/ios/Pods/ReactNativeDependencies/framework/packages/react-native\"\ \"/Users/vinay/Documents/Github/FindFood/FindFood/FindFood-FE/ios/Pods/hermes-engine/destroot/Library/Frameworks/universal\"\ \"/Users/vinay/Library/Developer/Xcode/DerivedData/FindFood-ceewejdexqlrirddbceaqvuunhkx/Build/Products/Debug-iphonesimulator/XCFrameworkIntermediates/React-Core-prebuilt\"\ \"/Users/vinay/Library/Developer/Xcode/DerivedData/FindFood-ceewejdexqlrirddbceaqvuunhkx/Build/Products/Debug-iphonesimulator/XCFrameworkIntermediates/ReactNativeDependencies\"\ \"/Users/vinay/Library/Developer/Xcode/DerivedData/FindFood-ceewejdexqlrirddbceaqvuunhkx/Build/Products/Debug-iphonesimulator/XCFrameworkIntermediates/hermes-engine/Pre-built\"
    export FRAMEWORK_VERSION\=A
    export FUSE_BUILD_PHASES\=YES
    export FUSE_BUILD_SCRIPT_PHASES\=NO
    export GCC3_VERSION\=3.3
    export GCC_C_LANGUAGE_STANDARD\=gnu11
    export GCC_DYNAMIC_NO_PIC\=NO
    export GCC_NO_COMMON_BLOCKS\=YES
    export GCC_OBJC_LEGACY_DISPATCH\=YES
    export GCC_OPTIMIZATION_LEVEL\=0
    export GCC_PFE_FILE_C_DIALECTS\=c\ objective-c\ c++\ objective-c++
    export GCC_PREPROCESSOR_DEFINITIONS\=POD_CONFIGURATION_DEBUG\=1\ DEBUG\=1\ \ COCOAPODS\=1
    export GCC_TREAT_WARNINGS_AS_ERRORS\=NO
    export GCC_VERSION\=com.apple.compilers.llvm.clang.1_0
    export GCC_VERSION_IDENTIFIER\=com_apple_compilers_llvm_clang_1_0
    export GCC_WARN_64_TO_32_BIT_CONVERSION\=YES
    export GCC_WARN_ABOUT_RETURN_TYPE\=YES_ERROR
    export GCC_WARN_UNDECLARED_SELECTOR\=YES
    export GCC_WARN_UNINITIALIZED_AUTOS\=YES_AGGRESSIVE
    export GCC_WARN_UNUSED_FUNCTION\=YES
    export GCC_WARN_UNUSED_VARIABLE\=YES
    export GENERATED_MODULEMAP_DIR\=/Users/vinay/Library/Developer/Xcode/DerivedData/FindFood-ceewejdexqlrirddbceaqvuunhkx/Build/Intermediates.noindex/GeneratedModuleMaps-iphonesimulator
    export GENERATE_INFOPLIST_FILE\=NO
    export GENERATE_INTERMEDIATE_TEXT_BASED_STUBS\=YES
    export GENERATE_PKGINFO_FILE\=NO
    export GENERATE_PRELINK_OBJECT_FILE\=NO
    export GENERATE_PROFILING_CODE\=NO
    export GENERATE_TEXT_BASED_STUBS\=NO
    export GID\=20
    export GROUP\=staff
    export HEADERMAP_INCLUDES_FLAT_ENTRIES_FOR_TARGET_BEING_BUILT\=YES
    export HEADERMAP_INCLUDES_FRAMEWORK_ENTRIES_FOR_ALL_PRODUCT_TYPES\=YES
    export HEADERMAP_INCLUDES_FRAMEWORK_ENTRIES_FOR_TARGETS_NOT_BEING_BUILT\=YES
    export HEADERMAP_INCLUDES_NONPUBLIC_NONPRIVATE_HEADERS\=YES
    export HEADERMAP_INCLUDES_PROJECT_HEADERS\=YES
    export HEADERMAP_USES_FRAMEWORK_PREFIX_ENTRIES\=YES
    export HEADERMAP_USES_VFS\=NO
    export HEADER_SEARCH_PATHS\=\ \"/Users/vinay/Documents/Github/FindFood/FindFood/FindFood-FE/ios/Pods/Headers/Private\"\ \"/Users/vinay/Documents/Github/FindFood/FindFood/FindFood-FE/ios/Pods/Headers/Private/React-RCTFBReactNativeSpec\"\ \"/Users/vinay/Documents/Github/FindFood/FindFood/FindFood-FE/ios/Pods/Headers/Public\"\ \"/Users/vinay/Documents/Github/FindFood/FindFood/FindFood-FE/ios/Pods/Headers/Public/FBLazyVector\"\ \"/Users/vinay/Documents/Github/FindFood/FindFood/FindFood-FE/ios/Pods/Headers/Public/RCTDeprecation\"\ \"/Users/vinay/Documents/Github/FindFood/FindFood/FindFood-FE/ios/Pods/Headers/Public/RCTRequired\"\ \"/Users/vinay/Documents/Github/FindFood/FindFood/FindFood-FE/ios/Pods/Headers/Public/RCTTypeSafety\"\ \"/Users/vinay/Documents/Github/FindFood/FindFood/FindFood-FE/ios/Pods/Headers/Public/React-Core\"\ \"/Users/vinay/Documents/Github/FindFood/FindFood/FindFood-FE/ios/Pods/Headers/Public/React-Core-prebuilt\"\ \"/Users/vinay/Documents/Github/FindFood/FindFood/FindFood-FE/ios/Pods/Headers/Public/React-Fabric\"\ \"/Users/vinay/Documents/Github/FindFood/FindFood/FindFood-FE/ios/Pods/Headers/Public/React-NativeModulesApple\"\ \"/Users/vinay/Documents/Github/FindFood/FindFood/FindFood-FE/ios/Pods/Headers/Public/React-RCTFBReactNativeSpec\"\ \"/Users/vinay/Documents/Github/FindFood/FindFood/FindFood-FE/ios/Pods/Headers/Public/React-callinvoker\"\ \"/Users/vinay/Documents/Github/FindFood/FindFood/FindFood-FE/ios/Pods/Headers/Public/React-cxxreact\"\ \"/Users/vinay/Documents/Github/FindFood/FindFood/FindFood-FE/ios/Pods/Headers/Public/React-debug\"\ \"/Users/vinay/Documents/Github/FindFood/FindFood/FindFood-FE/ios/Pods/Headers/Public/React-featureflags\"\ \"/Users/vinay/Documents/Github/FindFood/FindFood/FindFood-FE/ios/Pods/Headers/Public/React-graphics\"\ \"/Users/vinay/Documents/Github/FindFood/FindFood/FindFood-FE/ios/Pods/Headers/Public/React-hermes\"\ \"/Users/vinay/Documents/Github/FindFood/FindFood/FindFood-FE/ios/Pods/Headers/Public/React-jsi\"\ \"/Users/vinay/Documents/Github/FindFood/FindFood/FindFood-FE/ios/Pods/Headers/Public/React-jsiexecutor\"\ \"/Users/vinay/Documents/Github/FindFood/FindFood/FindFood-FE/ios/Pods/Headers/Public/React-jsinspector\"\ \"/Users/vinay/Documents/Github/FindFood/FindFood/FindFood-FE/ios/Pods/Headers/Public/React-jsinspectorcdp\"\ \"/Users/vinay/Documents/Github/FindFood/FindFood/FindFood-FE/ios/Pods/Headers/Public/React-jsinspectornetwork\"\ \"/Users/vinay/Documents/Github/FindFood/FindFood/FindFood-FE/ios/Pods/Headers/Public/React-jsinspectortracing\"\ \"/Users/vinay/Documents/Github/FindFood/FindFood/FindFood-FE/ios/Pods/Headers/Public/React-jsitooling\"\ \"/Users/vinay/Documents/Github/FindFood/FindFood/FindFood-FE/ios/Pods/Headers/Public/React-logger\"\ \"/Users/vinay/Documents/Github/FindFood/FindFood/FindFood-FE/ios/Pods/Headers/Public/React-oscompat\"\ \"/Users/vinay/Documents/Github/FindFood/FindFood/FindFood-FE/ios/Pods/Headers/Public/React-perflogger\"\ \"/Users/vinay/Documents/Github/FindFood/FindFood/FindFood-FE/ios/Pods/Headers/Public/React-performancetimeline\"\ \"/Users/vinay/Documents/Github/FindFood/FindFood/FindFood-FE/ios/Pods/Headers/Public/React-rendererconsistency\"\ \"/Users/vinay/Documents/Github/FindFood/FindFood/FindFood-FE/ios/Pods/Headers/Public/React-renderercss\"\ \"/Users/vinay/Documents/Github/FindFood/FindFood/FindFood-FE/ios/Pods/Headers/Public/React-rendererdebug\"\ \"/Users/vinay/Documents/Github/FindFood/FindFood/FindFood-FE/ios/Pods/Headers/Public/React-runtimeexecutor\"\ \"/Users/vinay/Documents/Github/FindFood/FindFood/FindFood-FE/ios/Pods/Headers/Public/React-runtimescheduler\"\ \"/Users/vinay/Documents/Github/FindFood/FindFood/FindFood-FE/ios/Pods/Headers/Public/React-timing\"\ \"/Users/vinay/Documents/Github/FindFood/FindFood/FindFood-FE/ios/Pods/Headers/Public/React-utils\"\ \"/Users/vinay/Documents/Github/FindFood/FindFood/FindFood-FE/ios/Pods/Headers/Public/ReactCommon\"\ \"/Users/vinay/Documents/Github/FindFood/FindFood/FindFood-FE/ios/Pods/Headers/Public/ReactNativeDependencies\"\ \"/Users/vinay/Documents/Github/FindFood/FindFood/FindFood-FE/ios/Pods/Headers/Public/Yoga\"\ \"/Users/vinay/Documents/Github/FindFood/FindFood/FindFood-FE/ios/Pods/Headers/Public/hermes-engine\"\ \"/Users/vinay/Documents/Github/FindFood/FindFood/FindFood-FE/ios/Pods/../../node_modules/react-native/React/FBReactNativeSpec\"\ \"/Users/vinay/Documents/Github/FindFood/FindFood/FindFood-FE/ios/Pods/Headers/Private/Yoga\"\ \"/Users/vinay/Documents/Github/FindFood/FindFood/FindFood-FE/ios/Pods/ReactCommon\"\ \"/Users/vinay/Documents/Github/FindFood/FindFood/FindFood-FE/ios/Pods/ReactCommon/react/nativemodule/core\"\ \"/Users/vinay/Documents/Github/FindFood/FindFood/FindFood-FE/ios/Pods/ReactCommon\"\ \"/Users/vinay/Documents/Github/FindFood/FindFood/FindFood-FE/ios/Pods/ReactCommon/react/nativemodule/bridging\"\ \"/Users/vinay/Documents/Github/FindFood/FindFood/FindFood-FE/ios/Pods/../../node_modules/react-native/React/FBReactNativeSpec\"\ \"/Users/vinay/Documents/Github/FindFood/FindFood/FindFood-FE/ios/Pods/Headers/Private/Yoga\"\ \"/Users/vinay/Documents/Github/FindFood/FindFood/FindFood-FE/ios/Pods/ReactCommon\"\ \"/Users/vinay/Documents/Github/FindFood/FindFood/FindFood-FE/ios/Pods/ReactCommon/react/nativemodule/core\"\ \"/Users/vinay/Documents/Github/FindFood/FindFood/FindFood-FE/ios/Pods/ReactCommon\"\ \"/Users/vinay/Documents/Github/FindFood/FindFood/FindFood-FE/ios/Pods/ReactCommon/react/nativemodule/bridging\"\ \"/Users/vinay/Documents/Github/FindFood/FindFood/FindFood-FE/ios/Pods/React-featureflags\"\ \"/Users/vinay/Documents/Github/FindFood/FindFood/FindFood-FE/ios/Pods/React-debug\"\ \"/Users/vinay/Documents/Github/FindFood/FindFood/FindFood-FE/ios/Pods/React-rendererdebug\"\ \"/Users/vinay/Documents/Github/FindFood/FindFood/FindFood-FE/ios/Pods/React-utils\"\ \"/Users/vinay/Documents/Github/FindFood/FindFood/FindFood-FE/ios/Pods/React-graphics\"\ \"/Users/vinay/Documents/Github/FindFood/FindFood/FindFood-FE/ios/Pods/React-graphics/react/renderer/graphics/platform/ios\"\ \"/Users/vinay/Documents/Github/FindFood/FindFood/FindFood-FE/ios/Pods/React-Fabric\"\ \"/Users/vinay/Documents/Github/FindFood/FindFood/FindFood-FE/ios/Pods/React-Fabric/react/renderer/components/view/platform/cxx\"
    export HOME\=/Users/vinay
    export HOST_ARCH\=arm64
    export HOST_PLATFORM\=macosx
    export ICONV\=/usr/bin/iconv
    export IMPLICIT_DEPENDENCY_DOMAIN\=default
    export INFOPLIST_ENABLE_CFBUNDLEICONS_MERGE\=YES
    export INFOPLIST_EXPAND_BUILD_SETTINGS\=YES
    export INFOPLIST_OUTPUT_FORMAT\=binary
    export INFOPLIST_PREPROCESS\=NO
    export INLINE_PRIVATE_FRAMEWORKS\=NO
    export INSTALLAPI_IGNORE_SKIP_INSTALL\=YES
    export INSTALLHDRS_COPY_PHASE\=NO
    export INSTALLHDRS_SCRIPT_PHASE\=NO
    export INSTALL_DIR\=/tmp/Pods.dst
    export INSTALL_GROUP\=staff
    export INSTALL_MODE_FLAG\=u+w,go-w,a+rX
    export INSTALL_OWNER\=vinay
    export INSTALL_ROOT\=/tmp/Pods.dst
    export IPHONEOS_DEPLOYMENT_TARGET\=15.1
    export IS_UNOPTIMIZED_BUILD\=YES
    export JAVAC_DEFAULT_FLAGS\=-J-Xms64m\ -J-XX:NewSize\=4M\ -J-Dfile.encoding\=UTF8
    export JAVA_APP_STUB\=/System/Library/Frameworks/JavaVM.framework/Resources/MacOS/JavaApplicationStub
    export JAVA_ARCHIVE_CLASSES\=YES
    export JAVA_ARCHIVE_TYPE\=JAR
    export JAVA_COMPILER\=/usr/bin/javac
    export JAVA_FRAMEWORK_RESOURCES_DIRS\=Resources
    export JAVA_JAR_FLAGS\=cv
    export JAVA_SOURCE_SUBDIR\=.
    export JAVA_USE_DEPENDENCIES\=YES
    export JAVA_ZIP_FLAGS\=-urg
    export JIKES_DEFAULT_FLAGS\=+E\ +OLDCSO
    export KEEP_PRIVATE_EXTERNS\=NO
    export LD_DEPENDENCY_INFO_FILE\=/Users/vinay/Library/Developer/Xcode/DerivedData/FindFood-ceewejdexqlrirddbceaqvuunhkx/Build/Intermediates.noindex/Pods.build/Debug-iphonesimulator/React-RCTFBReactNativeSpec.build/Objects-normal/undefined_arch/React-RCTFBReactNativeSpec_dependency_info.dat
    export LD_EXPORT_SYMBOLS\=YES
    export LD_GENERATE_MAP_FILE\=NO
    export LD_MAP_FILE_PATH\=/Users/vinay/Library/Developer/Xcode/DerivedData/FindFood-ceewejdexqlrirddbceaqvuunhkx/Build/Intermediates.noindex/Pods.build/Debug-iphonesimulator/React-RCTFBReactNativeSpec.build/React-RCTFBReactNativeSpec-LinkMap-normal-undefined_arch.txt
    export LD_NO_PIE\=NO
    export LD_QUOTE_LINKER_ARGUMENTS_FOR_COMPILER_DRIVER\=YES
    export LD_RUNPATH_SEARCH_PATHS\=\ @executable_path/Frameworks
    export LD_SHARED_CACHE_ELIGIBLE\=Automatic
    export LD_WARN_DUPLICATE_LIBRARIES\=NO
    export LD_WARN_UNUSED_DYLIBS\=NO
    export LEGACY_DEVELOPER_DIR\=/Applications/Xcode.app/Contents/PlugIns/Xcode3Core.ideplugin/Contents/SharedSupport/Developer
    export LEX\=lex
    export LIBRARY_DEXT_INSTALL_PATH\=/Library/DriverExtensions
    export LIBRARY_FLAG_NOSPACE\=YES
    export LIBRARY_KEXT_INSTALL_PATH\=/Library/Extensions
    export LINKER_DISPLAYS_MANGLED_NAMES\=NO
    export LINK_FILE_LIST_normal_arm64\=/Users/vinay/Library/Developer/Xcode/DerivedData/FindFood-ceewejdexqlrirddbceaqvuunhkx/Build/Intermediates.noindex/Pods.build/Debug-iphonesimulator/React-RCTFBReactNativeSpec.build/Objects-normal/arm64/React-RCTFBReactNativeSpec.LinkFileList
    export LINK_OBJC_RUNTIME\=YES
    export LINK_WITH_STANDARD_LIBRARIES\=YES
    export LLVM_TARGET_TRIPLE_OS_VERSION\=ios15.1
    export LLVM_TARGET_TRIPLE_SUFFIX\=-simulator
    export LLVM_TARGET_TRIPLE_VENDOR\=apple
    export LM_AUX_CONST_METADATA_LIST_PATH_normal_arm64\=/Users/vinay/Library/Developer/Xcode/DerivedData/FindFood-ceewejdexqlrirddbceaqvuunhkx/Build/Intermediates.noindex/Pods.build/Debug-iphonesimulator/React-RCTFBReactNativeSpec.build/Objects-normal/arm64/React-RCTFBReactNativeSpec.SwiftConstValuesFileList
    export LOCALIZATION_EXPORT_SUPPORTED\=YES
    export LOCALIZATION_PREFERS_STRING_CATALOGS\=NO
    export LOCALIZED_STRING_MACRO_NAMES\=NSLocalizedString\ CFCopyLocalizedString
    export LOCALIZED_STRING_SWIFTUI_SUPPORT\=YES
    export LOCAL_ADMIN_APPS_DIR\=/Applications/Utilities
    export LOCAL_APPS_DIR\=/Applications
    export LOCAL_DEVELOPER_DIR\=/Library/Developer
    export LOCAL_LIBRARY_DIR\=/Library
    export LOCROOT\=/Users/vinay/Documents/Github/FindFood/FindFood/FindFood-FE/ios/Pods
    export LOCSYMROOT\=/Users/vinay/Documents/Github/FindFood/FindFood/FindFood-FE/ios/Pods
    export MAC_OS_X_PRODUCT_BUILD_VERSION\=25C56
    export MAC_OS_X_VERSION_ACTUAL\=260200
    export MAC_OS_X_VERSION_MAJOR\=260000
    export MAC_OS_X_VERSION_MINOR\=260200
    export MAKE_MERGEABLE\=NO
    export MERGEABLE_LIBRARY\=NO
    export MERGED_BINARY_TYPE\=none
    export MERGE_LINKED_LIBRARIES\=NO
    export METAL_LIBRARY_FILE_BASE\=default
    export METAL_LIBRARY_OUTPUT_DIR\=/Users/vinay/Library/Developer/Xcode/DerivedData/FindFood-ceewejdexqlrirddbceaqvuunhkx/Build/Products/Debug-iphonesimulator/React-RCTFBReactNativeSpec/
    export MODULE_CACHE_DIR\=/Users/vinay/Library/Developer/Xcode/DerivedData/ModuleCache.noindex
    export MTL_ENABLE_DEBUG_INFO\=INCLUDE_SOURCE
    export MTL_FAST_MATH\=YES
    export NATIVE_ARCH\=arm64
    export NATIVE_ARCH_32_BIT\=arm
    export NATIVE_ARCH_64_BIT\=arm64
    export NATIVE_ARCH_ACTUAL\=arm64
    export NO_COMMON\=YES
    export OBJC_ABI_VERSION\=2
    export OBJECT_FILE_DIR\=/Users/vinay/Library/Developer/Xcode/DerivedData/FindFood-ceewejdexqlrirddbceaqvuunhkx/Build/Intermediates.noindex/Pods.build/Debug-iphonesimulator/React-RCTFBReactNativeSpec.build/Objects
    export OBJECT_FILE_DIR_normal\=/Users/vinay/Library/Developer/Xcode/DerivedData/FindFood-ceewejdexqlrirddbceaqvuunhkx/Build/Intermediates.noindex/Pods.build/Debug-iphonesimulator/React-RCTFBReactNativeSpec.build/Objects-normal
    export OBJROOT\=/Users/vinay/Library/Developer/Xcode/DerivedData/FindFood-ceewejdexqlrirddbceaqvuunhkx/Build/Intermediates.noindex
    export ONLY_ACTIVE_ARCH\=YES
    export OS\=MACOS
    export OSAC\=/usr/bin/osacompile
    export PASCAL_STRINGS\=YES
    export PATH\=/Applications/Xcode.app/Contents/SharedFrameworks/SwiftBuild.framework/Versions/A/PlugIns/SWBBuildService.bundle/Contents/PlugIns/SWBUniversalPlatformPlugin.bundle/Contents/Frameworks/SWBUniversalPlatform.framework/Resources:/Applications/Xcode.app/Contents/Developer/Toolchains/XcodeDefault.xctoolchain/usr/bin:/Applications/Xcode.app/Contents/Developer/Toolchains/XcodeDefault.xctoolchain/usr/local/bin:/Applications/Xcode.app/Contents/Developer/Toolchains/XcodeDefault.xctoolchain/usr/libexec:/Applications/Xcode.app/Contents/Developer/Platforms/iPhoneSimulator.platform/usr/bin:/Applications/Xcode.app/Contents/Developer/Platforms/iPhoneSimulator.platform/usr/local/bin:/Applications/Xcode.app/Contents/Developer/Platforms/iPhoneSimulator.platform/Developer/usr/bin:/Applications/Xcode.app/Contents/Developer/Platforms/iPhoneSimulator.platform/Developer/usr/local/bin:/Applications/Xcode.app/Contents/Developer/usr/bin:/Applications/Xcode.app/Contents/Developer/usr/local/bin:/Users/vinay/Documents/Github/FindFood/FindFood/FindFood-FE/node_modules/.bin:/Users/vinay/Documents/Github/FindFood/FindFood/node_modules/.bin:/Users/vinay/Documents/Github/FindFood/node_modules/.bin:/Users/vinay/Documents/Github/node_modules/.bin:/Users/vinay/Documents/node_modules/.bin:/Users/vinay/node_modules/.bin:/Users/node_modules/.bin:/node_modules/.bin:/Users/vinay/.nvm/versions/node/v22.20.0/lib/node_modules/npm/node_modules/@npmcli/run-script/lib/node-gyp-bin:/Users/vinay/.rbenv/shims:/Users/vinay/.rbenv/bin:/Users/vinay/.nvm/versions/node/v22.20.0/bin:/usr/local/bin:/System/Cryptexes/App/usr/bin:/usr/bin:/bin:/usr/sbin:/sbin:/var/run/com.apple.security.cryptexd/codex.system/bootstrap/usr/local/bin:/var/run/com.apple.security.cryptexd/codex.system/bootstrap/usr/bin:/var/run/com.apple.security.cryptexd/codex.system/bootstrap/usr/appleinternal/bin:/opt/pmk/env/global/bin:/Library/Apple/usr/bin:/opt/homebrew/bin:/Users/vinay/Library/Application\ Support/Code/User/globalStorage/github.copilot-chat/debugCommand
    export PATH_PREFIXES_EXCLUDED_FROM_HEADER_DEPENDENCIES\=/usr/include\ /usr/local/include\ /System/Library/Frameworks\ /System/Library/PrivateFrameworks\ /Applications/Xcode.app/Contents/Developer/Headers\ /Applications/Xcode.app/Contents/Developer/SDKs\ /Applications/Xcode.app/Contents/Developer/Platforms
    export PER_ARCH_MODULE_FILE_DIR\=/Users/vinay/Library/Developer/Xcode/DerivedData/FindFood-ceewejdexqlrirddbceaqvuunhkx/Build/Intermediates.noindex/Pods.build/Debug-iphonesimulator/React-RCTFBReactNativeSpec.build/Objects-normal/undefined_arch
    export PER_ARCH_OBJECT_FILE_DIR\=/Users/vinay/Library/Developer/Xcode/DerivedData/FindFood-ceewejdexqlrirddbceaqvuunhkx/Build/Intermediates.noindex/Pods.build/Debug-iphonesimulator/React-RCTFBReactNativeSpec.build/Objects-normal/undefined_arch
    export PER_VARIANT_OBJECT_FILE_DIR\=/Users/vinay/Library/Developer/Xcode/DerivedData/FindFood-ceewejdexqlrirddbceaqvuunhkx/Build/Intermediates.noindex/Pods.build/Debug-iphonesimulator/React-RCTFBReactNativeSpec.build/Objects-normal
    export PKGINFO_FILE_PATH\=/Users/vinay/Library/Developer/Xcode/DerivedData/FindFood-ceewejdexqlrirddbceaqvuunhkx/Build/Intermediates.noindex/Pods.build/Debug-iphonesimulator/React-RCTFBReactNativeSpec.build/PkgInfo
    export PLATFORM_DEVELOPER_APPLICATIONS_DIR\=/Applications/Xcode.app/Contents/Developer/Platforms/iPhoneSimulator.platform/Developer/Applications
    export PLATFORM_DEVELOPER_BIN_DIR\=/Applications/Xcode.app/Contents/Developer/Platforms/iPhoneSimulator.platform/Developer/usr/bin
    export PLATFORM_DEVELOPER_LIBRARY_DIR\=/Applications/Xcode.app/Contents/Developer/Platforms/iPhoneSimulator.platform/Developer/Library
    export PLATFORM_DEVELOPER_SDK_DIR\=/Applications/Xcode.app/Contents/Developer/Platforms/iPhoneSimulator.platform/Developer/SDKs
    export PLATFORM_DEVELOPER_TOOLS_DIR\=/Applications/Xcode.app/Contents/Developer/Platforms/iPhoneSimulator.platform/Developer/Tools
    export PLATFORM_DEVELOPER_USR_DIR\=/Applications/Xcode.app/Contents/Developer/Platforms/iPhoneSimulator.platform/Developer/usr
    export PLATFORM_DIR\=/Applications/Xcode.app/Contents/Developer/Platforms/iPhoneSimulator.platform
    export PLATFORM_DISPLAY_NAME\=iOS\ Simulator
    export PLATFORM_FAMILY_NAME\=iOS
    export PLATFORM_NAME\=iphonesimulator
    export PLATFORM_PREFERRED_ARCH\=x86_64
    export PLATFORM_PRODUCT_BUILD_VERSION\=23C53
    export PLATFORM_REQUIRES_SWIFT_AUTOLINK_EXTRACT\=NO
    export PLATFORM_REQUIRES_SWIFT_MODULEWRAP\=NO
    export PLIST_FILE_OUTPUT_FORMAT\=binary
    export PODS_BUILD_DIR\=/Users/vinay/Library/Developer/Xcode/DerivedData/FindFood-ceewejdexqlrirddbceaqvuunhkx/Build/Products
    export PODS_CONFIGURATION_BUILD_DIR\=/Users/vinay/Library/Developer/Xcode/DerivedData/FindFood-ceewejdexqlrirddbceaqvuunhkx/Build/Products/Debug-iphonesimulator
    export PODS_DEVELOPMENT_LANGUAGE\=en
    export PODS_ROOT\=/Users/vinay/Documents/Github/FindFood/FindFood/FindFood-FE/ios/Pods
    export PODS_TARGET_SRCROOT\=/Users/vinay/Documents/Github/FindFood/FindFood/FindFood-FE/ios/Pods/../../node_modules/react-native/React
    export PODS_XCFRAMEWORKS_BUILD_DIR\=/Users/vinay/Library/Developer/Xcode/DerivedData/FindFood-ceewejdexqlrirddbceaqvuunhkx/Build/Products/Debug-iphonesimulator/XCFrameworkIntermediates
    export PRECOMPS_INCLUDE_HEADERS_FROM_BUILT_PRODUCTS_DIR\=YES
    export PRECOMP_DESTINATION_DIR\=/Users/vinay/Library/Developer/Xcode/DerivedData/FindFood-ceewejdexqlrirddbceaqvuunhkx/Build/Intermediates.noindex/Pods.build/Debug-iphonesimulator/React-RCTFBReactNativeSpec.build/PrefixHeaders
    export PROCESSED_INFOPLIST_PATH\=/Users/vinay/Library/Developer/Xcode/DerivedData/FindFood-ceewejdexqlrirddbceaqvuunhkx/Build/Intermediates.noindex/Pods.build/Debug-iphonesimulator/React-RCTFBReactNativeSpec.build/Objects-normal/undefined_arch/Processed-Info.plist
    export PRODUCT_BUNDLE_IDENTIFIER\=org.cocoapods.React-RCTFBReactNativeSpec
    export PRODUCT_MODULE_NAME\=React_RCTFBReactNativeSpec
    export PRODUCT_NAME\=React-RCTFBReactNativeSpec
    export PRODUCT_SETTINGS_PATH\=
    export PROFILING_CODE\=NO
    export PROJECT\=Pods
    export PROJECT_DERIVED_FILE_DIR\=/Users/vinay/Library/Developer/Xcode/DerivedData/FindFood-ceewejdexqlrirddbceaqvuunhkx/Build/Intermediates.noindex/Pods.build/DerivedSources
    export PROJECT_DIR\=/Users/vinay/Documents/Github/FindFood/FindFood/FindFood-FE/ios/Pods
    export PROJECT_FILE_PATH\=/Users/vinay/Documents/Github/FindFood/FindFood/FindFood-FE/ios/Pods/Pods.xcodeproj
    export PROJECT_GUID\=8699adb1dd336b26511df848a716bd42
    export PROJECT_NAME\=Pods
    export PROJECT_TEMP_DIR\=/Users/vinay/Library/Developer/Xcode/DerivedData/FindFood-ceewejdexqlrirddbceaqvuunhkx/Build/Intermediates.noindex/Pods.build
    export PROJECT_TEMP_ROOT\=/Users/vinay/Library/Developer/Xcode/DerivedData/FindFood-ceewejdexqlrirddbceaqvuunhkx/Build/Intermediates.noindex
    export REACT_NATIVE_PATH\=/Users/vinay/Documents/Github/FindFood/FindFood/FindFood-FE/ios/Pods/../../node_modules/react-native
    export RECOMMENDED_IPHONEOS_DEPLOYMENT_TARGET\=15.0
    export RECURSIVE_SEARCH_PATHS_FOLLOW_SYMLINKS\=YES
    export REMOVE_CVS_FROM_RESOURCES\=YES
    export REMOVE_GIT_FROM_RESOURCES\=YES
    export REMOVE_HEADERS_FROM_EMBEDDED_BUNDLES\=YES
    export REMOVE_HG_FROM_RESOURCES\=YES
    export REMOVE_STATIC_EXECUTABLES_FROM_EMBEDDED_BUNDLES\=YES
    export REMOVE_SVN_FROM_RESOURCES\=YES
    export RESCHEDULE_INDEPENDENT_HEADERS_PHASES\=YES
    export REZ_COLLECTOR_DIR\=/Users/vinay/Library/Developer/Xcode/DerivedData/FindFood-ceewejdexqlrirddbceaqvuunhkx/Build/Intermediates.noindex/Pods.build/Debug-iphonesimulator/React-RCTFBReactNativeSpec.build/ResourceManagerResources
    export REZ_OBJECTS_DIR\=/Users/vinay/Library/Developer/Xcode/DerivedData/FindFood-ceewejdexqlrirddbceaqvuunhkx/Build/Intermediates.noindex/Pods.build/Debug-iphonesimulator/React-RCTFBReactNativeSpec.build/ResourceManagerResources/Objects
    export RUNTIME_EXCEPTION_ALLOW_DYLD_ENVIRONMENT_VARIABLES\=NO
    export RUNTIME_EXCEPTION_ALLOW_JIT\=NO
    export RUNTIME_EXCEPTION_ALLOW_UNSIGNED_EXECUTABLE_MEMORY\=NO
    export RUNTIME_EXCEPTION_DEBUGGING_TOOL\=NO
    export RUNTIME_EXCEPTION_DISABLE_EXECUTABLE_PAGE_PROTECTION\=NO
    export RUNTIME_EXCEPTION_DISABLE_LIBRARY_VALIDATION\=NO
    export SCAN_ALL_SOURCE_FILES_FOR_INCLUDES\=NO
    export SCRIPT_INPUT_FILE_COUNT\=0
    export SCRIPT_INPUT_FILE_LIST_COUNT\=0
    export SCRIPT_OUTPUT_FILE_COUNT\=0
    export SCRIPT_OUTPUT_FILE_LIST_COUNT\=0
    export SDKROOT\=/Applications/Xcode.app/Contents/Developer/Platforms/iPhoneSimulator.platform/Developer/SDKs/iPhoneSimulator26.2.sdk
    export SDK_DIR\=/Applications/Xcode.app/Contents/Developer/Platforms/iPhoneSimulator.platform/Developer/SDKs/iPhoneSimulator26.2.sdk
    export SDK_DIR_iphonesimulator\=/Applications/Xcode.app/Contents/Developer/Platforms/iPhoneSimulator.platform/Developer/SDKs/iPhoneSimulator26.2.sdk
    export SDK_DIR_iphonesimulator26_2\=/Applications/Xcode.app/Contents/Developer/Platforms/iPhoneSimulator.platform/Developer/SDKs/iPhoneSimulator26.2.sdk
    export SDK_NAME\=iphonesimulator26.2
    export SDK_NAMES\=iphonesimulator26.2
    export SDK_PRODUCT_BUILD_VERSION\=23C53
    export SDK_STAT_CACHE_DIR\=/Users/vinay/Library/Developer/Xcode/DerivedData
    export SDK_STAT_CACHE_ENABLE\=YES
    export SDK_STAT_CACHE_PATH\=/Users/vinay/Library/Developer/Xcode/DerivedData/SDKStatCaches.noindex/iphonesimulator26.2-23C53-7d00a8b37fbd7999ea79df8ebc024bf0.sdkstatcache
    export SDK_VERSION\=26.2
    export SDK_VERSION_ACTUAL\=260200
    export SDK_VERSION_MAJOR\=260000
    export SDK_VERSION_MINOR\=260200
    export SED\=/usr/bin/sed
    export SEPARATE_STRIP\=NO
    export SEPARATE_SYMBOL_EDIT\=NO
    export SET_DIR_MODE_OWNER_GROUP\=YES
    export SET_FILE_MODE_OWNER_GROUP\=NO
    export SHALLOW_BUNDLE\=NO
    export SHARED_DERIVED_FILE_DIR\=/Users/vinay/Library/Developer/Xcode/DerivedData/FindFood-ceewejdexqlrirddbceaqvuunhkx/Build/Products/Debug-iphonesimulator/React-RCTFBReactNativeSpec/DerivedSources
    export SHARED_PRECOMPS_DIR\=/Users/vinay/Library/Developer/Xcode/DerivedData/FindFood-ceewejdexqlrirddbceaqvuunhkx/Build/Intermediates.noindex/PrecompiledHeaders
    export SKIP_INSTALL\=YES
    export SOURCE_ROOT\=/Users/vinay/Documents/Github/FindFood/FindFood/FindFood-FE/ios/Pods
    export SRCROOT\=/Users/vinay/Documents/Github/FindFood/FindFood/FindFood-FE/ios/Pods
    export STRINGSDATA_DIR\=/Users/vinay/Library/Developer/Xcode/DerivedData/FindFood-ceewejdexqlrirddbceaqvuunhkx/Build/Intermediates.noindex/Pods.build/Debug-iphonesimulator/React-RCTFBReactNativeSpec.build/Objects-normal/undefined_arch
    export STRINGSDATA_ROOT\=/Users/vinay/Library/Developer/Xcode/DerivedData/FindFood-ceewejdexqlrirddbceaqvuunhkx/Build/Intermediates.noindex/Pods.build/Debug-iphonesimulator/React-RCTFBReactNativeSpec.build
    export STRINGS_FILE_INFOPLIST_RENAME\=YES
    export STRINGS_FILE_OUTPUT_ENCODING\=binary
    export STRING_CATALOG_GENERATE_SYMBOLS\=NO
    export STRIP_BITCODE_FROM_COPIED_FILES\=NO
    export STRIP_INSTALLED_PRODUCT\=NO
    export STRIP_STYLE\=all
    export STRIP_SWIFT_SYMBOLS\=YES
    export SUPPORTED_DEVICE_FAMILIES\=1,2
    export SUPPORTED_PLATFORMS\=iphoneos\ iphonesimulator
    export SUPPORTS_TEXT_BASED_API\=NO
    export SUPPRESS_WARNINGS\=NO
    export SWIFT_ACTIVE_COMPILATION_CONDITIONS\=\ DEBUG
    export SWIFT_EMIT_CONST_VALUE_PROTOCOLS\=AppIntent\ EntityQuery\ AppEntity\ TransientEntity\ AppEnum\ AppShortcutProviding\ AppShortcutsProvider\ AnyResolverProviding\ AppIntentsPackage\ DynamicOptionsProvider\ _IntentValueRepresentable\ _AssistantIntentsProvider\ _GenerativeFunctionExtractable\ IntentValueQuery\ Resolver\ AppExtension\ ExtensionPointDefining
    export SWIFT_EMIT_LOC_STRINGS\=NO
    export SWIFT_ENABLE_EXPLICIT_MODULES\=NO
    export SWIFT_OPTIMIZATION_LEVEL\=-Onone
    export SWIFT_PLATFORM_TARGET_PREFIX\=ios
    export SWIFT_RESPONSE_FILE_PATH_normal_arm64\=/Users/vinay/Library/Developer/Xcode/DerivedData/FindFood-ceewejdexqlrirddbceaqvuunhkx/Build/Intermediates.noindex/Pods.build/Debug-iphonesimulator/React-RCTFBReactNativeSpec.build/Objects-normal/arm64/React-RCTFBReactNativeSpec.SwiftFileList
    export SWIFT_VERSION\=5.0
    export SYMROOT\=/Users/vinay/Library/Developer/Xcode/DerivedData/FindFood-ceewejdexqlrirddbceaqvuunhkx/Build/Products
    export SYSTEM_ADMIN_APPS_DIR\=/Applications/Utilities
    export SYSTEM_APPS_DIR\=/Applications
    export SYSTEM_CORE_SERVICES_DIR\=/System/Library/CoreServices
    export SYSTEM_DEMOS_DIR\=/Applications/Extras
    export SYSTEM_DEVELOPER_APPS_DIR\=/Applications/Xcode.app/Contents/Developer/Applications
    export SYSTEM_DEVELOPER_BIN_DIR\=/Applications/Xcode.app/Contents/Developer/usr/bin
    export SYSTEM_DEVELOPER_DEMOS_DIR\=/Applications/Xcode.app/Contents/Developer/Applications/Utilities/Built\ Examples
    export SYSTEM_DEVELOPER_DIR\=/Applications/Xcode.app/Contents/Developer
    export SYSTEM_DEVELOPER_DOC_DIR\=/Applications/Xcode.app/Contents/Developer/ADC\ Reference\ Library
    export SYSTEM_DEVELOPER_GRAPHICS_TOOLS_DIR\=/Applications/Xcode.app/Contents/Developer/Applications/Graphics\ Tools
    export SYSTEM_DEVELOPER_JAVA_TOOLS_DIR\=/Applications/Xcode.app/Contents/Developer/Applications/Java\ Tools
    export SYSTEM_DEVELOPER_PERFORMANCE_TOOLS_DIR\=/Applications/Xcode.app/Contents/Developer/Applications/Performance\ Tools
    export SYSTEM_DEVELOPER_RELEASENOTES_DIR\=/Applications/Xcode.app/Contents/Developer/ADC\ Reference\ Library/releasenotes
    export SYSTEM_DEVELOPER_TOOLS\=/Applications/Xcode.app/Contents/Developer/Tools
    export SYSTEM_DEVELOPER_TOOLS_DOC_DIR\=/Applications/Xcode.app/Contents/Developer/ADC\ Reference\ Library/documentation/DeveloperTools
    export SYSTEM_DEVELOPER_TOOLS_RELEASENOTES_DIR\=/Applications/Xcode.app/Contents/Developer/ADC\ Reference\ Library/releasenotes/DeveloperTools
    export SYSTEM_DEVELOPER_USR_DIR\=/Applications/Xcode.app/Contents/Developer/usr
    export SYSTEM_DEVELOPER_UTILITIES_DIR\=/Applications/Xcode.app/Contents/Developer/Applications/Utilities
    export SYSTEM_DEXT_INSTALL_PATH\=/System/Library/DriverExtensions
    export SYSTEM_DOCUMENTATION_DIR\=/Library/Documentation
    export SYSTEM_KEXT_INSTALL_PATH\=/System/Library/Extensions
    export SYSTEM_LIBRARY_DIR\=/System/Library
    export TAPI_DEMANGLE\=YES
    export TAPI_ENABLE_PROJECT_HEADERS\=NO
    export TAPI_LANGUAGE\=objective-c
    export TAPI_LANGUAGE_STANDARD\=compiler-default
    export TAPI_USE_SRCROOT\=YES
    export TAPI_VERIFY_MODE\=Pedantic
    export TARGETED_DEVICE_FAMILY\=1,2
    export TARGETNAME\=React-RCTFBReactNativeSpec
    export TARGET_BUILD_DIR\=/Users/vinay/Library/Developer/Xcode/DerivedData/FindFood-ceewejdexqlrirddbceaqvuunhkx/Build/Products/Debug-iphonesimulator/React-RCTFBReactNativeSpec
    export TARGET_DEVICE_IDENTIFIER\=3C87BD02-CE09-4166-8EA9-2E43247858B8
    export TARGET_DEVICE_MODEL\=iPhone18,1
    export TARGET_DEVICE_OS_VERSION\=26.2
    export TARGET_DEVICE_PLATFORM_NAME\=iphonesimulator
    export TARGET_NAME\=React-RCTFBReactNativeSpec
    export TARGET_TEMP_DIR\=/Users/vinay/Library/Developer/Xcode/DerivedData/FindFood-ceewejdexqlrirddbceaqvuunhkx/Build/Intermediates.noindex/Pods.build/Debug-iphonesimulator/React-RCTFBReactNativeSpec.build
    export TEMP_DIR\=/Users/vinay/Library/Developer/Xcode/DerivedData/FindFood-ceewejdexqlrirddbceaqvuunhkx/Build/Intermediates.noindex/Pods.build/Debug-iphonesimulator/React-RCTFBReactNativeSpec.build
    export TEMP_FILES_DIR\=/Users/vinay/Library/Developer/Xcode/DerivedData/FindFood-ceewejdexqlrirddbceaqvuunhkx/Build/Intermediates.noindex/Pods.build/Debug-iphonesimulator/React-RCTFBReactNativeSpec.build
    export TEMP_FILE_DIR\=/Users/vinay/Library/Developer/Xcode/DerivedData/FindFood-ceewejdexqlrirddbceaqvuunhkx/Build/Intermediates.noindex/Pods.build/Debug-iphonesimulator/React-RCTFBReactNativeSpec.build
    export TEMP_ROOT\=/Users/vinay/Library/Developer/Xcode/DerivedData/FindFood-ceewejdexqlrirddbceaqvuunhkx/Build/Intermediates.noindex
    export TEMP_SANDBOX_DIR\=/Users/vinay/Library/Developer/Xcode/DerivedData/FindFood-ceewejdexqlrirddbceaqvuunhkx/Build/Intermediates.noindex/TemporaryTaskSandboxes
    export TEST_FRAMEWORK_SEARCH_PATHS\=\ /Applications/Xcode.app/Contents/Developer/Platforms/iPhoneSimulator.platform/Developer/Library/Frameworks\ /Applications/Xcode.app/Contents/Developer/Platforms/iPhoneSimulator.platform/Developer/SDKs/iPhoneSimulator26.2.sdk/Developer/Library/Frameworks
    export TEST_LIBRARY_SEARCH_PATHS\=\ /Applications/Xcode.app/Contents/Developer/Platforms/iPhoneSimulator.platform/Developer/usr/lib
    export TOOLCHAINS\=com.apple.dt.toolchain.XcodeDefault
    export TOOLCHAIN_DIR\=/Applications/Xcode.app/Contents/Developer/Toolchains/XcodeDefault.xctoolchain
    export TREAT_MISSING_BASELINES_AS_TEST_FAILURES\=NO
    export TREAT_MISSING_SCRIPT_PHASE_OUTPUTS_AS_ERRORS\=NO
    export UID\=501
    export UNINSTALLED_PRODUCTS_DIR\=/Users/vinay/Library/Developer/Xcode/DerivedData/FindFood-ceewejdexqlrirddbceaqvuunhkx/Build/Intermediates.noindex/UninstalledProducts
    export UNSTRIPPED_PRODUCT\=NO
    export USER\=vinay
    export USER_APPS_DIR\=/Users/vinay/Applications
    export USER_LIBRARY_DIR\=/Users/vinay/Library
    export USE_DYNAMIC_NO_PIC\=YES
    export USE_HEADERMAP\=NO
    export USE_HEADER_SYMLINKS\=NO
    export USE_HERMES\=true
    export USE_RECURSIVE_SCRIPT_INPUTS_IN_SCRIPT_PHASES\=YES
    export VALIDATE_DEVELOPMENT_ASSET_PATHS\=YES_ERROR
    export VALIDATE_PRODUCT\=NO
    export VALID_ARCHS\=arm64\ x86_64
    export VERBOSE_PBXCP\=NO
    export VERSION_INFO_BUILDER\=vinay
    export VERSION_INFO_FILE\=React-RCTFBReactNativeSpec_vers.c
    export VERSION_INFO_STRING\=\"@\(\#\)PROGRAM:React-RCTFBReactNativeSpec\ \ PROJECT:Pods-\"
    export WORKSPACE_DIR\=/Users/vinay/Documents/Github/FindFood/FindFood/FindFood-FE/ios
    export WRAP_ASSET_PACKS_IN_SEPARATE_DIRECTORIES\=NO
    export XCODE_APP_SUPPORT_DIR\=/Applications/Xcode.app/Contents/Developer/Library/Xcode
    export XCODE_PRODUCT_BUILD_VERSION\=17C52
    export XCODE_VERSION_ACTUAL\=2620
    export XCODE_VERSION_MAJOR\=2600
    export XCODE_VERSION_MINOR\=2620
    export XPCSERVICES_FOLDER_PATH\=/XPCServices
    export YACC\=yacc
    export _DISCOVER_COMMAND_LINE_LINKER_INPUTS\=YES
    export _DISCOVER_COMMAND_LINE_LINKER_INPUTS_INCLUDE_WL\=YES
    export _LD_MULTIARCH\=YES
    export __DIAGNOSE_DEPRECATED_ARCHS\=YES
    export arch\=undefined_arch
    export variant\=normal
    /bin/sh -c /Users/vinay/Library/Developer/Xcode/DerivedData/FindFood-ceewejdexqlrirddbceaqvuunhkx/Build/Intermediates.noindex/Pods.build/Debug-iphonesimulator/React-RCTFBReactNativeSpec.build/Script-46EB2E00020E50.sh
Checking whether Codegen has run...

warning: Run script build phase '[CP-User] react-native-maps patches' will be run during every build because it does not specify any outputs. To address this issue, either add output dependencies to the script phase, or configure it to run in every build by unchecking "Based on dependency analysis" in the script phase. (in target 'react-native-maps' from project 'Pods')
PhaseScriptExecution [CP-User]\ react-native-maps\ patches /Users/vinay/Library/Developer/Xcode/DerivedData/FindFood-ceewejdexqlrirddbceaqvuunhkx/Build/Intermediates.noindex/Pods.build/Debug-iphonesimulator/react-native-maps.build/Script-46EB2E00020EB0.sh (in target 'react-native-maps' from project 'Pods')
    cd /Users/vinay/Documents/Github/FindFood/FindFood/FindFood-FE/ios/Pods
    export ACTION\=build
    export AD_HOC_CODE_SIGNING_ALLOWED\=YES
    export ALLOW_BUILD_REQUEST_OVERRIDES\=NO
    export ALLOW_TARGET_PLATFORM_SPECIALIZATION\=NO
    export ALTERNATE_GROUP\=staff
    export ALTERNATE_MODE\=u+w,go-w,a+rX
    export ALTERNATE_OWNER\=vinay
    export ALTERNATIVE_DISTRIBUTION_WEB\=NO
    export ALWAYS_EMBED_SWIFT_STANDARD_LIBRARIES\=NO
    export ALWAYS_SEARCH_USER_PATHS\=NO
    export ALWAYS_USE_SEPARATE_HEADERMAPS\=NO
    export APPLICATION_EXTENSION_API_ONLY\=NO
    export APPLY_RULES_IN_COPY_FILES\=NO
    export APPLY_RULES_IN_COPY_HEADERS\=NO
    export APP_SHORTCUTS_ENABLE_FLEXIBLE_MATCHING\=YES
    export ARCHS\=arm64
    export ARCHS_STANDARD\=arm64\ x86_64
    export ARCHS_STANDARD_32_64_BIT\=arm64\ x86_64
    export ARCHS_STANDARD_64_BIT\=arm64\ x86_64
    export ARCHS_STANDARD_INCLUDING_64_BIT\=arm64\ x86_64
    export ARCHS_UNIVERSAL_IPHONE_OS\=arm64\ x86_64
    export ASSETCATALOG_FILTER_FOR_DEVICE_MODEL\=iPhone18,1
    export ASSETCATALOG_FILTER_FOR_DEVICE_OS_VERSION\=26.2
    export ASSETCATALOG_FILTER_FOR_THINNING_DEVICE_CONFIGURATION\=iPhone18,1
    export AUTOMATICALLY_MERGE_DEPENDENCIES\=NO
    export AUTOMATION_APPLE_EVENTS\=NO
    export AVAILABLE_PLATFORMS\=android\ appletvos\ appletvsimulator\ driverkit\ iphoneos\ iphonesimulator\ macosx\ qnx\ watchos\ watchsimulator\ webassembly\ xros\ xrsimulator
    export BUILD_ACTIVE_RESOURCES_ONLY\=YES
    export BUILD_COMPONENTS\=headers\ build
    export BUILD_DIR\=/Users/vinay/Library/Developer/Xcode/DerivedData/FindFood-ceewejdexqlrirddbceaqvuunhkx/Build/Products
    export BUILD_LIBRARY_FOR_DISTRIBUTION\=NO
    export BUILD_ROOT\=/Users/vinay/Library/Developer/Xcode/DerivedData/FindFood-ceewejdexqlrirddbceaqvuunhkx/Build/Products
    export BUILD_STYLE\=
    export BUILD_VARIANTS\=normal
    export BUILT_PRODUCTS_DIR\=/Users/vinay/Library/Developer/Xcode/DerivedData/FindFood-ceewejdexqlrirddbceaqvuunhkx/Build/Products/Debug-iphonesimulator/react-native-maps
    export BUNDLE_CONTENTS_FOLDER_PATH_deep\=Contents/
    export BUNDLE_EXECUTABLE_FOLDER_NAME_deep\=MacOS
    export BUNDLE_EXTENSIONS_FOLDER_PATH\=Extensions
    export BUNDLE_FORMAT\=shallow
    export BUNDLE_FRAMEWORKS_FOLDER_PATH\=Frameworks
    export BUNDLE_PLUGINS_FOLDER_PATH\=PlugIns
    export BUNDLE_PRIVATE_HEADERS_FOLDER_PATH\=PrivateHeaders
    export BUNDLE_PUBLIC_HEADERS_FOLDER_PATH\=Headers
    export CACHE_ROOT\=/var/folders/06/_s174lw542d0bq70l6m4_t8r0000gn/C/com.apple.DeveloperTools/26.2-17C52/Xcode
    export CCHROOT\=/var/folders/06/_s174lw542d0bq70l6m4_t8r0000gn/C/com.apple.DeveloperTools/26.2-17C52/Xcode
    export CHMOD\=/bin/chmod
    export CHOWN\=/usr/sbin/chown
    export CLANG_ANALYZER_LOCALIZABILITY_NONLOCALIZED\=YES
    export CLANG_ANALYZER_NONNULL\=YES
    export CLANG_ANALYZER_NUMBER_OBJECT_CONVERSION\=YES_AGGRESSIVE
    export CLANG_CACHE_FINE_GRAINED_OUTPUTS\=YES
    export CLANG_CXX_LANGUAGE_STANDARD\=c++20
    export CLANG_CXX_LIBRARY\=libc++
    export CLANG_ENABLE_EXPLICIT_MODULES\=YES
    export CLANG_ENABLE_MODULES\=YES
    export CLANG_ENABLE_MODULE_DEBUGGING\=NO
    export CLANG_ENABLE_OBJC_ARC\=YES
    export CLANG_ENABLE_OBJC_WEAK\=NO
    export CLANG_MODULES_BUILD_SESSION_FILE\=/Users/vinay/Library/Developer/Xcode/DerivedData/ModuleCache.noindex/Session.modulevalidation
    export CLANG_WARN_BLOCK_CAPTURE_AUTORELEASING\=YES
    export CLANG_WARN_BOOL_CONVERSION\=YES
    export CLANG_WARN_COMMA\=YES
    export CLANG_WARN_CONSTANT_CONVERSION\=YES
    export CLANG_WARN_DEPRECATED_OBJC_IMPLEMENTATIONS\=YES
    export CLANG_WARN_DIRECT_OBJC_ISA_USAGE\=YES_ERROR
    export CLANG_WARN_DOCUMENTATION_COMMENTS\=YES
    export CLANG_WARN_EMPTY_BODY\=YES
    export CLANG_WARN_ENUM_CONVERSION\=YES
    export CLANG_WARN_INFINITE_RECURSION\=YES
    export CLANG_WARN_INT_CONVERSION\=YES
    export CLANG_WARN_NON_LITERAL_NULL_CONVERSION\=YES
    export CLANG_WARN_OBJC_IMPLICIT_RETAIN_SELF\=YES
    export CLANG_WARN_OBJC_LITERAL_CONVERSION\=YES
    export CLANG_WARN_OBJC_ROOT_CLASS\=YES_ERROR
    export CLANG_WARN_QUOTED_INCLUDE_IN_FRAMEWORK_HEADER\=NO
    export CLANG_WARN_RANGE_LOOP_ANALYSIS\=YES
    export CLANG_WARN_STRICT_PROTOTYPES\=YES
    export CLANG_WARN_SUSPICIOUS_MOVE\=YES
    export CLANG_WARN_UNGUARDED_AVAILABILITY\=YES_AGGRESSIVE
    export CLANG_WARN_UNREACHABLE_CODE\=YES
    export CLANG_WARN__DUPLICATE_METHOD_MATCH\=YES
    export CLASS_FILE_DIR\=/Users/vinay/Library/Developer/Xcode/DerivedData/FindFood-ceewejdexqlrirddbceaqvuunhkx/Build/Intermediates.noindex/Pods.build/Debug-iphonesimulator/react-native-maps.build/JavaClasses
    export CLEAN_PRECOMPS\=YES
    export CLONE_HEADERS\=NO
    export CODESIGNING_FOLDER_PATH\=/Users/vinay/Library/Developer/Xcode/DerivedData/FindFood-ceewejdexqlrirddbceaqvuunhkx/Build/Products/Debug-iphonesimulator/react-native-maps/libreact-native-maps.a
    export CODE_SIGNING_ALLOWED\=NO
    export CODE_SIGNING_REQUIRED\=YES
    export CODE_SIGN_CONTEXT_CLASS\=XCiPhoneSimulatorCodeSignContext
    export CODE_SIGN_IDENTITY\=-
    export CODE_SIGN_INJECT_BASE_ENTITLEMENTS\=YES
    export COLOR_DIAGNOSTICS\=NO
    export COMBINE_HIDPI_IMAGES\=NO
    export COMPILATION_CACHE_CAS_PATH\=/Users/vinay/Library/Developer/Xcode/DerivedData/CompilationCache.noindex
    export COMPILATION_CACHE_KEEP_CAS_DIRECTORY\=YES
    export COMPILER_INDEX_STORE_ENABLE\=Default
    export COMPOSITE_SDK_DIRS\=/Users/vinay/Library/Developer/Xcode/DerivedData/FindFood-ceewejdexqlrirddbceaqvuunhkx/Build/Intermediates.noindex/CompositeSDKs
    export COMPRESS_PNG_FILES\=YES
    export CONFIGURATION\=Debug
    export CONFIGURATION_BUILD_DIR\=/Users/vinay/Library/Developer/Xcode/DerivedData/FindFood-ceewejdexqlrirddbceaqvuunhkx/Build/Products/Debug-iphonesimulator/react-native-maps
    export CONFIGURATION_TEMP_DIR\=/Users/vinay/Library/Developer/Xcode/DerivedData/FindFood-ceewejdexqlrirddbceaqvuunhkx/Build/Intermediates.noindex/Pods.build/Debug-iphonesimulator
    export COPYING_PRESERVES_HFS_DATA\=NO
    export COPY_HEADERS_RUN_UNIFDEF\=NO
    export COPY_PHASE_STRIP\=NO
    export CORRESPONDING_DEVICE_PLATFORM_DIR\=/Applications/Xcode.app/Contents/Developer/Platforms/iPhoneOS.platform
    export CORRESPONDING_DEVICE_PLATFORM_NAME\=iphoneos
    export CORRESPONDING_DEVICE_SDK_DIR\=/Applications/Xcode.app/Contents/Developer/Platforms/iPhoneOS.platform/Developer/SDKs/iPhoneOS26.2.sdk
    export CORRESPONDING_DEVICE_SDK_NAME\=iphoneos26.2
    export CP\=/bin/cp
    export CREATE_INFOPLIST_SECTION_IN_BINARY\=NO
    export CURRENT_ARCH\=undefined_arch
    export CURRENT_VARIANT\=normal
    export DEAD_CODE_STRIPPING\=YES
    export DEBUGGING_SYMBOLS\=YES
    export DEBUG_INFORMATION_FORMAT\=dwarf
    export DEBUG_INFORMATION_VERSION\=compiler-default
    export DEFAULT_COMPILER\=com.apple.compilers.llvm.clang.1_0
    export DEFAULT_DEXT_INSTALL_PATH\=/System/Library/DriverExtensions
    export DEFAULT_KEXT_INSTALL_PATH\=/System/Library/Extensions
    export DEFINES_MODULE\=NO
    export DEPLOYMENT_LOCATION\=NO
    export DEPLOYMENT_POSTPROCESSING\=NO
    export DEPLOYMENT_TARGET_SETTING_NAME\=IPHONEOS_DEPLOYMENT_TARGET
    export DEPLOYMENT_TARGET_SUGGESTED_VALUES\=12.0\ 12.1\ 12.2\ 12.3\ 12.4\ 13.0\ 13.1\ 13.2\ 13.3\ 13.4\ 13.5\ 13.6\ 14.0\ 14.1\ 14.2\ 14.3\ 14.4\ 14.5\ 14.6\ 14.7\ 15.0\ 15.1\ 15.2\ 15.3\ 15.4\ 15.5\ 15.6\ 16.0\ 16.1\ 16.2\ 16.3\ 16.4\ 16.5\ 16.6\ 17.0\ 17.1\ 17.2\ 17.3\ 17.4\ 17.5\ 17.6\ 18.0\ 18.1\ 18.2\ 18.3\ 18.4\ 18.5\ 18.6\ 26.0\ 26.1\ 26.2
    export DERIVED_FILES_DIR\=/Users/vinay/Library/Developer/Xcode/DerivedData/FindFood-ceewejdexqlrirddbceaqvuunhkx/Build/Intermediates.noindex/Pods.build/Debug-iphonesimulator/react-native-maps.build/DerivedSources
    export DERIVED_FILE_DIR\=/Users/vinay/Library/Developer/Xcode/DerivedData/FindFood-ceewejdexqlrirddbceaqvuunhkx/Build/Intermediates.noindex/Pods.build/Debug-iphonesimulator/react-native-maps.build/DerivedSources
    export DERIVED_SOURCES_DIR\=/Users/vinay/Library/Developer/Xcode/DerivedData/FindFood-ceewejdexqlrirddbceaqvuunhkx/Build/Intermediates.noindex/Pods.build/Debug-iphonesimulator/react-native-maps.build/DerivedSources
    export DEVELOPER_APPLICATIONS_DIR\=/Applications/Xcode.app/Contents/Developer/Applications
    export DEVELOPER_BIN_DIR\=/Applications/Xcode.app/Contents/Developer/usr/bin
    export DEVELOPER_DIR\=/Applications/Xcode.app/Contents/Developer
    export DEVELOPER_FRAMEWORKS_DIR\=/Applications/Xcode.app/Contents/Developer/Library/Frameworks
    export DEVELOPER_FRAMEWORKS_DIR_QUOTED\=/Applications/Xcode.app/Contents/Developer/Library/Frameworks
    export DEVELOPER_LIBRARY_DIR\=/Applications/Xcode.app/Contents/Developer/Library
    export DEVELOPER_SDK_DIR\=/Applications/Xcode.app/Contents/Developer/Platforms/MacOSX.platform/Developer/SDKs
    export DEVELOPER_TOOLS_DIR\=/Applications/Xcode.app/Contents/Developer/Tools
    export DEVELOPER_USR_DIR\=/Applications/Xcode.app/Contents/Developer/usr
    export DEVELOPMENT_LANGUAGE\=en
    export DIAGNOSE_MISSING_TARGET_DEPENDENCIES\=YES
    export DIFF\=/usr/bin/diff
    export DONT_GENERATE_INFOPLIST_FILE\=NO
    export DSTROOT\=/tmp/Pods.dst
    export DT_TOOLCHAIN_DIR\=/Applications/Xcode.app/Contents/Developer/Toolchains/XcodeDefault.xctoolchain
    export DWARF_DSYM_FILE_NAME\=libreact-native-maps.a.dSYM
    export DWARF_DSYM_FILE_SHOULD_ACCOMPANY_PRODUCT\=NO
    export DWARF_DSYM_FOLDER_PATH\=/Users/vinay/Library/Developer/Xcode/DerivedData/FindFood-ceewejdexqlrirddbceaqvuunhkx/Build/Products/Debug-iphonesimulator/react-native-maps
    export DYNAMIC_LIBRARY_EXTENSION\=dylib
    export EAGER_COMPILATION_ALLOW_SCRIPTS\=NO
    export EAGER_LINKING\=NO
    export EFFECTIVE_PLATFORM_NAME\=-iphonesimulator
    export EMBEDDED_CONTENT_CONTAINS_SWIFT\=NO
    export EMBED_ASSET_PACKS_IN_PRODUCT_BUNDLE\=NO
    export ENABLE_APP_SANDBOX\=NO
    export ENABLE_CODE_COVERAGE\=YES
    export ENABLE_CPLUSPLUS_BOUNDS_SAFE_BUFFERS\=NO
    export ENABLE_C_BOUNDS_SAFETY\=NO
    export ENABLE_DEFAULT_HEADER_SEARCH_PATHS\=YES
    export ENABLE_DEFAULT_SEARCH_PATHS\=YES
    export ENABLE_ENHANCED_SECURITY\=NO
    export ENABLE_HARDENED_RUNTIME\=NO
    export ENABLE_HEADER_DEPENDENCIES\=YES
    export ENABLE_INCOMING_NETWORK_CONNECTIONS\=NO
    export ENABLE_MODULE_VERIFIER\=NO
    export ENABLE_ON_DEMAND_RESOURCES\=NO
    export ENABLE_OUTGOING_NETWORK_CONNECTIONS\=NO
    export ENABLE_POINTER_AUTHENTICATION\=NO
    export ENABLE_PREVIEWS\=NO
    export ENABLE_RESOURCE_ACCESS_AUDIO_INPUT\=NO
    export ENABLE_RESOURCE_ACCESS_BLUETOOTH\=NO
    export ENABLE_RESOURCE_ACCESS_CALENDARS\=NO
    export ENABLE_RESOURCE_ACCESS_CAMERA\=NO
    export ENABLE_RESOURCE_ACCESS_CONTACTS\=NO
    export ENABLE_RESOURCE_ACCESS_LOCATION\=NO
    export ENABLE_RESOURCE_ACCESS_PHOTO_LIBRARY\=NO
    export ENABLE_RESOURCE_ACCESS_PRINTING\=NO
    export ENABLE_RESOURCE_ACCESS_USB\=NO
    export ENABLE_SDK_IMPORTS\=NO
    export ENABLE_SECURITY_COMPILER_WARNINGS\=NO
    export ENABLE_STRICT_OBJC_MSGSEND\=YES
    export ENABLE_TESTABILITY\=YES
    export ENABLE_TESTING_SEARCH_PATHS\=NO
    export ENABLE_USER_SCRIPT_SANDBOXING\=NO
    export ENABLE_XOJIT_PREVIEWS\=YES
    export ENFORCE_VALID_ARCHS\=YES
    export ENTITLEMENTS_DESTINATION\=__entitlements
    export ENTITLEMENTS_REQUIRED\=YES
    export EXCLUDED_INSTALLSRC_SUBDIRECTORY_PATTERNS\=.DS_Store\ .svn\ .git\ .hg\ CVS
    export EXCLUDED_RECURSIVE_SEARCH_PATH_SUBDIRECTORIES\=\*.nib\ \*.lproj\ \*.framework\ \*.gch\ \*.xcode\*\ \*.xcassets\ \*.icon\ \(\*\)\ .DS_Store\ CVS\ .svn\ .git\ .hg\ \*.pbproj\ \*.pbxproj
    export EXECUTABLE_EXTENSION\=a
    export EXECUTABLE_NAME\=libreact-native-maps.a
    export EXECUTABLE_PATH\=libreact-native-maps.a
    export EXECUTABLE_PREFIX\=lib
    export EXECUTABLE_SUFFIX\=.a
    export FILE_LIST\=/Users/vinay/Library/Developer/Xcode/DerivedData/FindFood-ceewejdexqlrirddbceaqvuunhkx/Build/Intermediates.noindex/Pods.build/Debug-iphonesimulator/react-native-maps.build/Objects/LinkFileList
    export FIXED_FILES_DIR\=/Users/vinay/Library/Developer/Xcode/DerivedData/FindFood-ceewejdexqlrirddbceaqvuunhkx/Build/Intermediates.noindex/Pods.build/Debug-iphonesimulator/react-native-maps.build/FixedFiles
    export FRAMEWORK_FLAG_PREFIX\=-framework
    export FRAMEWORK_SEARCH_PATHS\=/Users/vinay/Library/Developer/Xcode/DerivedData/FindFood-ceewejdexqlrirddbceaqvuunhkx/Build/Products/Debug-iphonesimulator/react-native-maps\ \ \"/Users/vinay/Documents/Github/FindFood/FindFood/FindFood-FE/ios/Pods/React-Core-prebuilt\"\ \"/Users/vinay/Documents/Github/FindFood/FindFood/FindFood-FE/ios/Pods/ReactNativeDependencies/framework/packages/react-native\"\ \"/Users/vinay/Documents/Github/FindFood/FindFood/FindFood-FE/ios/Pods/hermes-engine/destroot/Library/Frameworks/universal\"\ \"/Users/vinay/Library/Developer/Xcode/DerivedData/FindFood-ceewejdexqlrirddbceaqvuunhkx/Build/Products/Debug-iphonesimulator/XCFrameworkIntermediates/React-Core-prebuilt\"\ \"/Users/vinay/Library/Developer/Xcode/DerivedData/FindFood-ceewejdexqlrirddbceaqvuunhkx/Build/Products/Debug-iphonesimulator/XCFrameworkIntermediates/ReactNativeDependencies\"\ \"/Users/vinay/Library/Developer/Xcode/DerivedData/FindFood-ceewejdexqlrirddbceaqvuunhkx/Build/Products/Debug-iphonesimulator/XCFrameworkIntermediates/hermes-engine/Pre-built\"
    export FRAMEWORK_VERSION\=A
    export FULL_PRODUCT_NAME\=libreact-native-maps.a
    export FUSE_BUILD_PHASES\=YES
    export FUSE_BUILD_SCRIPT_PHASES\=NO
    export GCC3_VERSION\=3.3
    export GCC_C_LANGUAGE_STANDARD\=gnu11
    export GCC_DYNAMIC_NO_PIC\=NO
    export GCC_NO_COMMON_BLOCKS\=YES
    export GCC_OBJC_LEGACY_DISPATCH\=YES
    export GCC_OPTIMIZATION_LEVEL\=0
    export GCC_PFE_FILE_C_DIALECTS\=c\ objective-c\ c++\ objective-c++
    export GCC_PREFIX_HEADER\=Target\ Support\ Files/react-native-maps/react-native-maps-prefix.pch
    export GCC_PREPROCESSOR_DEFINITIONS\=POD_CONFIGURATION_DEBUG\=1\ DEBUG\=1\ \ COCOAPODS\=1
    export GCC_TREAT_WARNINGS_AS_ERRORS\=NO
    export GCC_VERSION\=com.apple.compilers.llvm.clang.1_0
    export GCC_VERSION_IDENTIFIER\=com_apple_compilers_llvm_clang_1_0
    export GCC_WARN_64_TO_32_BIT_CONVERSION\=YES
    export GCC_WARN_ABOUT_RETURN_TYPE\=YES_ERROR
    export GCC_WARN_UNDECLARED_SELECTOR\=YES
    export GCC_WARN_UNINITIALIZED_AUTOS\=YES_AGGRESSIVE
    export GCC_WARN_UNUSED_FUNCTION\=YES
    export GCC_WARN_UNUSED_VARIABLE\=YES
    export GENERATED_MODULEMAP_DIR\=/Users/vinay/Library/Developer/Xcode/DerivedData/FindFood-ceewejdexqlrirddbceaqvuunhkx/Build/Intermediates.noindex/GeneratedModuleMaps-iphonesimulator
    export GENERATE_INFOPLIST_FILE\=NO
    export GENERATE_INTERMEDIATE_TEXT_BASED_STUBS\=YES
    export GENERATE_PKGINFO_FILE\=NO
    export GENERATE_PRELINK_OBJECT_FILE\=NO
    export GENERATE_PROFILING_CODE\=NO
    export GENERATE_TEXT_BASED_STUBS\=NO
    export GID\=20
    export GROUP\=staff
    export HEADERMAP_INCLUDES_FLAT_ENTRIES_FOR_TARGET_BEING_BUILT\=YES
    export HEADERMAP_INCLUDES_FRAMEWORK_ENTRIES_FOR_ALL_PRODUCT_TYPES\=YES
    export HEADERMAP_INCLUDES_FRAMEWORK_ENTRIES_FOR_TARGETS_NOT_BEING_BUILT\=YES
    export HEADERMAP_INCLUDES_NONPUBLIC_NONPRIVATE_HEADERS\=YES
    export HEADERMAP_INCLUDES_PROJECT_HEADERS\=YES
    export HEADERMAP_USES_FRAMEWORK_PREFIX_ENTRIES\=YES
    export HEADERMAP_USES_VFS\=NO
    export HEADER_SEARCH_PATHS\=/Users/vinay/Library/Developer/Xcode/DerivedData/FindFood-ceewejdexqlrirddbceaqvuunhkx/Build/Products/Debug-iphonesimulator/react-native-maps/include\ \ \"/Users/vinay/Documents/Github/FindFood/FindFood/FindFood-FE/ios/Pods/Headers/Private\"\ \"/Users/vinay/Documents/Github/FindFood/FindFood/FindFood-FE/ios/Pods/Headers/Private/react-native-maps\"\ \"/Users/vinay/Documents/Github/FindFood/FindFood/FindFood-FE/ios/Pods/Headers/Public\"\ \"/Users/vinay/Documents/Github/FindFood/FindFood/FindFood-FE/ios/Pods/Headers/Public/FBLazyVector\"\ \"/Users/vinay/Documents/Github/FindFood/FindFood/FindFood-FE/ios/Pods/Headers/Public/RCTDeprecation\"\ \"/Users/vinay/Documents/Github/FindFood/FindFood/FindFood-FE/ios/Pods/Headers/Public/RCTRequired\"\ \"/Users/vinay/Documents/Github/FindFood/FindFood/FindFood-FE/ios/Pods/Headers/Public/RCTTypeSafety\"\ \"/Users/vinay/Documents/Github/FindFood/FindFood/FindFood-FE/ios/Pods/Headers/Public/React-Core\"\ \"/Users/vinay/Documents/Github/FindFood/FindFood/FindFood-FE/ios/Pods/Headers/Public/React-Core-prebuilt\"\ \"/Users/vinay/Documents/Github/FindFood/FindFood/FindFood-FE/ios/Pods/Headers/Public/React-CoreModules\"\ \"/Users/vinay/Documents/Github/FindFood/FindFood/FindFood-FE/ios/Pods/Headers/Public/React-Fabric\"\ \"/Users/vinay/Documents/Github/FindFood/FindFood/FindFood-FE/ios/Pods/Headers/Public/React-FabricComponents\"\ \"/Users/vinay/Documents/Github/FindFood/FindFood/FindFood-FE/ios/Pods/Headers/Public/React-FabricImage\"\ \"/Users/vinay/Documents/Github/FindFood/FindFood/FindFood-FE/ios/Pods/Headers/Public/React-ImageManager\"\ \"/Users/vinay/Documents/Github/FindFood/FindFood/FindFood-FE/ios/Pods/Headers/Public/React-Mapbuffer\"\ \"/Users/vinay/Documents/Github/FindFood/FindFood/FindFood-FE/ios/Pods/Headers/Public/React-NativeModulesApple\"\ \"/Users/vinay/Documents/Github/FindFood/FindFood/FindFood-FE/ios/Pods/Headers/Public/React-RCTAnimation\"\ \"/Users/vinay/Documents/Github/FindFood/FindFood/FindFood-FE/ios/Pods/Headers/Public/React-RCTAppDelegate\"\ \"/Users/vinay/Documents/Github/FindFood/FindFood/FindFood-FE/ios/Pods/Headers/Public/React-RCTBlob\"\ \"/Users/vinay/Documents/Github/FindFood/FindFood/FindFood-FE/ios/Pods/Headers/Public/React-RCTFBReactNativeSpec\"\ \"/Users/vinay/Documents/Github/FindFood/FindFood/FindFood-FE/ios/Pods/Headers/Public/React-RCTFabric\"\ \"/Users/vinay/Documents/Github/FindFood/FindFood/FindFood-FE/ios/Pods/Headers/Public/React-RCTImage\"\ \"/Users/vinay/Documents/Github/FindFood/FindFood/FindFood-FE/ios/Pods/Headers/Public/React-RCTRuntime\"\ \"/Users/vinay/Documents/Github/FindFood/FindFood/FindFood-FE/ios/Pods/Headers/Public/React-RCTText\"\ \"/Users/vinay/Documents/Github/FindFood/FindFood/FindFood-FE/ios/Pods/Headers/Public/React-RuntimeApple\"\ \"/Users/vinay/Documents/Github/FindFood/FindFood/FindFood-FE/ios/Pods/Headers/Public/React-RuntimeCore\"\ \"/Users/vinay/Documents/Github/FindFood/FindFood/FindFood-FE/ios/Pods/Headers/Public/React-RuntimeHermes\"\ \"/Users/vinay/Documents/Github/FindFood/FindFood/FindFood-FE/ios/Pods/Headers/Public/React-callinvoker\"\ \"/Users/vinay/Documents/Github/FindFood/FindFood/FindFood-FE/ios/Pods/Headers/Public/React-cxxreact\"\ \"/Users/vinay/Documents/Github/FindFood/FindFood/FindFood-FE/ios/Pods/Headers/Public/React-debug\"\ \"/Users/vinay/Documents/Github/FindFood/FindFood/FindFood-FE/ios/Pods/Headers/Public/React-defaultsnativemodule\"\ \"/Users/vinay/Documents/Github/FindFood/FindFood/FindFood-FE/ios/Pods/Headers/Public/React-domnativemodule\"\ \"/Users/vinay/Documents/Github/FindFood/FindFood/FindFood-FE/ios/Pods/Headers/Public/React-featureflags\"\ \"/Users/vinay/Documents/Github/FindFood/FindFood/FindFood-FE/ios/Pods/Headers/Public/React-featureflagsnativemodule\"\ \"/Users/vinay/Documents/Github/FindFood/FindFood/FindFood-FE/ios/Pods/Headers/Public/React-graphics\"\ \"/Users/vinay/Documents/Github/FindFood/FindFood/FindFood-FE/ios/Pods/Headers/Public/React-hermes\"\ \"/Users/vinay/Documents/Github/FindFood/FindFood/FindFood-FE/ios/Pods/Headers/Public/React-idlecallbacksnativemodule\"\ \"/Users/vinay/Documents/Github/FindFood/FindFood/FindFood-FE/ios/Pods/Headers/Public/React-jserrorhandler\"\ \"/Users/vinay/Documents/Github/FindFood/FindFood/FindFood-FE/ios/Pods/Headers/Public/React-jsi\"\ \"/Users/vinay/Documents/Github/FindFood/FindFood/FindFood-FE/ios/Pods/Headers/Public/React-jsiexecutor\"\ \"/Users/vinay/Documents/Github/FindFood/FindFood/FindFood-FE/ios/Pods/Headers/Public/React-jsinspector\"\ \"/Users/vinay/Documents/Github/FindFood/FindFood/FindFood-FE/ios/Pods/Headers/Public/React-jsinspectorcdp\"\ \"/Users/vinay/Documents/Github/FindFood/FindFood/FindFood-FE/ios/Pods/Headers/Public/React-jsinspectornetwork\"\ \"/Users/vinay/Documents/Github/FindFood/FindFood/FindFood-FE/ios/Pods/Headers/Public/React-jsinspectortracing\"\ \"/Users/vinay/Documents/Github/FindFood/FindFood/FindFood-FE/ios/Pods/Headers/Public/React-jsitooling\"\ \"/Users/vinay/Documents/Github/FindFood/FindFood/FindFood-FE/ios/Pods/Headers/Public/React-logger\"\ \"/Users/vinay/Documents/Github/FindFood/FindFood/FindFood-FE/ios/Pods/Headers/Public/React-microtasksnativemodule\"\ \"/Users/vinay/Documents/Github/FindFood/FindFood/FindFood-FE/ios/Pods/Headers/Public/React-oscompat\"\ \"/Users/vinay/Documents/Github/FindFood/FindFood/FindFood-FE/ios/Pods/Headers/Public/React-perflogger\"\ \"/Users/vinay/Documents/Github/FindFood/FindFood/FindFood-FE/ios/Pods/Headers/Public/React-performancetimeline\"\ \"/Users/vinay/Documents/Github/FindFood/FindFood/FindFood-FE/ios/Pods/Headers/Public/React-rendererconsistency\"\ \"/Users/vinay/Documents/Github/FindFood/FindFood/FindFood-FE/ios/Pods/Headers/Public/React-renderercss\"\ \"/Users/vinay/Documents/Github/FindFood/FindFood/FindFood-FE/ios/Pods/Headers/Public/React-rendererdebug\"\ \"/Users/vinay/Documents/Github/FindFood/FindFood/FindFood-FE/ios/Pods/Headers/Public/React-runtimeexecutor\"\ \"/Users/vinay/Documents/Github/FindFood/FindFood/FindFood-FE/ios/Pods/Headers/Public/React-runtimescheduler\"\ \"/Users/vinay/Documents/Github/FindFood/FindFood/FindFood-FE/ios/Pods/Headers/Public/React-timing\"\ \"/Users/vinay/Documents/Github/FindFood/FindFood/FindFood-FE/ios/Pods/Headers/Public/React-utils\"\ \"/Users/vinay/Documents/Github/FindFood/FindFood/FindFood-FE/ios/Pods/Headers/Public/ReactCodegen\"\ \"/Users/vinay/Documents/Github/FindFood/FindFood/FindFood-FE/ios/Pods/Headers/Public/ReactCommon\"\ \"/Users/vinay/Documents/Github/FindFood/FindFood/FindFood-FE/ios/Pods/Headers/Public/ReactNativeDependencies\"\ \"/Users/vinay/Documents/Github/FindFood/FindFood/FindFood-FE/ios/Pods/Headers/Public/Yoga\"\ \"/Users/vinay/Documents/Github/FindFood/FindFood/FindFood-FE/ios/Pods/Headers/Public/hermes-engine\"\ \"/Users/vinay/Documents/Github/FindFood/FindFood/FindFood-FE/ios/Pods/Headers/Public/react-native-maps\"\ \"/Users/vinay/Documents/Github/FindFood/FindFood/FindFood-FE/ios/Pods/Headers/Private/Yoga\"
    export HOME\=/Users/vinay
    export HOST_ARCH\=arm64
    export HOST_PLATFORM\=macosx
    export ICONV\=/usr/bin/iconv
    export IMPLICIT_DEPENDENCY_DOMAIN\=default
    export INFOPLIST_ENABLE_CFBUNDLEICONS_MERGE\=YES
    export INFOPLIST_EXPAND_BUILD_SETTINGS\=YES
    export INFOPLIST_OUTPUT_FORMAT\=binary
    export INFOPLIST_PREPROCESS\=NO
    export INLINE_PRIVATE_FRAMEWORKS\=NO
    export INSTALLAPI_IGNORE_SKIP_INSTALL\=YES
    export INSTALLHDRS_COPY_PHASE\=NO
    export INSTALLHDRS_SCRIPT_PHASE\=NO
    export INSTALL_DIR\=/tmp/Pods.dst/usr/local/lib
    export INSTALL_GROUP\=staff
    export INSTALL_MODE_FLAG\=u+w,go-w,a+rX
    export INSTALL_OWNER\=vinay
    export INSTALL_PATH\=/usr/local/lib
    export INSTALL_ROOT\=/tmp/Pods.dst
    export IPHONEOS_DEPLOYMENT_TARGET\=15.1
    export IS_UNOPTIMIZED_BUILD\=YES
    export JAVAC_DEFAULT_FLAGS\=-J-Xms64m\ -J-XX:NewSize\=4M\ -J-Dfile.encoding\=UTF8
    export JAVA_APP_STUB\=/System/Library/Frameworks/JavaVM.framework/Resources/MacOS/JavaApplicationStub
    export JAVA_ARCHIVE_CLASSES\=YES
    export JAVA_ARCHIVE_TYPE\=JAR
    export JAVA_COMPILER\=/usr/bin/javac
    export JAVA_FRAMEWORK_RESOURCES_DIRS\=Resources
    export JAVA_JAR_FLAGS\=cv
    export JAVA_SOURCE_SUBDIR\=.
    export JAVA_USE_DEPENDENCIES\=YES
    export JAVA_ZIP_FLAGS\=-urg
    export JIKES_DEFAULT_FLAGS\=+E\ +OLDCSO
    export KEEP_PRIVATE_EXTERNS\=NO
    export LD_DEPENDENCY_INFO_FILE\=/Users/vinay/Library/Developer/Xcode/DerivedData/FindFood-ceewejdexqlrirddbceaqvuunhkx/Build/Intermediates.noindex/Pods.build/Debug-iphonesimulator/react-native-maps.build/Objects-normal/undefined_arch/react-native-maps_dependency_info.dat
    export LD_EXPORT_SYMBOLS\=YES
    export LD_GENERATE_MAP_FILE\=NO
    export LD_MAP_FILE_PATH\=/Users/vinay/Library/Developer/Xcode/DerivedData/FindFood-ceewejdexqlrirddbceaqvuunhkx/Build/Intermediates.noindex/Pods.build/Debug-iphonesimulator/react-native-maps.build/react-native-maps-LinkMap-normal-undefined_arch.txt
    export LD_NO_PIE\=NO
    export LD_QUOTE_LINKER_ARGUMENTS_FOR_COMPILER_DRIVER\=YES
    export LD_SHARED_CACHE_ELIGIBLE\=Automatic
    export LD_WARN_DUPLICATE_LIBRARIES\=NO
    export LD_WARN_UNUSED_DYLIBS\=NO
    export LEGACY_DEVELOPER_DIR\=/Applications/Xcode.app/Contents/PlugIns/Xcode3Core.ideplugin/Contents/SharedSupport/Developer
    export LEX\=lex
    export LIBRARY_DEXT_INSTALL_PATH\=/Library/DriverExtensions
    export LIBRARY_FLAG_NOSPACE\=YES
    export LIBRARY_FLAG_PREFIX\=-l
    export LIBRARY_KEXT_INSTALL_PATH\=/Library/Extensions
    export LIBRARY_SEARCH_PATHS\=/Users/vinay/Library/Developer/Xcode/DerivedData/FindFood-ceewejdexqlrirddbceaqvuunhkx/Build/Products/Debug-iphonesimulator/react-native-maps\ 
    export LINKER_DISPLAYS_MANGLED_NAMES\=NO
    export LINK_FILE_LIST_normal_arm64\=/Users/vinay/Library/Developer/Xcode/DerivedData/FindFood-ceewejdexqlrirddbceaqvuunhkx/Build/Intermediates.noindex/Pods.build/Debug-iphonesimulator/react-native-maps.build/Objects-normal/arm64/react-native-maps.LinkFileList
    export LINK_OBJC_RUNTIME\=YES
    export LINK_WITH_STANDARD_LIBRARIES\=YES
    export LLVM_TARGET_TRIPLE_OS_VERSION\=ios15.1
    export LLVM_TARGET_TRIPLE_SUFFIX\=-simulator
    export LLVM_TARGET_TRIPLE_VENDOR\=apple
    export LM_AUX_CONST_METADATA_LIST_PATH_normal_arm64\=/Users/vinay/Library/Developer/Xcode/DerivedData/FindFood-ceewejdexqlrirddbceaqvuunhkx/Build/Intermediates.noindex/Pods.build/Debug-iphonesimulator/react-native-maps.build/Objects-normal/arm64/react-native-maps.SwiftConstValuesFileList
    export LOCALIZATION_EXPORT_SUPPORTED\=YES
    export LOCALIZATION_PREFERS_STRING_CATALOGS\=NO
    export LOCALIZED_STRING_MACRO_NAMES\=NSLocalizedString\ CFCopyLocalizedString
    export LOCALIZED_STRING_SWIFTUI_SUPPORT\=YES
    export LOCAL_ADMIN_APPS_DIR\=/Applications/Utilities
    export LOCAL_APPS_DIR\=/Applications
    export LOCAL_DEVELOPER_DIR\=/Library/Developer
    export LOCAL_LIBRARY_DIR\=/Library
    export LOCROOT\=/Users/vinay/Documents/Github/FindFood/FindFood/FindFood-FE/ios/Pods
    export LOCSYMROOT\=/Users/vinay/Documents/Github/FindFood/FindFood/FindFood-FE/ios/Pods
    export MACH_O_TYPE\=staticlib
    export MAC_OS_X_PRODUCT_BUILD_VERSION\=25C56
    export MAC_OS_X_VERSION_ACTUAL\=260200
    export MAC_OS_X_VERSION_MAJOR\=260000
    export MAC_OS_X_VERSION_MINOR\=260200
    export MAKE_MERGEABLE\=NO
    export MERGEABLE_LIBRARY\=NO
    export MERGED_BINARY_TYPE\=none
    export MERGE_LINKED_LIBRARIES\=NO
    export METAL_LIBRARY_FILE_BASE\=default
    export METAL_LIBRARY_OUTPUT_DIR\=/Users/vinay/Library/Developer/Xcode/DerivedData/FindFood-ceewejdexqlrirddbceaqvuunhkx/Build/Products/Debug-iphonesimulator/react-native-maps/
    export MODULE_CACHE_DIR\=/Users/vinay/Library/Developer/Xcode/DerivedData/ModuleCache.noindex
    export MTL_ENABLE_DEBUG_INFO\=INCLUDE_SOURCE
    export MTL_FAST_MATH\=YES
    export NATIVE_ARCH\=arm64
    export NATIVE_ARCH_32_BIT\=arm
    export NATIVE_ARCH_64_BIT\=arm64
    export NATIVE_ARCH_ACTUAL\=arm64
    export NO_COMMON\=YES
    export OBJC_ABI_VERSION\=2
    export OBJECT_FILE_DIR\=/Users/vinay/Library/Developer/Xcode/DerivedData/FindFood-ceewejdexqlrirddbceaqvuunhkx/Build/Intermediates.noindex/Pods.build/Debug-iphonesimulator/react-native-maps.build/Objects
    export OBJECT_FILE_DIR_normal\=/Users/vinay/Library/Developer/Xcode/DerivedData/FindFood-ceewejdexqlrirddbceaqvuunhkx/Build/Intermediates.noindex/Pods.build/Debug-iphonesimulator/react-native-maps.build/Objects-normal
    export OBJROOT\=/Users/vinay/Library/Developer/Xcode/DerivedData/FindFood-ceewejdexqlrirddbceaqvuunhkx/Build/Intermediates.noindex
    export ONLY_ACTIVE_ARCH\=YES
    export OS\=MACOS
    export OSAC\=/usr/bin/osacompile
    export OTHER_CFLAGS\=\ -fmodule-map-file\=\"/Users/vinay/Documents/Github/FindFood/FindFood/FindFood-FE/ios/Pods/Headers/Public/ReactCodegen/ReactCodegen.modulemap\"
    export OTHER_CPLUSPLUSFLAGS\=\ -fmodule-map-file\=\"/Users/vinay/Documents/Github/FindFood/FindFood/FindFood-FE/ios/Pods/Headers/Public/ReactCodegen/ReactCodegen.modulemap\"\ -DRCT_NEW_ARCH_ENABLED\=1
    export OTHER_SWIFT_FLAGS\=\ -DRCT_NEW_ARCH_ENABLED
    export PACKAGE_TYPE\=com.apple.package-type.static-library
    export PASCAL_STRINGS\=YES
    export PATH\=/Applications/Xcode.app/Contents/SharedFrameworks/SwiftBuild.framework/Versions/A/PlugIns/SWBBuildService.bundle/Contents/PlugIns/SWBUniversalPlatformPlugin.bundle/Contents/Frameworks/SWBUniversalPlatform.framework/Resources:/Applications/Xcode.app/Contents/Developer/Toolchains/XcodeDefault.xctoolchain/usr/bin:/Applications/Xcode.app/Contents/Developer/Toolchains/XcodeDefault.xctoolchain/usr/local/bin:/Applications/Xcode.app/Contents/Developer/Toolchains/XcodeDefault.xctoolchain/usr/libexec:/Applications/Xcode.app/Contents/Developer/Platforms/iPhoneSimulator.platform/usr/bin:/Applications/Xcode.app/Contents/Developer/Platforms/iPhoneSimulator.platform/usr/local/bin:/Applications/Xcode.app/Contents/Developer/Platforms/iPhoneSimulator.platform/Developer/usr/bin:/Applications/Xcode.app/Contents/Developer/Platforms/iPhoneSimulator.platform/Developer/usr/local/bin:/Applications/Xcode.app/Contents/Developer/usr/bin:/Applications/Xcode.app/Contents/Developer/usr/local/bin:/Users/vinay/Documents/Github/FindFood/FindFood/FindFood-FE/node_modules/.bin:/Users/vinay/Documents/Github/FindFood/FindFood/node_modules/.bin:/Users/vinay/Documents/Github/FindFood/node_modules/.bin:/Users/vinay/Documents/Github/node_modules/.bin:/Users/vinay/Documents/node_modules/.bin:/Users/vinay/node_modules/.bin:/Users/node_modules/.bin:/node_modules/.bin:/Users/vinay/.nvm/versions/node/v22.20.0/lib/node_modules/npm/node_modules/@npmcli/run-script/lib/node-gyp-bin:/Users/vinay/.rbenv/shims:/Users/vinay/.rbenv/bin:/Users/vinay/.nvm/versions/node/v22.20.0/bin:/usr/local/bin:/System/Cryptexes/App/usr/bin:/usr/bin:/bin:/usr/sbin:/sbin:/var/run/com.apple.security.cryptexd/codex.system/bootstrap/usr/local/bin:/var/run/com.apple.security.cryptexd/codex.system/bootstrap/usr/bin:/var/run/com.apple.security.cryptexd/codex.system/bootstrap/usr/appleinternal/bin:/opt/pmk/env/global/bin:/Library/Apple/usr/bin:/opt/homebrew/bin:/Users/vinay/Library/Application\ Support/Code/User/globalStorage/github.copilot-chat/debugCommand
    export PATH_PREFIXES_EXCLUDED_FROM_HEADER_DEPENDENCIES\=/usr/include\ /usr/local/include\ /System/Library/Frameworks\ /System/Library/PrivateFrameworks\ /Applications/Xcode.app/Contents/Developer/Headers\ /Applications/Xcode.app/Contents/Developer/SDKs\ /Applications/Xcode.app/Contents/Developer/Platforms
    export PER_ARCH_MODULE_FILE_DIR\=/Users/vinay/Library/Developer/Xcode/DerivedData/FindFood-ceewejdexqlrirddbceaqvuunhkx/Build/Intermediates.noindex/Pods.build/Debug-iphonesimulator/react-native-maps.build/Objects-normal/undefined_arch
    export PER_ARCH_OBJECT_FILE_DIR\=/Users/vinay/Library/Developer/Xcode/DerivedData/FindFood-ceewejdexqlrirddbceaqvuunhkx/Build/Intermediates.noindex/Pods.build/Debug-iphonesimulator/react-native-maps.build/Objects-normal/undefined_arch
    export PER_VARIANT_OBJECT_FILE_DIR\=/Users/vinay/Library/Developer/Xcode/DerivedData/FindFood-ceewejdexqlrirddbceaqvuunhkx/Build/Intermediates.noindex/Pods.build/Debug-iphonesimulator/react-native-maps.build/Objects-normal
    export PKGINFO_FILE_PATH\=/Users/vinay/Library/Developer/Xcode/DerivedData/FindFood-ceewejdexqlrirddbceaqvuunhkx/Build/Intermediates.noindex/Pods.build/Debug-iphonesimulator/react-native-maps.build/PkgInfo
    export PLATFORM_DEVELOPER_APPLICATIONS_DIR\=/Applications/Xcode.app/Contents/Developer/Platforms/iPhoneSimulator.platform/Developer/Applications
    export PLATFORM_DEVELOPER_BIN_DIR\=/Applications/Xcode.app/Contents/Developer/Platforms/iPhoneSimulator.platform/Developer/usr/bin
    export PLATFORM_DEVELOPER_LIBRARY_DIR\=/Applications/Xcode.app/Contents/Developer/Platforms/iPhoneSimulator.platform/Developer/Library
    export PLATFORM_DEVELOPER_SDK_DIR\=/Applications/Xcode.app/Contents/Developer/Platforms/iPhoneSimulator.platform/Developer/SDKs
    export PLATFORM_DEVELOPER_TOOLS_DIR\=/Applications/Xcode.app/Contents/Developer/Platforms/iPhoneSimulator.platform/Developer/Tools
    export PLATFORM_DEVELOPER_USR_DIR\=/Applications/Xcode.app/Contents/Developer/Platforms/iPhoneSimulator.platform/Developer/usr
    export PLATFORM_DIR\=/Applications/Xcode.app/Contents/Developer/Platforms/iPhoneSimulator.platform
    export PLATFORM_DISPLAY_NAME\=iOS\ Simulator
    export PLATFORM_FAMILY_NAME\=iOS
    export PLATFORM_NAME\=iphonesimulator
    export PLATFORM_PREFERRED_ARCH\=x86_64
    export PLATFORM_PRODUCT_BUILD_VERSION\=23C53
    export PLATFORM_REQUIRES_SWIFT_AUTOLINK_EXTRACT\=NO
    export PLATFORM_REQUIRES_SWIFT_MODULEWRAP\=NO
    export PLIST_FILE_OUTPUT_FORMAT\=binary
    export PODS_BUILD_DIR\=/Users/vinay/Library/Developer/Xcode/DerivedData/FindFood-ceewejdexqlrirddbceaqvuunhkx/Build/Products
    export PODS_CONFIGURATION_BUILD_DIR\=/Users/vinay/Library/Developer/Xcode/DerivedData/FindFood-ceewejdexqlrirddbceaqvuunhkx/Build/Products/Debug-iphonesimulator
    export PODS_DEVELOPMENT_LANGUAGE\=en
    export PODS_ROOT\=/Users/vinay/Documents/Github/FindFood/FindFood/FindFood-FE/ios/Pods
    export PODS_TARGET_SRCROOT\=/Users/vinay/Documents/Github/FindFood/FindFood/FindFood-FE/ios/Pods/../../node_modules/react-native-maps
    export PODS_XCFRAMEWORKS_BUILD_DIR\=/Users/vinay/Library/Developer/Xcode/DerivedData/FindFood-ceewejdexqlrirddbceaqvuunhkx/Build/Products/Debug-iphonesimulator/XCFrameworkIntermediates
    export PRECOMPS_INCLUDE_HEADERS_FROM_BUILT_PRODUCTS_DIR\=YES
    export PRECOMP_DESTINATION_DIR\=/Users/vinay/Library/Developer/Xcode/DerivedData/FindFood-ceewejdexqlrirddbceaqvuunhkx/Build/Intermediates.noindex/Pods.build/Debug-iphonesimulator/react-native-maps.build/PrefixHeaders
    export PROCESSED_INFOPLIST_PATH\=/Users/vinay/Library/Developer/Xcode/DerivedData/FindFood-ceewejdexqlrirddbceaqvuunhkx/Build/Intermediates.noindex/Pods.build/Debug-iphonesimulator/react-native-maps.build/Objects-normal/undefined_arch/Processed-Info.plist
    export PRODUCT_BUNDLE_IDENTIFIER\=org.cocoapods.react-native-maps
    export PRODUCT_MODULE_NAME\=ReactNativeMaps
    export PRODUCT_NAME\=react-native-maps
    export PRODUCT_SETTINGS_PATH\=
    export PRODUCT_TYPE\=com.apple.product-type.library.static
    export PROFILING_CODE\=NO
    export PROJECT\=Pods
    export PROJECT_DERIVED_FILE_DIR\=/Users/vinay/Library/Developer/Xcode/DerivedData/FindFood-ceewejdexqlrirddbceaqvuunhkx/Build/Intermediates.noindex/Pods.build/DerivedSources
    export PROJECT_DIR\=/Users/vinay/Documents/Github/FindFood/FindFood/FindFood-FE/ios/Pods
    export PROJECT_FILE_PATH\=/Users/vinay/Documents/Github/FindFood/FindFood/FindFood-FE/ios/Pods/Pods.xcodeproj
    export PROJECT_GUID\=8699adb1dd336b26511df848a716bd42
    export PROJECT_NAME\=Pods
    export PROJECT_TEMP_DIR\=/Users/vinay/Library/Developer/Xcode/DerivedData/FindFood-ceewejdexqlrirddbceaqvuunhkx/Build/Intermediates.noindex/Pods.build
    export PROJECT_TEMP_ROOT\=/Users/vinay/Library/Developer/Xcode/DerivedData/FindFood-ceewejdexqlrirddbceaqvuunhkx/Build/Intermediates.noindex
    export REACT_NATIVE_PATH\=/Users/vinay/Documents/Github/FindFood/FindFood/FindFood-FE/ios/Pods/../../node_modules/react-native
    export RECOMMENDED_IPHONEOS_DEPLOYMENT_TARGET\=15.0
    export RECURSIVE_SEARCH_PATHS_FOLLOW_SYMLINKS\=YES
    export REMOVE_CVS_FROM_RESOURCES\=YES
    export REMOVE_GIT_FROM_RESOURCES\=YES
    export REMOVE_HEADERS_FROM_EMBEDDED_BUNDLES\=YES
    export REMOVE_HG_FROM_RESOURCES\=YES
    export REMOVE_STATIC_EXECUTABLES_FROM_EMBEDDED_BUNDLES\=YES
    export REMOVE_SVN_FROM_RESOURCES\=YES
    export RESCHEDULE_INDEPENDENT_HEADERS_PHASES\=YES
    export REZ_COLLECTOR_DIR\=/Users/vinay/Library/Developer/Xcode/DerivedData/FindFood-ceewejdexqlrirddbceaqvuunhkx/Build/Intermediates.noindex/Pods.build/Debug-iphonesimulator/react-native-maps.build/ResourceManagerResources
    export REZ_EXECUTABLE\=YES
    export REZ_OBJECTS_DIR\=/Users/vinay/Library/Developer/Xcode/DerivedData/FindFood-ceewejdexqlrirddbceaqvuunhkx/Build/Intermediates.noindex/Pods.build/Debug-iphonesimulator/react-native-maps.build/ResourceManagerResources/Objects
    export REZ_SEARCH_PATHS\=/Users/vinay/Library/Developer/Xcode/DerivedData/FindFood-ceewejdexqlrirddbceaqvuunhkx/Build/Products/Debug-iphonesimulator/react-native-maps\ 
    export RUNTIME_EXCEPTION_ALLOW_DYLD_ENVIRONMENT_VARIABLES\=NO
    export RUNTIME_EXCEPTION_ALLOW_JIT\=NO
    export RUNTIME_EXCEPTION_ALLOW_UNSIGNED_EXECUTABLE_MEMORY\=NO
    export RUNTIME_EXCEPTION_DEBUGGING_TOOL\=NO
    export RUNTIME_EXCEPTION_DISABLE_EXECUTABLE_PAGE_PROTECTION\=NO
    export RUNTIME_EXCEPTION_DISABLE_LIBRARY_VALIDATION\=NO
    export SCAN_ALL_SOURCE_FILES_FOR_INCLUDES\=NO
    export SCRIPT_INPUT_FILE_COUNT\=0
    export SCRIPT_INPUT_FILE_LIST_COUNT\=0
    export SCRIPT_OUTPUT_FILE_COUNT\=0
    export SCRIPT_OUTPUT_FILE_LIST_COUNT\=0
    export SDKROOT\=/Applications/Xcode.app/Contents/Developer/Platforms/iPhoneSimulator.platform/Developer/SDKs/iPhoneSimulator26.2.sdk
    export SDK_DIR\=/Applications/Xcode.app/Contents/Developer/Platforms/iPhoneSimulator.platform/Developer/SDKs/iPhoneSimulator26.2.sdk
    export SDK_DIR_iphonesimulator\=/Applications/Xcode.app/Contents/Developer/Platforms/iPhoneSimulator.platform/Developer/SDKs/iPhoneSimulator26.2.sdk
    export SDK_DIR_iphonesimulator26_2\=/Applications/Xcode.app/Contents/Developer/Platforms/iPhoneSimulator.platform/Developer/SDKs/iPhoneSimulator26.2.sdk
    export SDK_NAME\=iphonesimulator26.2
    export SDK_NAMES\=iphonesimulator26.2
    export SDK_PRODUCT_BUILD_VERSION\=23C53
    export SDK_STAT_CACHE_DIR\=/Users/vinay/Library/Developer/Xcode/DerivedData
    export SDK_STAT_CACHE_ENABLE\=YES
    export SDK_STAT_CACHE_PATH\=/Users/vinay/Library/Developer/Xcode/DerivedData/SDKStatCaches.noindex/iphonesimulator26.2-23C53-7d00a8b37fbd7999ea79df8ebc024bf0.sdkstatcache
    export SDK_VERSION\=26.2
    export SDK_VERSION_ACTUAL\=260200
    export SDK_VERSION_MAJOR\=260000
    export SDK_VERSION_MINOR\=260200
    export SED\=/usr/bin/sed
    export SEPARATE_STRIP\=NO
    export SEPARATE_SYMBOL_EDIT\=NO
    export SET_DIR_MODE_OWNER_GROUP\=YES
    export SET_FILE_MODE_OWNER_GROUP\=NO
    export SHALLOW_BUNDLE\=NO
    export SHARED_DERIVED_FILE_DIR\=/Users/vinay/Library/Developer/Xcode/DerivedData/FindFood-ceewejdexqlrirddbceaqvuunhkx/Build/Products/Debug-iphonesimulator/react-native-maps/DerivedSources
    export SHARED_PRECOMPS_DIR\=/Users/vinay/Library/Developer/Xcode/DerivedData/FindFood-ceewejdexqlrirddbceaqvuunhkx/Build/Intermediates.noindex/PrecompiledHeaders
    export SKIP_INSTALL\=YES
    export SOURCE_ROOT\=/Users/vinay/Documents/Github/FindFood/FindFood/FindFood-FE/ios/Pods
    export SRCROOT\=/Users/vinay/Documents/Github/FindFood/FindFood/FindFood-FE/ios/Pods
    export STRINGSDATA_DIR\=/Users/vinay/Library/Developer/Xcode/DerivedData/FindFood-ceewejdexqlrirddbceaqvuunhkx/Build/Intermediates.noindex/Pods.build/Debug-iphonesimulator/react-native-maps.build/Objects-normal/undefined_arch
    export STRINGSDATA_ROOT\=/Users/vinay/Library/Developer/Xcode/DerivedData/FindFood-ceewejdexqlrirddbceaqvuunhkx/Build/Intermediates.noindex/Pods.build/Debug-iphonesimulator/react-native-maps.build
    export STRINGS_FILE_INFOPLIST_RENAME\=YES
    export STRINGS_FILE_OUTPUT_ENCODING\=binary
    export STRING_CATALOG_GENERATE_SYMBOLS\=NO
    export STRIP_BITCODE_FROM_COPIED_FILES\=NO
    export STRIP_INSTALLED_PRODUCT\=NO
    export STRIP_STYLE\=debugging
    export STRIP_SWIFT_SYMBOLS\=YES
    export SUPPORTED_DEVICE_FAMILIES\=1,2
    export SUPPORTED_PLATFORMS\=iphoneos\ iphonesimulator
    export SUPPORTS_TEXT_BASED_API\=NO
    export SUPPRESS_WARNINGS\=NO
    export SWIFT_ACTIVE_COMPILATION_CONDITIONS\=\ DEBUG\ 
    export SWIFT_EMIT_CONST_VALUE_PROTOCOLS\=AppIntent\ EntityQuery\ AppEntity\ TransientEntity\ AppEnum\ AppShortcutProviding\ AppShortcutsProvider\ AnyResolverProviding\ AppIntentsPackage\ DynamicOptionsProvider\ _IntentValueRepresentable\ _AssistantIntentsProvider\ _GenerativeFunctionExtractable\ IntentValueQuery\ Resolver\ AppExtension\ ExtensionPointDefining
    export SWIFT_EMIT_LOC_STRINGS\=NO
    export SWIFT_ENABLE_EXPLICIT_MODULES\=NO
    export SWIFT_INSTALL_OBJC_HEADER\=YES
    export SWIFT_OPTIMIZATION_LEVEL\=-Onone
    export SWIFT_PLATFORM_TARGET_PREFIX\=ios
    export SWIFT_RESPONSE_FILE_PATH_normal_arm64\=/Users/vinay/Library/Developer/Xcode/DerivedData/FindFood-ceewejdexqlrirddbceaqvuunhkx/Build/Intermediates.noindex/Pods.build/Debug-iphonesimulator/react-native-maps.build/Objects-normal/arm64/react-native-maps.SwiftFileList
    export SWIFT_VERSION\=5.0
    export SYMROOT\=/Users/vinay/Library/Developer/Xcode/DerivedData/FindFood-ceewejdexqlrirddbceaqvuunhkx/Build/Products
    export SYSTEM_ADMIN_APPS_DIR\=/Applications/Utilities
    export SYSTEM_APPS_DIR\=/Applications
    export SYSTEM_CORE_SERVICES_DIR\=/System/Library/CoreServices
    export SYSTEM_DEMOS_DIR\=/Applications/Extras
    export SYSTEM_DEVELOPER_APPS_DIR\=/Applications/Xcode.app/Contents/Developer/Applications
    export SYSTEM_DEVELOPER_BIN_DIR\=/Applications/Xcode.app/Contents/Developer/usr/bin
    export SYSTEM_DEVELOPER_DEMOS_DIR\=/Applications/Xcode.app/Contents/Developer/Applications/Utilities/Built\ Examples
    export SYSTEM_DEVELOPER_DIR\=/Applications/Xcode.app/Contents/Developer
    export SYSTEM_DEVELOPER_DOC_DIR\=/Applications/Xcode.app/Contents/Developer/ADC\ Reference\ Library
    export SYSTEM_DEVELOPER_GRAPHICS_TOOLS_DIR\=/Applications/Xcode.app/Contents/Developer/Applications/Graphics\ Tools
    export SYSTEM_DEVELOPER_JAVA_TOOLS_DIR\=/Applications/Xcode.app/Contents/Developer/Applications/Java\ Tools
    export SYSTEM_DEVELOPER_PERFORMANCE_TOOLS_DIR\=/Applications/Xcode.app/Contents/Developer/Applications/Performance\ Tools
    export SYSTEM_DEVELOPER_RELEASENOTES_DIR\=/Applications/Xcode.app/Contents/Developer/ADC\ Reference\ Library/releasenotes
    export SYSTEM_DEVELOPER_TOOLS\=/Applications/Xcode.app/Contents/Developer/Tools
    export SYSTEM_DEVELOPER_TOOLS_DOC_DIR\=/Applications/Xcode.app/Contents/Developer/ADC\ Reference\ Library/documentation/DeveloperTools
    export SYSTEM_DEVELOPER_TOOLS_RELEASENOTES_DIR\=/Applications/Xcode.app/Contents/Developer/ADC\ Reference\ Library/releasenotes/DeveloperTools
    export SYSTEM_DEVELOPER_USR_DIR\=/Applications/Xcode.app/Contents/Developer/usr
    export SYSTEM_DEVELOPER_UTILITIES_DIR\=/Applications/Xcode.app/Contents/Developer/Applications/Utilities
    export SYSTEM_DEXT_INSTALL_PATH\=/System/Library/DriverExtensions
    export SYSTEM_DOCUMENTATION_DIR\=/Library/Documentation
    export SYSTEM_KEXT_INSTALL_PATH\=/System/Library/Extensions
    export SYSTEM_LIBRARY_DIR\=/System/Library
    export TAPI_DEMANGLE\=YES
    export TAPI_ENABLE_PROJECT_HEADERS\=NO
    export TAPI_LANGUAGE\=objective-c
    export TAPI_LANGUAGE_STANDARD\=compiler-default
    export TAPI_USE_SRCROOT\=YES
    export TAPI_VERIFY_MODE\=Pedantic
    export TARGETED_DEVICE_FAMILY\=1,2
    export TARGETNAME\=react-native-maps
    export TARGET_BUILD_DIR\=/Users/vinay/Library/Developer/Xcode/DerivedData/FindFood-ceewejdexqlrirddbceaqvuunhkx/Build/Products/Debug-iphonesimulator/react-native-maps
    export TARGET_DEVICE_IDENTIFIER\=3C87BD02-CE09-4166-8EA9-2E43247858B8
    export TARGET_DEVICE_MODEL\=iPhone18,1
    export TARGET_DEVICE_OS_VERSION\=26.2
    export TARGET_DEVICE_PLATFORM_NAME\=iphonesimulator
    export TARGET_NAME\=react-native-maps
    export TARGET_TEMP_DIR\=/Users/vinay/Library/Developer/Xcode/DerivedData/FindFood-ceewejdexqlrirddbceaqvuunhkx/Build/Intermediates.noindex/Pods.build/Debug-iphonesimulator/react-native-maps.build
    export TEMP_DIR\=/Users/vinay/Library/Developer/Xcode/DerivedData/FindFood-ceewejdexqlrirddbceaqvuunhkx/Build/Intermediates.noindex/Pods.build/Debug-iphonesimulator/react-native-maps.build
    export TEMP_FILES_DIR\=/Users/vinay/Library/Developer/Xcode/DerivedData/FindFood-ceewejdexqlrirddbceaqvuunhkx/Build/Intermediates.noindex/Pods.build/Debug-iphonesimulator/react-native-maps.build
    export TEMP_FILE_DIR\=/Users/vinay/Library/Developer/Xcode/DerivedData/FindFood-ceewejdexqlrirddbceaqvuunhkx/Build/Intermediates.noindex/Pods.build/Debug-iphonesimulator/react-native-maps.build
    export TEMP_ROOT\=/Users/vinay/Library/Developer/Xcode/DerivedData/FindFood-ceewejdexqlrirddbceaqvuunhkx/Build/Intermediates.noindex
    export TEMP_SANDBOX_DIR\=/Users/vinay/Library/Developer/Xcode/DerivedData/FindFood-ceewejdexqlrirddbceaqvuunhkx/Build/Intermediates.noindex/TemporaryTaskSandboxes
    export TEST_FRAMEWORK_SEARCH_PATHS\=\ /Applications/Xcode.app/Contents/Developer/Platforms/iPhoneSimulator.platform/Developer/Library/Frameworks\ /Applications/Xcode.app/Contents/Developer/Platforms/iPhoneSimulator.platform/Developer/SDKs/iPhoneSimulator26.2.sdk/Developer/Library/Frameworks
    export TEST_LIBRARY_SEARCH_PATHS\=\ /Applications/Xcode.app/Contents/Developer/Platforms/iPhoneSimulator.platform/Developer/usr/lib
    export TOOLCHAINS\=com.apple.dt.toolchain.XcodeDefault
    export TOOLCHAIN_DIR\=/Applications/Xcode.app/Contents/Developer/Toolchains/XcodeDefault.xctoolchain
    export TREAT_MISSING_BASELINES_AS_TEST_FAILURES\=NO
    export TREAT_MISSING_SCRIPT_PHASE_OUTPUTS_AS_ERRORS\=NO
    export UID\=501
    export UNINSTALLED_PRODUCTS_DIR\=/Users/vinay/Library/Developer/Xcode/DerivedData/FindFood-ceewejdexqlrirddbceaqvuunhkx/Build/Intermediates.noindex/UninstalledProducts
    export UNSTRIPPED_PRODUCT\=NO
    export USER\=vinay
    export USER_APPS_DIR\=/Users/vinay/Applications
    export USER_LIBRARY_DIR\=/Users/vinay/Library
    export USE_DYNAMIC_NO_PIC\=YES
    export USE_HEADERMAP\=YES
    export USE_HEADER_SYMLINKS\=NO
    export USE_HERMES\=true
    export USE_RECURSIVE_SCRIPT_INPUTS_IN_SCRIPT_PHASES\=YES
    export VALIDATE_DEVELOPMENT_ASSET_PATHS\=YES_ERROR
    export VALIDATE_PRODUCT\=NO
    export VALID_ARCHS\=arm64\ x86_64
    export VERBOSE_PBXCP\=NO
    export VERSION_INFO_BUILDER\=vinay
    export VERSION_INFO_FILE\=react-native-maps_vers.c
    export VERSION_INFO_STRING\=\"@\(\#\)PROGRAM:react-native-maps\ \ PROJECT:Pods-\"
    export WORKSPACE_DIR\=/Users/vinay/Documents/Github/FindFood/FindFood/FindFood-FE/ios
    export WRAP_ASSET_PACKS_IN_SEPARATE_DIRECTORIES\=NO
    export XCODE_APP_SUPPORT_DIR\=/Applications/Xcode.app/Contents/Developer/Library/Xcode
    export XCODE_PRODUCT_BUILD_VERSION\=17C52
    export XCODE_VERSION_ACTUAL\=2620
    export XCODE_VERSION_MAJOR\=2600
    export XCODE_VERSION_MINOR\=2620
    export XPCSERVICES_FOLDER_PATH\=/XPCServices
    export YACC\=yacc
    export _DISCOVER_COMMAND_LINE_LINKER_INPUTS\=YES
    export _DISCOVER_COMMAND_LINE_LINKER_INPUTS_INCLUDE_WL\=YES
    export _LD_MULTIARCH\=YES
    export __DIAGNOSE_DEPRECATED_ARCHS\=YES
    export arch\=undefined_arch
    export variant\=normal
    /bin/sh -c /Users/vinay/Library/Developer/Xcode/DerivedData/FindFood-ceewejdexqlrirddbceaqvuunhkx/Build/Intermediates.noindex/Pods.build/Debug-iphonesimulator/react-native-maps.build/Script-46EB2E00020EB0.sh
+ echo 'Running Google Maps detection script...'
Running Google Maps detection script...
+ DEFINES_DIR=/Users/vinay/Documents/Github/FindFood/FindFood/FindFood-FE/ios/Pods/../../node_modules/react-native-maps/ios/AirMaps
+ DEFINES_FILE=/Users/vinay/Documents/Github/FindFood/FindFood/FindFood-FE/ios/Pods/../../node_modules/react-native-maps/ios/AirMaps/RNMapsDefines.h
+ mkdir -p /Users/vinay/Documents/Github/FindFood/FindFood/FindFood-FE/ios/Pods/../../node_modules/react-native-maps/ios/AirMaps
+ '[' -d /Users/vinay/Documents/Github/FindFood/FindFood/FindFood-FE/ios/Pods/GoogleMaps ']'
+ echo '#define HAVE_GOOGLE_MAPS 0'
+ echo '❌ Google Maps libraries NOT detected. HAVE_GOOGLE_MAPS set to 0.'
❌ Google Maps libraries NOT detected. HAVE_GOOGLE_MAPS set to 0.
+ '[' -f /Users/vinay/Documents/Github/FindFood/FindFood/FindFood-FE/ios/Pods/../../node_modules/react-native-maps/ios/AirMaps/RNMapsDefines.h ']'
+ echo '✅ Successfully wrote to /Users/vinay/Documents/Github/FindFood/FindFood/FindFood-FE/ios/Pods/../../node_modules/react-native-maps/ios/AirMaps/RNMapsDefines.h'
✅ Successfully wrote to /Users/vinay/Documents/Github/FindFood/FindFood/FindFood-FE/ios/Pods/../../node_modules/react-native-maps/ios/AirMaps/RNMapsDefines.h
+ cat /Users/vinay/Documents/Github/FindFood/FindFood/FindFood-FE/ios/Pods/../../node_modules/react-native-maps/ios/AirMaps/RNMapsDefines.h
#define HAVE_GOOGLE_MAPS 0
+ set -e
+ echo '🔧 Patching @import GoogleMaps...'
🔧 Patching @import GoogleMaps...
+ FILES=("$PODS_ROOT/Google-Maps-iOS-Utils/Sources/GoogleMapsUtilsObjC/include/GMSMarker+GMUClusteritem.h" "$PODS_ROOT/Google-Maps-iOS-Utils/Sources/GoogleMapsUtilsObjC/include/GMUGeoJSONParser.h" "$PODS_ROOT/Google-Maps-iOS-Utils/Sources/GoogleMapsUtilsObjC/include/GMUPolygon.h" "$PODS_ROOT/Google-Maps-iOS-Utils/Sources/GoogleMapsUtilsObjC/include/GMUWeightedLatLng.h" "$PODS_ROOT/GoogleMaps/Maps/Sources/GMSEmpty.h")
+ for file in '"${FILES[@]}"'
+ '[' -f /Users/vinay/Documents/Github/FindFood/FindFood/FindFood-FE/ios/Pods/Google-Maps-iOS-Utils/Sources/GoogleMapsUtilsObjC/include/GMSMarker+GMUClusteritem.h ']'
+ echo '⚠️ Not found: /Users/vinay/Documents/Github/FindFood/FindFood/FindFood-FE/ios/Pods/Google-Maps-iOS-Utils/Sources/GoogleMapsUtilsObjC/include/GMSMarker+GMUClusteritem.h'
⚠️ Not found: /Users/vinay/Documents/Github/FindFood/FindFood/FindFood-FE/ios/Pods/Google-Maps-iOS-Utils/Sources/GoogleMapsUtilsObjC/include/GMSMarker+GMUClusteritem.h
+ for file in '"${FILES[@]}"'
+ '[' -f /Users/vinay/Documents/Github/FindFood/FindFood/FindFood-FE/ios/Pods/Google-Maps-iOS-Utils/Sources/GoogleMapsUtilsObjC/include/GMUGeoJSONParser.h ']'
+ echo '⚠️ Not found: /Users/vinay/Documents/Github/FindFood/FindFood/FindFood-FE/ios/Pods/Google-Maps-iOS-Utils/Sources/GoogleMapsUtilsObjC/include/GMUGeoJSONParser.h'
⚠️ Not found: /Users/vinay/Documents/Github/FindFood/FindFood/FindFood-FE/ios/Pods/Google-Maps-iOS-Utils/Sources/GoogleMapsUtilsObjC/include/GMUGeoJSONParser.h
+ for file in '"${FILES[@]}"'
+ '[' -f /Users/vinay/Documents/Github/FindFood/FindFood/FindFood-FE/ios/Pods/Google-Maps-iOS-Utils/Sources/GoogleMapsUtilsObjC/include/GMUPolygon.h ']'
+ echo '⚠️ Not found: /Users/vinay/Documents/Github/FindFood/FindFood/FindFood-FE/ios/Pods/Google-Maps-iOS-Utils/Sources/GoogleMapsUtilsObjC/include/GMUPolygon.h'
⚠️ Not found: /Users/vinay/Documents/Github/FindFood/FindFood/FindFood-FE/ios/Pods/Google-Maps-iOS-Utils/Sources/GoogleMapsUtilsObjC/include/GMUPolygon.h
+ for file in '"${FILES[@]}"'
+ '[' -f /Users/vinay/Documents/Github/FindFood/FindFood/FindFood-FE/ios/Pods/Google-Maps-iOS-Utils/Sources/GoogleMapsUtilsObjC/include/GMUWeightedLatLng.h ']'
+ echo '⚠️ Not found: /Users/vinay/Documents/Github/FindFood/FindFood/FindFood-FE/ios/Pods/Google-Maps-iOS-Utils/Sources/GoogleMapsUtilsObjC/include/GMUWeightedLatLng.h'
⚠️ Not found: /Users/vinay/Documents/Github/FindFood/FindFood/FindFood-FE/ios/Pods/Google-Maps-iOS-Utils/Sources/GoogleMapsUtilsObjC/include/GMUWeightedLatLng.h
+ for file in '"${FILES[@]}"'
+ '[' -f /Users/vinay/Documents/Github/FindFood/FindFood/FindFood-FE/ios/Pods/GoogleMaps/Maps/Sources/GMSEmpty.h ']'
+ echo '⚠️ Not found: /Users/vinay/Documents/Github/FindFood/FindFood/FindFood-FE/ios/Pods/GoogleMaps/Maps/Sources/GMSEmpty.h'
⚠️ Not found: /Users/vinay/Documents/Github/FindFood/FindFood/FindFood-FE/ios/Pods/GoogleMaps/Maps/Sources/GMSEmpty.h

ProcessInfoPlistFile /Users/vinay/Library/Developer/Xcode/DerivedData/FindFood-ceewejdexqlrirddbceaqvuunhkx/Build/Products/Debug-iphonesimulator/expo-dev-menu/EXDevMenu.bundle/Info.plist /Users/vinay/Documents/Github/FindFood/FindFood/FindFood-FE/ios/Pods/Target\ Support\ Files/expo-dev-menu/ResourceBundle-EXDevMenu-expo-dev-menu-Info.plist (in target 'expo-dev-menu-EXDevMenu' from project 'Pods')
    cd /Users/vinay/Documents/Github/FindFood/FindFood/FindFood-FE/ios/Pods
    builtin-infoPlistUtility /Users/vinay/Documents/Github/FindFood/FindFood/FindFood-FE/ios/Pods/Target\ Support\ Files/expo-dev-menu/ResourceBundle-EXDevMenu-expo-dev-menu-Info.plist -producttype com.apple.product-type.bundle -expandbuildsettings -format binary -platform iphonesimulator -o /Users/vinay/Library/Developer/Xcode/DerivedData/FindFood-ceewejdexqlrirddbceaqvuunhkx/Build/Products/Debug-iphonesimulator/expo-dev-menu/EXDevMenu.bundle/Info.plist

ProcessInfoPlistFile /Users/vinay/Library/Developer/Xcode/DerivedData/FindFood-ceewejdexqlrirddbceaqvuunhkx/Build/Products/Debug-iphonesimulator/RNSVG/RNSVGFilters.bundle/Info.plist /Users/vinay/Documents/Github/FindFood/FindFood/FindFood-FE/ios/Pods/Target\ Support\ Files/RNSVG/ResourceBundle-RNSVGFilters-RNSVG-Info.plist (in target 'RNSVG-RNSVGFilters' from project 'Pods')
    cd /Users/vinay/Documents/Github/FindFood/FindFood/FindFood-FE/ios/Pods
    builtin-infoPlistUtility /Users/vinay/Documents/Github/FindFood/FindFood/FindFood-FE/ios/Pods/Target\ Support\ Files/RNSVG/ResourceBundle-RNSVGFilters-RNSVG-Info.plist -producttype com.apple.product-type.bundle -expandbuildsettings -format binary -platform iphonesimulator -o /Users/vinay/Library/Developer/Xcode/DerivedData/FindFood-ceewejdexqlrirddbceaqvuunhkx/Build/Products/Debug-iphonesimulator/RNSVG/RNSVGFilters.bundle/Info.plist

ProcessInfoPlistFile /Users/vinay/Library/Developer/Xcode/DerivedData/FindFood-ceewejdexqlrirddbceaqvuunhkx/Build/Products/Debug-iphonesimulator/RNCAsyncStorage/RNCAsyncStorage_resources.bundle/Info.plist /Users/vinay/Documents/Github/FindFood/FindFood/FindFood-FE/ios/Pods/Target\ Support\ Files/RNCAsyncStorage/ResourceBundle-RNCAsyncStorage_resources-RNCAsyncStorage-Info.plist (in target 'RNCAsyncStorage-RNCAsyncStorage_resources' from project 'Pods')
    cd /Users/vinay/Documents/Github/FindFood/FindFood/FindFood-FE/ios/Pods
    builtin-infoPlistUtility /Users/vinay/Documents/Github/FindFood/FindFood/FindFood-FE/ios/Pods/Target\ Support\ Files/RNCAsyncStorage/ResourceBundle-RNCAsyncStorage_resources-RNCAsyncStorage-Info.plist -producttype com.apple.product-type.bundle -expandbuildsettings -format binary -platform iphonesimulator -o /Users/vinay/Library/Developer/Xcode/DerivedData/FindFood-ceewejdexqlrirddbceaqvuunhkx/Build/Products/Debug-iphonesimulator/RNCAsyncStorage/RNCAsyncStorage_resources.bundle/Info.plist

ProcessInfoPlistFile /Users/vinay/Library/Developer/Xcode/DerivedData/FindFood-ceewejdexqlrirddbceaqvuunhkx/Build/Products/Debug-iphonesimulator/ExpoFileSystem/ExpoFileSystem_privacy.bundle/Info.plist /Users/vinay/Documents/Github/FindFood/FindFood/FindFood-FE/ios/Pods/Target\ Support\ Files/ExpoFileSystem/ResourceBundle-ExpoFileSystem_privacy-ExpoFileSystem-Info.plist (in target 'ExpoFileSystem-ExpoFileSystem_privacy' from project 'Pods')
    cd /Users/vinay/Documents/Github/FindFood/FindFood/FindFood-FE/ios/Pods
    builtin-infoPlistUtility /Users/vinay/Documents/Github/FindFood/FindFood/FindFood-FE/ios/Pods/Target\ Support\ Files/ExpoFileSystem/ResourceBundle-ExpoFileSystem_privacy-ExpoFileSystem-Info.plist -producttype com.apple.product-type.bundle -expandbuildsettings -format binary -platform iphonesimulator -o /Users/vinay/Library/Developer/Xcode/DerivedData/FindFood-ceewejdexqlrirddbceaqvuunhkx/Build/Products/Debug-iphonesimulator/ExpoFileSystem/ExpoFileSystem_privacy.bundle/Info.plist

ProcessInfoPlistFile /Users/vinay/Library/Developer/Xcode/DerivedData/FindFood-ceewejdexqlrirddbceaqvuunhkx/Build/Products/Debug-iphonesimulator/EXConstants/EXConstants.bundle/Info.plist /Users/vinay/Documents/Github/FindFood/FindFood/FindFood-FE/ios/Pods/Target\ Support\ Files/EXConstants/ResourceBundle-EXConstants-EXConstants-Info.plist (in target 'EXConstants-EXConstants' from project 'Pods')
    cd /Users/vinay/Documents/Github/FindFood/FindFood/FindFood-FE/ios/Pods
    builtin-infoPlistUtility /Users/vinay/Documents/Github/FindFood/FindFood/FindFood-FE/ios/Pods/Target\ Support\ Files/EXConstants/ResourceBundle-EXConstants-EXConstants-Info.plist -producttype com.apple.product-type.bundle -expandbuildsettings -format binary -platform iphonesimulator -o /Users/vinay/Library/Developer/Xcode/DerivedData/FindFood-ceewejdexqlrirddbceaqvuunhkx/Build/Products/Debug-iphonesimulator/EXConstants/EXConstants.bundle/Info.plist

ProcessInfoPlistFile /Users/vinay/Library/Developer/Xcode/DerivedData/FindFood-ceewejdexqlrirddbceaqvuunhkx/Build/Products/Debug-iphonesimulator/EXConstants/ExpoConstants_privacy.bundle/Info.plist /Users/vinay/Documents/Github/FindFood/FindFood/FindFood-FE/ios/Pods/Target\ Support\ Files/EXConstants/ResourceBundle-ExpoConstants_privacy-EXConstants-Info.plist (in target 'EXConstants-ExpoConstants_privacy' from project 'Pods')
    cd /Users/vinay/Documents/Github/FindFood/FindFood/FindFood-FE/ios/Pods
    builtin-infoPlistUtility /Users/vinay/Documents/Github/FindFood/FindFood/FindFood-FE/ios/Pods/Target\ Support\ Files/EXConstants/ResourceBundle-ExpoConstants_privacy-EXConstants-Info.plist -producttype com.apple.product-type.bundle -expandbuildsettings -format binary -platform iphonesimulator -o /Users/vinay/Library/Developer/Xcode/DerivedData/FindFood-ceewejdexqlrirddbceaqvuunhkx/Build/Products/Debug-iphonesimulator/EXConstants/ExpoConstants_privacy.bundle/Info.plist

CompileC /Users/vinay/Library/Developer/Xcode/DerivedData/FindFood-ceewejdexqlrirddbceaqvuunhkx/Build/Intermediates.noindex/Pods.build/Debug-iphonesimulator/react-native-maps.build/Objects-normal/arm64/PlaceHolderGoogleMapView.o /Users/vinay/Documents/Github/FindFood/FindFood/FindFood-FE/node_modules/react-native-maps/ios/AirMaps/FabricPlaceholders/PlaceHolderGoogleMapView.mm normal arm64 objective-c++ com.apple.compilers.llvm.clang.1_0.compiler (in target 'react-native-maps' from project 'Pods')
    cd /Users/vinay/Documents/Github/FindFood/FindFood/FindFood-FE/ios/Pods
    
    Using response file: /Users/vinay/Library/Developer/Xcode/DerivedData/FindFood-ceewejdexqlrirddbceaqvuunhkx/Build/Intermediates.noindex/Pods.build/Debug-iphonesimulator/react-native-maps.build/Objects-normal/arm64/af3fcb34312c57c0f52879cdce924b91-common-args.resp
    
    /Applications/Xcode.app/Contents/Developer/Toolchains/XcodeDefault.xctoolchain/usr/bin/clang -x objective-c++ -ivfsstatcache /Users/vinay/Library/Developer/Xcode/DerivedData/SDKStatCaches.noindex/iphonesimulator26.2-23C53-7d00a8b37fbd7999ea79df8ebc024bf0.sdkstatcache -fmessage-length\=0 -fdiagnostics-show-note-include-stack -fmacro-backtrace-limit\=0 -fno-color-diagnostics -fmodules-prune-interval\=86400 -fmodules-prune-after\=345600 -fbuild-session-file\=/Users/vinay/Library/Developer/Xcode/DerivedData/ModuleCache.noindex/Session.modulevalidation -fmodules-validate-once-per-build-session -Wnon-modular-include-in-framework-module -Werror\=non-modular-include-in-framework-module -Wno-trigraphs -Wno-missing-field-initializers -Wno-missing-prototypes -Werror\=return-type -Wdocumentation -Wunreachable-code -Wno-implicit-atomic-properties -Werror\=deprecated-objc-isa-usage -Wno-objc-interface-ivars -Werror\=objc-root-class -Wno-arc-repeated-use-of-weak -Wimplicit-retain-self -Wno-non-virtual-dtor -Wno-overloaded-virtual -Wno-exit-time-destructors -Wduplicate-method-match -Wno-missing-braces -Wparentheses -Wswitch -Wunused-function -Wno-unused-label -Wno-unused-parameter -Wunused-variable -Wunused-value -Wempty-body -Wuninitialized -Wconditional-uninitialized -Wno-unknown-pragmas -Wno-shadow -Wno-four-char-constants -Wno-conversion -Wconstant-conversion -Wint-conversion -Wbool-conversion -Wenum-conversion -Wno-float-conversion -Wnon-literal-null-conversion -Wobjc-literal-conversion -Wshorten-64-to-32 -Wno-newline-eof -Wno-selector -Wno-strict-selector-match -Wundeclared-selector -Wdeprecated-implementations -Wno-c++11-extensions -Wno-implicit-fallthrough -fstrict-aliasing -Wprotocol -Wdeprecated-declarations -Winvalid-offsetof -Wno-sign-conversion -Winfinite-recursion -Wmove -Wcomma -Wblock-capture-autoreleasing -Wstrict-prototypes -Wrange-loop-analysis -Wno-semicolon-before-method-body -Wunguarded-availability -index-store-path /Users/vinay/Library/Developer/Xcode/DerivedData/FindFood-ceewejdexqlrirddbceaqvuunhkx/Index.noindex/DataStore @/Users/vinay/Library/Developer/Xcode/DerivedData/FindFood-ceewejdexqlrirddbceaqvuunhkx/Build/Intermediates.noindex/Pods.build/Debug-iphonesimulator/react-native-maps.build/Objects-normal/arm64/af3fcb34312c57c0f52879cdce924b91-common-args.resp -DFOLLY_MOBILE\=1 -DFOLLY_USE_LIBCPP\=1 -DFOLLY_CFG_NO_COROUTINES\=1 -DFOLLY_HAVE_CLOCK_GETTIME\=1 -Wno-comma -Wno-shorten-64-to-32 -DRCT_NEW_ARCH_ENABLED\=1 -include /Users/vinay/Documents/Github/FindFood/FindFood/FindFood-FE/ios/Pods/Target\ Support\ Files/react-native-maps/react-native-maps-prefix.pch -MMD -MT dependencies -MF /Users/vinay/Library/Developer/Xcode/DerivedData/FindFood-ceewejdexqlrirddbceaqvuunhkx/Build/Intermediates.noindex/Pods.build/Debug-iphonesimulator/react-native-maps.build/Objects-normal/arm64/PlaceHolderGoogleMapView.d --serialize-diagnostics /Users/vinay/Library/Developer/Xcode/DerivedData/FindFood-ceewejdexqlrirddbceaqvuunhkx/Build/Intermediates.noindex/Pods.build/Debug-iphonesimulator/react-native-maps.build/Objects-normal/arm64/PlaceHolderGoogleMapView.dia -c /Users/vinay/Documents/Github/FindFood/FindFood/FindFood-FE/node_modules/react-native-maps/ios/AirMaps/FabricPlaceholders/PlaceHolderGoogleMapView.mm -o /Users/vinay/Library/Developer/Xcode/DerivedData/FindFood-ceewejdexqlrirddbceaqvuunhkx/Build/Intermediates.noindex/Pods.build/Debug-iphonesimulator/react-native-maps.build/Objects-normal/arm64/PlaceHolderGoogleMapView.o -index-unit-output-path /Pods.build/Debug-iphonesimulator/react-native-maps.build/Objects-normal/arm64/PlaceHolderGoogleMapView.o

ProcessInfoPlistFile /Users/vinay/Library/Developer/Xcode/DerivedData/FindFood-ceewejdexqlrirddbceaqvuunhkx/Build/Products/Debug-iphonesimulator/expo-dev-launcher/EXDevLauncher.bundle/Info.plist /Users/vinay/Documents/Github/FindFood/FindFood/FindFood-FE/ios/Pods/Target\ Support\ Files/expo-dev-launcher/ResourceBundle-EXDevLauncher-expo-dev-launcher-Info.plist (in target 'expo-dev-launcher-EXDevLauncher' from project 'Pods')
    cd /Users/vinay/Documents/Github/FindFood/FindFood/FindFood-FE/ios/Pods
    builtin-infoPlistUtility /Users/vinay/Documents/Github/FindFood/FindFood/FindFood-FE/ios/Pods/Target\ Support\ Files/expo-dev-launcher/ResourceBundle-EXDevLauncher-expo-dev-launcher-Info.plist -producttype com.apple.product-type.bundle -expandbuildsettings -format binary -platform iphonesimulator -additionalcontentfile /Users/vinay/Library/Developer/Xcode/DerivedData/FindFood-ceewejdexqlrirddbceaqvuunhkx/Build/Intermediates.noindex/Pods.build/Debug-iphonesimulator/expo-dev-launcher-EXDevLauncher.build/assetcatalog_generated_info.plist -o /Users/vinay/Library/Developer/Xcode/DerivedData/FindFood-ceewejdexqlrirddbceaqvuunhkx/Build/Products/Debug-iphonesimulator/expo-dev-launcher/EXDevLauncher.bundle/Info.plist

PhaseScriptExecution [CP-User]\ Generate\ app.config\ for\ prebuilt\ Constants.manifest /Users/vinay/Library/Developer/Xcode/DerivedData/FindFood-ceewejdexqlrirddbceaqvuunhkx/Build/Intermediates.noindex/Pods.build/Debug-iphonesimulator/EXConstants.build/Script-46EB2E00020E20.sh (in target 'EXConstants' from project 'Pods')
    cd /Users/vinay/Documents/Github/FindFood/FindFood/FindFood-FE/ios/Pods
    export ACTION\=build
    export AD_HOC_CODE_SIGNING_ALLOWED\=YES
    export ALLOW_BUILD_REQUEST_OVERRIDES\=NO
    export ALLOW_TARGET_PLATFORM_SPECIALIZATION\=NO
    export ALTERNATE_GROUP\=staff
    export ALTERNATE_MODE\=u+w,go-w,a+rX
    export ALTERNATE_OWNER\=vinay
    export ALTERNATIVE_DISTRIBUTION_WEB\=NO
    export ALWAYS_EMBED_SWIFT_STANDARD_LIBRARIES\=NO
    export ALWAYS_SEARCH_USER_PATHS\=NO
    export ALWAYS_USE_SEPARATE_HEADERMAPS\=NO
    export APPLICATION_EXTENSION_API_ONLY\=NO
    export APPLY_RULES_IN_COPY_FILES\=NO
    export APPLY_RULES_IN_COPY_HEADERS\=NO
    export APP_SHORTCUTS_ENABLE_FLEXIBLE_MATCHING\=YES
    export ARCHS\=arm64
    export ARCHS_STANDARD\=arm64\ x86_64
    export ARCHS_STANDARD_32_64_BIT\=arm64\ x86_64
    export ARCHS_STANDARD_64_BIT\=arm64\ x86_64
    export ARCHS_STANDARD_INCLUDING_64_BIT\=arm64\ x86_64
    export ARCHS_UNIVERSAL_IPHONE_OS\=arm64\ x86_64
    export ASSETCATALOG_FILTER_FOR_DEVICE_MODEL\=iPhone18,1
    export ASSETCATALOG_FILTER_FOR_DEVICE_OS_VERSION\=26.2
    export ASSETCATALOG_FILTER_FOR_THINNING_DEVICE_CONFIGURATION\=iPhone18,1
    export AUTOMATICALLY_MERGE_DEPENDENCIES\=NO
    export AUTOMATION_APPLE_EVENTS\=NO
    export AVAILABLE_PLATFORMS\=android\ appletvos\ appletvsimulator\ driverkit\ iphoneos\ iphonesimulator\ macosx\ qnx\ watchos\ watchsimulator\ webassembly\ xros\ xrsimulator
    export BUILD_ACTIVE_RESOURCES_ONLY\=YES
    export BUILD_COMPONENTS\=headers\ build
    export BUILD_DIR\=/Users/vinay/Library/Developer/Xcode/DerivedData/FindFood-ceewejdexqlrirddbceaqvuunhkx/Build/Products
    export BUILD_LIBRARY_FOR_DISTRIBUTION\=NO
    export BUILD_ROOT\=/Users/vinay/Library/Developer/Xcode/DerivedData/FindFood-ceewejdexqlrirddbceaqvuunhkx/Build/Products
    export BUILD_STYLE\=
    export BUILD_VARIANTS\=normal
    export BUILT_PRODUCTS_DIR\=/Users/vinay/Library/Developer/Xcode/DerivedData/FindFood-ceewejdexqlrirddbceaqvuunhkx/Build/Products/Debug-iphonesimulator/EXConstants
    export BUNDLE_CONTENTS_FOLDER_PATH_deep\=Contents/
    export BUNDLE_EXECUTABLE_FOLDER_NAME_deep\=MacOS
    export BUNDLE_EXTENSIONS_FOLDER_PATH\=Extensions
    export BUNDLE_FORMAT\=shallow
    export BUNDLE_FRAMEWORKS_FOLDER_PATH\=Frameworks
    export BUNDLE_PLUGINS_FOLDER_PATH\=PlugIns
    export BUNDLE_PRIVATE_HEADERS_FOLDER_PATH\=PrivateHeaders
    export BUNDLE_PUBLIC_HEADERS_FOLDER_PATH\=Headers
    export CACHE_ROOT\=/var/folders/06/_s174lw542d0bq70l6m4_t8r0000gn/C/com.apple.DeveloperTools/26.2-17C52/Xcode
    export CCHROOT\=/var/folders/06/_s174lw542d0bq70l6m4_t8r0000gn/C/com.apple.DeveloperTools/26.2-17C52/Xcode
    export CHMOD\=/bin/chmod
    export CHOWN\=/usr/sbin/chown
    export CLANG_ANALYZER_LOCALIZABILITY_NONLOCALIZED\=YES
    export CLANG_ANALYZER_NONNULL\=YES
    export CLANG_ANALYZER_NUMBER_OBJECT_CONVERSION\=YES_AGGRESSIVE
    export CLANG_CACHE_FINE_GRAINED_OUTPUTS\=YES
    export CLANG_CXX_LANGUAGE_STANDARD\=c++20
    export CLANG_CXX_LIBRARY\=libc++
    export CLANG_ENABLE_EXPLICIT_MODULES\=YES
    export CLANG_ENABLE_MODULES\=YES
    export CLANG_ENABLE_MODULE_DEBUGGING\=NO
    export CLANG_ENABLE_OBJC_ARC\=YES
    export CLANG_ENABLE_OBJC_WEAK\=NO
    export CLANG_MODULES_BUILD_SESSION_FILE\=/Users/vinay/Library/Developer/Xcode/DerivedData/ModuleCache.noindex/Session.modulevalidation
    export CLANG_WARN_BLOCK_CAPTURE_AUTORELEASING\=YES
    export CLANG_WARN_BOOL_CONVERSION\=YES
    export CLANG_WARN_COMMA\=YES
    export CLANG_WARN_CONSTANT_CONVERSION\=YES
    export CLANG_WARN_DEPRECATED_OBJC_IMPLEMENTATIONS\=YES
    export CLANG_WARN_DIRECT_OBJC_ISA_USAGE\=YES_ERROR
    export CLANG_WARN_DOCUMENTATION_COMMENTS\=YES
    export CLANG_WARN_EMPTY_BODY\=YES
    export CLANG_WARN_ENUM_CONVERSION\=YES
    export CLANG_WARN_INFINITE_RECURSION\=YES
    export CLANG_WARN_INT_CONVERSION\=YES
    export CLANG_WARN_NON_LITERAL_NULL_CONVERSION\=YES
    export CLANG_WARN_OBJC_IMPLICIT_RETAIN_SELF\=YES
    export CLANG_WARN_OBJC_LITERAL_CONVERSION\=YES
    export CLANG_WARN_OBJC_ROOT_CLASS\=YES_ERROR
    export CLANG_WARN_QUOTED_INCLUDE_IN_FRAMEWORK_HEADER\=NO
    export CLANG_WARN_RANGE_LOOP_ANALYSIS\=YES
    export CLANG_WARN_STRICT_PROTOTYPES\=YES
    export CLANG_WARN_SUSPICIOUS_MOVE\=YES
    export CLANG_WARN_UNGUARDED_AVAILABILITY\=YES_AGGRESSIVE
    export CLANG_WARN_UNREACHABLE_CODE\=YES
    export CLANG_WARN__DUPLICATE_METHOD_MATCH\=YES
    export CLASS_FILE_DIR\=/Users/vinay/Library/Developer/Xcode/DerivedData/FindFood-ceewejdexqlrirddbceaqvuunhkx/Build/Intermediates.noindex/Pods.build/Debug-iphonesimulator/EXConstants.build/JavaClasses
    export CLEAN_PRECOMPS\=YES
    export CLONE_HEADERS\=NO
    export CODESIGNING_FOLDER_PATH\=/Users/vinay/Library/Developer/Xcode/DerivedData/FindFood-ceewejdexqlrirddbceaqvuunhkx/Build/Products/Debug-iphonesimulator/EXConstants/libEXConstants.a
    export CODE_SIGNING_ALLOWED\=NO
    export CODE_SIGNING_REQUIRED\=YES
    export CODE_SIGN_CONTEXT_CLASS\=XCiPhoneSimulatorCodeSignContext
    export CODE_SIGN_IDENTITY\=-
    export CODE_SIGN_INJECT_BASE_ENTITLEMENTS\=YES
    export COLOR_DIAGNOSTICS\=NO
    export COMBINE_HIDPI_IMAGES\=NO
    export COMPILATION_CACHE_CAS_PATH\=/Users/vinay/Library/Developer/Xcode/DerivedData/CompilationCache.noindex
    export COMPILATION_CACHE_KEEP_CAS_DIRECTORY\=YES
    export COMPILER_INDEX_STORE_ENABLE\=Default
    export COMPOSITE_SDK_DIRS\=/Users/vinay/Library/Developer/Xcode/DerivedData/FindFood-ceewejdexqlrirddbceaqvuunhkx/Build/Intermediates.noindex/CompositeSDKs
    export COMPRESS_PNG_FILES\=YES
    export CONFIGURATION\=Debug
    export CONFIGURATION_BUILD_DIR\=/Users/vinay/Library/Developer/Xcode/DerivedData/FindFood-ceewejdexqlrirddbceaqvuunhkx/Build/Products/Debug-iphonesimulator/EXConstants
    export CONFIGURATION_TEMP_DIR\=/Users/vinay/Library/Developer/Xcode/DerivedData/FindFood-ceewejdexqlrirddbceaqvuunhkx/Build/Intermediates.noindex/Pods.build/Debug-iphonesimulator
    export COPYING_PRESERVES_HFS_DATA\=NO
    export COPY_HEADERS_RUN_UNIFDEF\=NO
    export COPY_PHASE_STRIP\=NO
    export CORRESPONDING_DEVICE_PLATFORM_DIR\=/Applications/Xcode.app/Contents/Developer/Platforms/iPhoneOS.platform
    export CORRESPONDING_DEVICE_PLATFORM_NAME\=iphoneos
    export CORRESPONDING_DEVICE_SDK_DIR\=/Applications/Xcode.app/Contents/Developer/Platforms/iPhoneOS.platform/Developer/SDKs/iPhoneOS26.2.sdk
    export CORRESPONDING_DEVICE_SDK_NAME\=iphoneos26.2
    export CP\=/bin/cp
    export CREATE_INFOPLIST_SECTION_IN_BINARY\=NO
    export CURRENT_ARCH\=undefined_arch
    export CURRENT_VARIANT\=normal
    export DEAD_CODE_STRIPPING\=YES
    export DEBUGGING_SYMBOLS\=YES
    export DEBUG_INFORMATION_FORMAT\=dwarf
    export DEBUG_INFORMATION_VERSION\=compiler-default
    export DEFAULT_COMPILER\=com.apple.compilers.llvm.clang.1_0
    export DEFAULT_DEXT_INSTALL_PATH\=/System/Library/DriverExtensions
    export DEFAULT_KEXT_INSTALL_PATH\=/System/Library/Extensions
    export DEFINES_MODULE\=YES
    export DEPLOYMENT_LOCATION\=NO
    export DEPLOYMENT_POSTPROCESSING\=NO
    export DEPLOYMENT_TARGET_SETTING_NAME\=IPHONEOS_DEPLOYMENT_TARGET
    export DEPLOYMENT_TARGET_SUGGESTED_VALUES\=12.0\ 12.1\ 12.2\ 12.3\ 12.4\ 13.0\ 13.1\ 13.2\ 13.3\ 13.4\ 13.5\ 13.6\ 14.0\ 14.1\ 14.2\ 14.3\ 14.4\ 14.5\ 14.6\ 14.7\ 15.0\ 15.1\ 15.2\ 15.3\ 15.4\ 15.5\ 15.6\ 16.0\ 16.1\ 16.2\ 16.3\ 16.4\ 16.5\ 16.6\ 17.0\ 17.1\ 17.2\ 17.3\ 17.4\ 17.5\ 17.6\ 18.0\ 18.1\ 18.2\ 18.3\ 18.4\ 18.5\ 18.6\ 26.0\ 26.1\ 26.2
    export DERIVED_FILES_DIR\=/Users/vinay/Library/Developer/Xcode/DerivedData/FindFood-ceewejdexqlrirddbceaqvuunhkx/Build/Intermediates.noindex/Pods.build/Debug-iphonesimulator/EXConstants.build/DerivedSources
    export DERIVED_FILE_DIR\=/Users/vinay/Library/Developer/Xcode/DerivedData/FindFood-ceewejdexqlrirddbceaqvuunhkx/Build/Intermediates.noindex/Pods.build/Debug-iphonesimulator/EXConstants.build/DerivedSources
    export DERIVED_SOURCES_DIR\=/Users/vinay/Library/Developer/Xcode/DerivedData/FindFood-ceewejdexqlrirddbceaqvuunhkx/Build/Intermediates.noindex/Pods.build/Debug-iphonesimulator/EXConstants.build/DerivedSources
    export DEVELOPER_APPLICATIONS_DIR\=/Applications/Xcode.app/Contents/Developer/Applications
    export DEVELOPER_BIN_DIR\=/Applications/Xcode.app/Contents/Developer/usr/bin
    export DEVELOPER_DIR\=/Applications/Xcode.app/Contents/Developer
    export DEVELOPER_FRAMEWORKS_DIR\=/Applications/Xcode.app/Contents/Developer/Library/Frameworks
    export DEVELOPER_FRAMEWORKS_DIR_QUOTED\=/Applications/Xcode.app/Contents/Developer/Library/Frameworks
    export DEVELOPER_LIBRARY_DIR\=/Applications/Xcode.app/Contents/Developer/Library
    export DEVELOPER_SDK_DIR\=/Applications/Xcode.app/Contents/Developer/Platforms/MacOSX.platform/Developer/SDKs
    export DEVELOPER_TOOLS_DIR\=/Applications/Xcode.app/Contents/Developer/Tools
    export DEVELOPER_USR_DIR\=/Applications/Xcode.app/Contents/Developer/usr
    export DEVELOPMENT_LANGUAGE\=en
    export DIAGNOSE_MISSING_TARGET_DEPENDENCIES\=YES
    export DIFF\=/usr/bin/diff
    export DONT_GENERATE_INFOPLIST_FILE\=NO
    export DSTROOT\=/tmp/Pods.dst
    export DT_TOOLCHAIN_DIR\=/Applications/Xcode.app/Contents/Developer/Toolchains/XcodeDefault.xctoolchain
    export DWARF_DSYM_FILE_NAME\=libEXConstants.a.dSYM
    export DWARF_DSYM_FILE_SHOULD_ACCOMPANY_PRODUCT\=NO
    export DWARF_DSYM_FOLDER_PATH\=/Users/vinay/Library/Developer/Xcode/DerivedData/FindFood-ceewejdexqlrirddbceaqvuunhkx/Build/Products/Debug-iphonesimulator/EXConstants
    export DYNAMIC_LIBRARY_EXTENSION\=dylib
    export EAGER_COMPILATION_ALLOW_SCRIPTS\=NO
    export EAGER_LINKING\=NO
    export EFFECTIVE_PLATFORM_NAME\=-iphonesimulator
    export EMBEDDED_CONTENT_CONTAINS_SWIFT\=NO
    export EMBED_ASSET_PACKS_IN_PRODUCT_BUNDLE\=NO
    export ENABLE_APP_SANDBOX\=NO
    export ENABLE_CODE_COVERAGE\=YES
    export ENABLE_CPLUSPLUS_BOUNDS_SAFE_BUFFERS\=NO
    export ENABLE_C_BOUNDS_SAFETY\=NO
    export ENABLE_DEFAULT_HEADER_SEARCH_PATHS\=YES
    export ENABLE_DEFAULT_SEARCH_PATHS\=YES
    export ENABLE_ENHANCED_SECURITY\=NO
    export ENABLE_HARDENED_RUNTIME\=NO
    export ENABLE_HEADER_DEPENDENCIES\=YES
    export ENABLE_INCOMING_NETWORK_CONNECTIONS\=NO
    export ENABLE_MODULE_VERIFIER\=NO
    export ENABLE_ON_DEMAND_RESOURCES\=NO
    export ENABLE_OUTGOING_NETWORK_CONNECTIONS\=NO
    export ENABLE_POINTER_AUTHENTICATION\=NO
    export ENABLE_PREVIEWS\=NO
    export ENABLE_RESOURCE_ACCESS_AUDIO_INPUT\=NO
    export ENABLE_RESOURCE_ACCESS_BLUETOOTH\=NO
    export ENABLE_RESOURCE_ACCESS_CALENDARS\=NO
    export ENABLE_RESOURCE_ACCESS_CAMERA\=NO
    export ENABLE_RESOURCE_ACCESS_CONTACTS\=NO
    export ENABLE_RESOURCE_ACCESS_LOCATION\=NO
    export ENABLE_RESOURCE_ACCESS_PHOTO_LIBRARY\=NO
    export ENABLE_RESOURCE_ACCESS_PRINTING\=NO
    export ENABLE_RESOURCE_ACCESS_USB\=NO
    export ENABLE_SDK_IMPORTS\=NO
    export ENABLE_SECURITY_COMPILER_WARNINGS\=NO
    export ENABLE_STRICT_OBJC_MSGSEND\=YES
    export ENABLE_TESTABILITY\=YES
    export ENABLE_TESTING_SEARCH_PATHS\=NO
    export ENABLE_USER_SCRIPT_SANDBOXING\=NO
    export ENABLE_XOJIT_PREVIEWS\=YES
    export ENFORCE_VALID_ARCHS\=YES
    export ENTITLEMENTS_DESTINATION\=__entitlements
    export ENTITLEMENTS_REQUIRED\=YES
    export EXCLUDED_INSTALLSRC_SUBDIRECTORY_PATTERNS\=.DS_Store\ .svn\ .git\ .hg\ CVS
    export EXCLUDED_RECURSIVE_SEARCH_PATH_SUBDIRECTORIES\=\*.nib\ \*.lproj\ \*.framework\ \*.gch\ \*.xcode\*\ \*.xcassets\ \*.icon\ \(\*\)\ .DS_Store\ CVS\ .svn\ .git\ .hg\ \*.pbproj\ \*.pbxproj
    export EXECUTABLE_EXTENSION\=a
    export EXECUTABLE_NAME\=libEXConstants.a
    export EXECUTABLE_PATH\=libEXConstants.a
    export EXECUTABLE_PREFIX\=lib
    export EXECUTABLE_SUFFIX\=.a
    export FILE_LIST\=/Users/vinay/Library/Developer/Xcode/DerivedData/FindFood-ceewejdexqlrirddbceaqvuunhkx/Build/Intermediates.noindex/Pods.build/Debug-iphonesimulator/EXConstants.build/Objects/LinkFileList
    export FIXED_FILES_DIR\=/Users/vinay/Library/Developer/Xcode/DerivedData/FindFood-ceewejdexqlrirddbceaqvuunhkx/Build/Intermediates.noindex/Pods.build/Debug-iphonesimulator/EXConstants.build/FixedFiles
    export FRAMEWORK_FLAG_PREFIX\=-framework
    export FRAMEWORK_SEARCH_PATHS\=/Users/vinay/Library/Developer/Xcode/DerivedData/FindFood-ceewejdexqlrirddbceaqvuunhkx/Build/Products/Debug-iphonesimulator/EXConstants\ \ \"/Users/vinay/Documents/Github/FindFood/FindFood/FindFood-FE/ios/Pods/React-Core-prebuilt\"\ \"/Users/vinay/Documents/Github/FindFood/FindFood/FindFood-FE/ios/Pods/ReactNativeDependencies/framework/packages/react-native\"\ \"/Users/vinay/Documents/Github/FindFood/FindFood/FindFood-FE/ios/Pods/hermes-engine/destroot/Library/Frameworks/universal\"\ \"/Users/vinay/Library/Developer/Xcode/DerivedData/FindFood-ceewejdexqlrirddbceaqvuunhkx/Build/Products/Debug-iphonesimulator/XCFrameworkIntermediates/React-Core-prebuilt\"\ \"/Users/vinay/Library/Developer/Xcode/DerivedData/FindFood-ceewejdexqlrirddbceaqvuunhkx/Build/Products/Debug-iphonesimulator/XCFrameworkIntermediates/ReactNativeDependencies\"\ \"/Users/vinay/Library/Developer/Xcode/DerivedData/FindFood-ceewejdexqlrirddbceaqvuunhkx/Build/Products/Debug-iphonesimulator/XCFrameworkIntermediates/hermes-engine/Pre-built\"
    export FRAMEWORK_VERSION\=A
    export FULL_PRODUCT_NAME\=libEXConstants.a
    export FUSE_BUILD_PHASES\=YES
    export FUSE_BUILD_SCRIPT_PHASES\=NO
    export GCC3_VERSION\=3.3
    export GCC_C_LANGUAGE_STANDARD\=gnu11
    export GCC_DYNAMIC_NO_PIC\=NO
    export GCC_NO_COMMON_BLOCKS\=YES
    export GCC_OBJC_LEGACY_DISPATCH\=YES
    export GCC_OPTIMIZATION_LEVEL\=0
    export GCC_PFE_FILE_C_DIALECTS\=c\ objective-c\ c++\ objective-c++
    export GCC_PREFIX_HEADER\=Target\ Support\ Files/EXConstants/EXConstants-prefix.pch
    export GCC_PREPROCESSOR_DEFINITIONS\=POD_CONFIGURATION_DEBUG\=1\ DEBUG\=1\ \ COCOAPODS\=1
    export GCC_TREAT_WARNINGS_AS_ERRORS\=NO
    export GCC_VERSION\=com.apple.compilers.llvm.clang.1_0
    export GCC_VERSION_IDENTIFIER\=com_apple_compilers_llvm_clang_1_0
    export GCC_WARN_64_TO_32_BIT_CONVERSION\=YES
    export GCC_WARN_ABOUT_RETURN_TYPE\=YES_ERROR
    export GCC_WARN_UNDECLARED_SELECTOR\=YES
    export GCC_WARN_UNINITIALIZED_AUTOS\=YES_AGGRESSIVE
    export GCC_WARN_UNUSED_FUNCTION\=YES
    export GCC_WARN_UNUSED_VARIABLE\=YES
    export GENERATED_MODULEMAP_DIR\=/Users/vinay/Library/Developer/Xcode/DerivedData/FindFood-ceewejdexqlrirddbceaqvuunhkx/Build/Intermediates.noindex/GeneratedModuleMaps-iphonesimulator
    export GENERATE_INFOPLIST_FILE\=NO
    export GENERATE_INTERMEDIATE_TEXT_BASED_STUBS\=YES
    export GENERATE_PKGINFO_FILE\=NO
    export GENERATE_PRELINK_OBJECT_FILE\=NO
    export GENERATE_PROFILING_CODE\=NO
    export GENERATE_TEXT_BASED_STUBS\=NO
    export GID\=20
    export GROUP\=staff
    export HEADERMAP_INCLUDES_FLAT_ENTRIES_FOR_TARGET_BEING_BUILT\=YES
    export HEADERMAP_INCLUDES_FRAMEWORK_ENTRIES_FOR_ALL_PRODUCT_TYPES\=YES
    export HEADERMAP_INCLUDES_FRAMEWORK_ENTRIES_FOR_TARGETS_NOT_BEING_BUILT\=YES
    export HEADERMAP_INCLUDES_NONPUBLIC_NONPRIVATE_HEADERS\=YES
    export HEADERMAP_INCLUDES_PROJECT_HEADERS\=YES
    export HEADERMAP_USES_FRAMEWORK_PREFIX_ENTRIES\=YES
    export HEADERMAP_USES_VFS\=YES
    export HEADER_SEARCH_PATHS\=/Users/vinay/Library/Developer/Xcode/DerivedData/FindFood-ceewejdexqlrirddbceaqvuunhkx/Build/Products/Debug-iphonesimulator/EXConstants/include\ \ \"/Users/vinay/Documents/Github/FindFood/FindFood/FindFood-FE/ios/Pods/Headers/Private\"\ \"/Users/vinay/Documents/Github/FindFood/FindFood/FindFood-FE/ios/Pods/Headers/Private/EXConstants\"\ \"/Users/vinay/Documents/Github/FindFood/FindFood/FindFood-FE/ios/Pods/Headers/Public\"\ \"/Users/vinay/Documents/Github/FindFood/FindFood/FindFood-FE/ios/Pods/Headers/Public/ExpoModulesCore\"\ \"/Users/vinay/Documents/Github/FindFood/FindFood/FindFood-FE/ios/Pods/Headers/Public/FBLazyVector\"\ \"/Users/vinay/Documents/Github/FindFood/FindFood/FindFood-FE/ios/Pods/Headers/Public/RCTRequired\"\ \"/Users/vinay/Documents/Github/FindFood/FindFood/FindFood-FE/ios/Pods/Headers/Public/RCTTypeSafety\"\ \"/Users/vinay/Documents/Github/FindFood/FindFood/FindFood-FE/ios/Pods/Headers/Public/React-Core\"\ \"/Users/vinay/Documents/Github/FindFood/FindFood/FindFood-FE/ios/Pods/Headers/Public/React-Core-prebuilt\"\ \"/Users/vinay/Documents/Github/FindFood/FindFood/FindFood-FE/ios/Pods/Headers/Public/React-CoreModules\"\ \"/Users/vinay/Documents/Github/FindFood/FindFood/FindFood-FE/ios/Pods/Headers/Public/React-Fabric\"\ \"/Users/vinay/Documents/Github/FindFood/FindFood/FindFood-FE/ios/Pods/Headers/Public/React-FabricComponents\"\ \"/Users/vinay/Documents/Github/FindFood/FindFood/FindFood-FE/ios/Pods/Headers/Public/React-FabricImage\"\ \"/Users/vinay/Documents/Github/FindFood/FindFood/FindFood-FE/ios/Pods/Headers/Public/React-ImageManager\"\ \"/Users/vinay/Documents/Github/FindFood/FindFood/FindFood-FE/ios/Pods/Headers/Public/React-Mapbuffer\"\ \"/Users/vinay/Documents/Github/FindFood/FindFood/FindFood-FE/ios/Pods/Headers/Public/React-NativeModulesApple\"\ \"/Users/vinay/Documents/Github/FindFood/FindFood/FindFood-FE/ios/Pods/Headers/Public/React-RCTAnimation\"\ \"/Users/vinay/Documents/Github/FindFood/FindFood/FindFood-FE/ios/Pods/Headers/Public/React-RCTBlob\"\ \"/Users/vinay/Documents/Github/FindFood/FindFood/FindFood-FE/ios/Pods/Headers/Public/React-RCTFBReactNativeSpec\"\ \"/Users/vinay/Documents/Github/FindFood/FindFood/FindFood-FE/ios/Pods/Headers/Public/React-RCTFabric\"\ \"/Users/vinay/Documents/Github/FindFood/FindFood/FindFood-FE/ios/Pods/Headers/Public/React-RCTImage\"\ \"/Users/vinay/Documents/Github/FindFood/FindFood/FindFood-FE/ios/Pods/Headers/Public/React-RCTRuntime\"\ \"/Users/vinay/Documents/Github/FindFood/FindFood/FindFood-FE/ios/Pods/Headers/Public/React-RCTText\"\ \"/Users/vinay/Documents/Github/FindFood/FindFood/FindFood-FE/ios/Pods/Headers/Public/React-RuntimeApple\"\ \"/Users/vinay/Documents/Github/FindFood/FindFood/FindFood-FE/ios/Pods/Headers/Public/React-RuntimeCore\"\ \"/Users/vinay/Documents/Github/FindFood/FindFood/FindFood-FE/ios/Pods/Headers/Public/React-RuntimeHermes\"\ \"/Users/vinay/Documents/Github/FindFood/FindFood/FindFood-FE/ios/Pods/Headers/Public/React-callinvoker\"\ \"/Users/vinay/Documents/Github/FindFood/FindFood/FindFood-FE/ios/Pods/Headers/Public/React-cxxreact\"\ \"/Users/vinay/Documents/Github/FindFood/FindFood/FindFood-FE/ios/Pods/Headers/Public/React-debug\"\ \"/Users/vinay/Documents/Github/FindFood/FindFood/FindFood-FE/ios/Pods/Headers/Public/React-defaultsnativemodule\"\ \"/Users/vinay/Documents/Github/FindFood/FindFood/FindFood-FE/ios/Pods/Headers/Public/React-domnativemodule\"\ \"/Users/vinay/Documents/Github/FindFood/FindFood/FindFood-FE/ios/Pods/Headers/Public/React-featureflags\"\ \"/Users/vinay/Documents/Github/FindFood/FindFood/FindFood-FE/ios/Pods/Headers/Public/React-featureflagsnativemodule\"\ \"/Users/vinay/Documents/Github/FindFood/FindFood/FindFood-FE/ios/Pods/Headers/Public/React-graphics\"\ \"/Users/vinay/Documents/Github/FindFood/FindFood/FindFood-FE/ios/Pods/Headers/Public/React-hermes\"\ \"/Users/vinay/Documents/Github/FindFood/FindFood/FindFood-FE/ios/Pods/Headers/Public/React-idlecallbacksnativemodule\"\ \"/Users/vinay/Documents/Github/FindFood/FindFood/FindFood-FE/ios/Pods/Headers/Public/React-jserrorhandler\"\ \"/Users/vinay/Documents/Github/FindFood/FindFood/FindFood-FE/ios/Pods/Headers/Public/React-jsi\"\ \"/Users/vinay/Documents/Github/FindFood/FindFood/FindFood-FE/ios/Pods/Headers/Public/React-jsiexecutor\"\ \"/Users/vinay/Documents/Github/FindFood/FindFood/FindFood-FE/ios/Pods/Headers/Public/React-jsinspector\"\ \"/Users/vinay/Documents/Github/FindFood/FindFood/FindFood-FE/ios/Pods/Headers/Public/React-jsinspectorcdp\"\ \"/Users/vinay/Documents/Github/FindFood/FindFood/FindFood-FE/ios/Pods/Headers/Public/React-jsinspectornetwork\"\ \"/Users/vinay/Documents/Github/FindFood/FindFood/FindFood-FE/ios/Pods/Headers/Public/React-jsinspectortracing\"\ \"/Users/vinay/Documents/Github/FindFood/FindFood/FindFood-FE/ios/Pods/Headers/Public/React-jsitooling\"\ \"/Users/vinay/Documents/Github/FindFood/FindFood/FindFood-FE/ios/Pods/Headers/Public/React-logger\"\ \"/Users/vinay/Documents/Github/FindFood/FindFood/FindFood-FE/ios/Pods/Headers/Public/React-microtasksnativemodule\"\ \"/Users/vinay/Documents/Github/FindFood/FindFood/FindFood-FE/ios/Pods/Headers/Public/React-oscompat\"\ \"/Users/vinay/Documents/Github/FindFood/FindFood/FindFood-FE/ios/Pods/Headers/Public/React-perflogger\"\ \"/Users/vinay/Documents/Github/FindFood/FindFood/FindFood-FE/ios/Pods/Headers/Public/React-performancetimeline\"\ \"/Users/vinay/Documents/Github/FindFood/FindFood/FindFood-FE/ios/Pods/Headers/Public/React-rendererconsistency\"\ \"/Users/vinay/Documents/Github/FindFood/FindFood/FindFood-FE/ios/Pods/Headers/Public/React-renderercss\"\ \"/Users/vinay/Documents/Github/FindFood/FindFood/FindFood-FE/ios/Pods/Headers/Public/React-rendererdebug\"\ \"/Users/vinay/Documents/Github/FindFood/FindFood/FindFood-FE/ios/Pods/Headers/Public/React-runtimeexecutor\"\ \"/Users/vinay/Documents/Github/FindFood/FindFood/FindFood-FE/ios/Pods/Headers/Public/React-runtimescheduler\"\ \"/Users/vinay/Documents/Github/FindFood/FindFood/FindFood-FE/ios/Pods/Headers/Public/React-timing\"\ \"/Users/vinay/Documents/Github/FindFood/FindFood/FindFood-FE/ios/Pods/Headers/Public/React-utils\"\ \"/Users/vinay/Documents/Github/FindFood/FindFood/FindFood-FE/ios/Pods/Headers/Public/ReactCodegen\"\ \"/Users/vinay/Documents/Github/FindFood/FindFood/FindFood-FE/ios/Pods/Headers/Public/ReactCommon\"\ \"/Users/vinay/Documents/Github/FindFood/FindFood/FindFood-FE/ios/Pods/Headers/Public/ReactNativeDependencies\"\ \"/Users/vinay/Documents/Github/FindFood/FindFood/FindFood-FE/ios/Pods/Headers/Public/Yoga\"\ \"/Users/vinay/Documents/Github/FindFood/FindFood/FindFood-FE/ios/Pods/Headers/Public/hermes-engine\"
    export HOME\=/Users/vinay
    export HOST_ARCH\=arm64
    export HOST_PLATFORM\=macosx
    export ICONV\=/usr/bin/iconv
    export IMPLICIT_DEPENDENCY_DOMAIN\=default
    export INFOPLIST_ENABLE_CFBUNDLEICONS_MERGE\=YES
    export INFOPLIST_EXPAND_BUILD_SETTINGS\=YES
    export INFOPLIST_OUTPUT_FORMAT\=binary
    export INFOPLIST_PREPROCESS\=NO
    export INLINE_PRIVATE_FRAMEWORKS\=NO
    export INSTALLAPI_IGNORE_SKIP_INSTALL\=YES
    export INSTALLHDRS_COPY_PHASE\=NO
    export INSTALLHDRS_SCRIPT_PHASE\=NO
    export INSTALL_DIR\=/tmp/Pods.dst/usr/local/lib
    export INSTALL_GROUP\=staff
    export INSTALL_MODE_FLAG\=u+w,go-w,a+rX
    export INSTALL_OWNER\=vinay
    export INSTALL_PATH\=/usr/local/lib
    export INSTALL_ROOT\=/tmp/Pods.dst
    export IPHONEOS_DEPLOYMENT_TARGET\=15.1
    export IS_UNOPTIMIZED_BUILD\=YES
    export JAVAC_DEFAULT_FLAGS\=-J-Xms64m\ -J-XX:NewSize\=4M\ -J-Dfile.encoding\=UTF8
    export JAVA_APP_STUB\=/System/Library/Frameworks/JavaVM.framework/Resources/MacOS/JavaApplicationStub
    export JAVA_ARCHIVE_CLASSES\=YES
    export JAVA_ARCHIVE_TYPE\=JAR
    export JAVA_COMPILER\=/usr/bin/javac
    export JAVA_FRAMEWORK_RESOURCES_DIRS\=Resources
    export JAVA_JAR_FLAGS\=cv
    export JAVA_SOURCE_SUBDIR\=.
    export JAVA_USE_DEPENDENCIES\=YES
    export JAVA_ZIP_FLAGS\=-urg
    export JIKES_DEFAULT_FLAGS\=+E\ +OLDCSO
    export KEEP_PRIVATE_EXTERNS\=NO
    export LD_DEPENDENCY_INFO_FILE\=/Users/vinay/Library/Developer/Xcode/DerivedData/FindFood-ceewejdexqlrirddbceaqvuunhkx/Build/Intermediates.noindex/Pods.build/Debug-iphonesimulator/EXConstants.build/Objects-normal/undefined_arch/EXConstants_dependency_info.dat
    export LD_EXPORT_SYMBOLS\=YES
    export LD_GENERATE_MAP_FILE\=NO
    export LD_MAP_FILE_PATH\=/Users/vinay/Library/Developer/Xcode/DerivedData/FindFood-ceewejdexqlrirddbceaqvuunhkx/Build/Intermediates.noindex/Pods.build/Debug-iphonesimulator/EXConstants.build/EXConstants-LinkMap-normal-undefined_arch.txt
    export LD_NO_PIE\=NO
    export LD_QUOTE_LINKER_ARGUMENTS_FOR_COMPILER_DRIVER\=YES
    export LD_SHARED_CACHE_ELIGIBLE\=Automatic
    export LD_WARN_DUPLICATE_LIBRARIES\=NO
    export LD_WARN_UNUSED_DYLIBS\=NO
    export LEGACY_DEVELOPER_DIR\=/Applications/Xcode.app/Contents/PlugIns/Xcode3Core.ideplugin/Contents/SharedSupport/Developer
    export LEX\=lex
    export LIBRARY_DEXT_INSTALL_PATH\=/Library/DriverExtensions
    export LIBRARY_FLAG_NOSPACE\=YES
    export LIBRARY_FLAG_PREFIX\=-l
    export LIBRARY_KEXT_INSTALL_PATH\=/Library/Extensions
    export LIBRARY_SEARCH_PATHS\=/Users/vinay/Library/Developer/Xcode/DerivedData/FindFood-ceewejdexqlrirddbceaqvuunhkx/Build/Products/Debug-iphonesimulator/EXConstants\ 
    export LINKER_DISPLAYS_MANGLED_NAMES\=NO
    export LINK_FILE_LIST_normal_arm64\=/Users/vinay/Library/Developer/Xcode/DerivedData/FindFood-ceewejdexqlrirddbceaqvuunhkx/Build/Intermediates.noindex/Pods.build/Debug-iphonesimulator/EXConstants.build/Objects-normal/arm64/EXConstants.LinkFileList
    export LINK_OBJC_RUNTIME\=YES
    export LINK_WITH_STANDARD_LIBRARIES\=YES
    export LLVM_TARGET_TRIPLE_OS_VERSION\=ios15.1
    export LLVM_TARGET_TRIPLE_SUFFIX\=-simulator
    export LLVM_TARGET_TRIPLE_VENDOR\=apple
    export LM_AUX_CONST_METADATA_LIST_PATH_normal_arm64\=/Users/vinay/Library/Developer/Xcode/DerivedData/FindFood-ceewejdexqlrirddbceaqvuunhkx/Build/Intermediates.noindex/Pods.build/Debug-iphonesimulator/EXConstants.build/Objects-normal/arm64/EXConstants.SwiftConstValuesFileList
    export LOCALIZATION_EXPORT_SUPPORTED\=YES
    export LOCALIZATION_PREFERS_STRING_CATALOGS\=NO
    export LOCALIZED_STRING_MACRO_NAMES\=NSLocalizedString\ CFCopyLocalizedString
    export LOCALIZED_STRING_SWIFTUI_SUPPORT\=YES
    export LOCAL_ADMIN_APPS_DIR\=/Applications/Utilities
    export LOCAL_APPS_DIR\=/Applications
    export LOCAL_DEVELOPER_DIR\=/Library/Developer
    export LOCAL_LIBRARY_DIR\=/Library
    export LOCROOT\=/Users/vinay/Documents/Github/FindFood/FindFood/FindFood-FE/ios/Pods
    export LOCSYMROOT\=/Users/vinay/Documents/Github/FindFood/FindFood/FindFood-FE/ios/Pods
    export MACH_O_TYPE\=staticlib
    export MAC_OS_X_PRODUCT_BUILD_VERSION\=25C56
    export MAC_OS_X_VERSION_ACTUAL\=260200
    export MAC_OS_X_VERSION_MAJOR\=260000
    export MAC_OS_X_VERSION_MINOR\=260200
    export MAKE_MERGEABLE\=NO
    export MERGEABLE_LIBRARY\=NO
    export MERGED_BINARY_TYPE\=none
    export MERGE_LINKED_LIBRARIES\=NO
    export METAL_LIBRARY_FILE_BASE\=default
    export METAL_LIBRARY_OUTPUT_DIR\=/Users/vinay/Library/Developer/Xcode/DerivedData/FindFood-ceewejdexqlrirddbceaqvuunhkx/Build/Products/Debug-iphonesimulator/EXConstants/
    export MODULEMAP_FILE\=Headers/Public/EXConstants/EXConstants.modulemap
    export MODULE_CACHE_DIR\=/Users/vinay/Library/Developer/Xcode/DerivedData/ModuleCache.noindex
    export MTL_ENABLE_DEBUG_INFO\=INCLUDE_SOURCE
    export MTL_FAST_MATH\=YES
    export NATIVE_ARCH\=arm64
    export NATIVE_ARCH_32_BIT\=arm
    export NATIVE_ARCH_64_BIT\=arm64
    export NATIVE_ARCH_ACTUAL\=arm64
    export NO_COMMON\=YES
    export OBJC_ABI_VERSION\=2
    export OBJECT_FILE_DIR\=/Users/vinay/Library/Developer/Xcode/DerivedData/FindFood-ceewejdexqlrirddbceaqvuunhkx/Build/Intermediates.noindex/Pods.build/Debug-iphonesimulator/EXConstants.build/Objects
    export OBJECT_FILE_DIR_normal\=/Users/vinay/Library/Developer/Xcode/DerivedData/FindFood-ceewejdexqlrirddbceaqvuunhkx/Build/Intermediates.noindex/Pods.build/Debug-iphonesimulator/EXConstants.build/Objects-normal
    export OBJROOT\=/Users/vinay/Library/Developer/Xcode/DerivedData/FindFood-ceewejdexqlrirddbceaqvuunhkx/Build/Intermediates.noindex
    export ONLY_ACTIVE_ARCH\=YES
    export OS\=MACOS
    export OSAC\=/usr/bin/osacompile
    export OTHER_CFLAGS\=\ -fmodule-map-file\=\"/Users/vinay/Library/Developer/Xcode/DerivedData/FindFood-ceewejdexqlrirddbceaqvuunhkx/Build/Products/Debug-iphonesimulator/ExpoModulesCore/ExpoModulesCore.modulemap\"\ -fmodule-map-file\=\"/Users/vinay/Documents/Github/FindFood/FindFood/FindFood-FE/ios/Pods/Headers/Public/ReactCodegen/ReactCodegen.modulemap\"
    export OTHER_CPLUSPLUSFLAGS\=\ -fmodule-map-file\=\"/Users/vinay/Library/Developer/Xcode/DerivedData/FindFood-ceewejdexqlrirddbceaqvuunhkx/Build/Products/Debug-iphonesimulator/ExpoModulesCore/ExpoModulesCore.modulemap\"\ -fmodule-map-file\=\"/Users/vinay/Documents/Github/FindFood/FindFood/FindFood-FE/ios/Pods/Headers/Public/ReactCodegen/ReactCodegen.modulemap\"
    export OTHER_SWIFT_FLAGS\=\ -D\ COCOAPODS\ -Xcc\ -fmodule-map-file\=\"/Users/vinay/Library/Developer/Xcode/DerivedData/FindFood-ceewejdexqlrirddbceaqvuunhkx/Build/Products/Debug-iphonesimulator/ExpoModulesCore/ExpoModulesCore.modulemap\"\ -Xcc\ -fmodule-map-file\=\"/Users/vinay/Documents/Github/FindFood/FindFood/FindFood-FE/ios/Pods/Headers/Public/ReactCodegen/ReactCodegen.modulemap\"\ -import-underlying-module\ -Xcc\ -fmodule-map-file\=\"/Users/vinay/Documents/Github/FindFood/FindFood/FindFood-FE/ios/Pods/Headers/Public/EXConstants/EXConstants.modulemap\"
    export PACKAGE_TYPE\=com.apple.package-type.static-library
    export PASCAL_STRINGS\=YES
    export PATH\=/Applications/Xcode.app/Contents/SharedFrameworks/SwiftBuild.framework/Versions/A/PlugIns/SWBBuildService.bundle/Contents/PlugIns/SWBUniversalPlatformPlugin.bundle/Contents/Frameworks/SWBUniversalPlatform.framework/Resources:/Applications/Xcode.app/Contents/Developer/Toolchains/XcodeDefault.xctoolchain/usr/bin:/Applications/Xcode.app/Contents/Developer/Toolchains/XcodeDefault.xctoolchain/usr/local/bin:/Applications/Xcode.app/Contents/Developer/Toolchains/XcodeDefault.xctoolchain/usr/libexec:/Applications/Xcode.app/Contents/Developer/Platforms/iPhoneSimulator.platform/usr/bin:/Applications/Xcode.app/Contents/Developer/Platforms/iPhoneSimulator.platform/usr/local/bin:/Applications/Xcode.app/Contents/Developer/Platforms/iPhoneSimulator.platform/Developer/usr/bin:/Applications/Xcode.app/Contents/Developer/Platforms/iPhoneSimulator.platform/Developer/usr/local/bin:/Applications/Xcode.app/Contents/Developer/usr/bin:/Applications/Xcode.app/Contents/Developer/usr/local/bin:/Users/vinay/Documents/Github/FindFood/FindFood/FindFood-FE/node_modules/.bin:/Users/vinay/Documents/Github/FindFood/FindFood/node_modules/.bin:/Users/vinay/Documents/Github/FindFood/node_modules/.bin:/Users/vinay/Documents/Github/node_modules/.bin:/Users/vinay/Documents/node_modules/.bin:/Users/vinay/node_modules/.bin:/Users/node_modules/.bin:/node_modules/.bin:/Users/vinay/.nvm/versions/node/v22.20.0/lib/node_modules/npm/node_modules/@npmcli/run-script/lib/node-gyp-bin:/Users/vinay/.rbenv/shims:/Users/vinay/.rbenv/bin:/Users/vinay/.nvm/versions/node/v22.20.0/bin:/usr/local/bin:/System/Cryptexes/App/usr/bin:/usr/bin:/bin:/usr/sbin:/sbin:/var/run/com.apple.security.cryptexd/codex.system/bootstrap/usr/local/bin:/var/run/com.apple.security.cryptexd/codex.system/bootstrap/usr/bin:/var/run/com.apple.security.cryptexd/codex.system/bootstrap/usr/appleinternal/bin:/opt/pmk/env/global/bin:/Library/Apple/usr/bin:/opt/homebrew/bin:/Users/vinay/Library/Application\ Support/Code/User/globalStorage/github.copilot-chat/debugCommand
    export PATH_PREFIXES_EXCLUDED_FROM_HEADER_DEPENDENCIES\=/usr/include\ /usr/local/include\ /System/Library/Frameworks\ /System/Library/PrivateFrameworks\ /Applications/Xcode.app/Contents/Developer/Headers\ /Applications/Xcode.app/Contents/Developer/SDKs\ /Applications/Xcode.app/Contents/Developer/Platforms
    export PER_ARCH_MODULE_FILE_DIR\=/Users/vinay/Library/Developer/Xcode/DerivedData/FindFood-ceewejdexqlrirddbceaqvuunhkx/Build/Intermediates.noindex/Pods.build/Debug-iphonesimulator/EXConstants.build/Objects-normal/undefined_arch
    export PER_ARCH_OBJECT_FILE_DIR\=/Users/vinay/Library/Developer/Xcode/DerivedData/FindFood-ceewejdexqlrirddbceaqvuunhkx/Build/Intermediates.noindex/Pods.build/Debug-iphonesimulator/EXConstants.build/Objects-normal/undefined_arch
    export PER_VARIANT_OBJECT_FILE_DIR\=/Users/vinay/Library/Developer/Xcode/DerivedData/FindFood-ceewejdexqlrirddbceaqvuunhkx/Build/Intermediates.noindex/Pods.build/Debug-iphonesimulator/EXConstants.build/Objects-normal
    export PKGINFO_FILE_PATH\=/Users/vinay/Library/Developer/Xcode/DerivedData/FindFood-ceewejdexqlrirddbceaqvuunhkx/Build/Intermediates.noindex/Pods.build/Debug-iphonesimulator/EXConstants.build/PkgInfo
    export PLATFORM_DEVELOPER_APPLICATIONS_DIR\=/Applications/Xcode.app/Contents/Developer/Platforms/iPhoneSimulator.platform/Developer/Applications
    export PLATFORM_DEVELOPER_BIN_DIR\=/Applications/Xcode.app/Contents/Developer/Platforms/iPhoneSimulator.platform/Developer/usr/bin
    export PLATFORM_DEVELOPER_LIBRARY_DIR\=/Applications/Xcode.app/Contents/Developer/Platforms/iPhoneSimulator.platform/Developer/Library
    export PLATFORM_DEVELOPER_SDK_DIR\=/Applications/Xcode.app/Contents/Developer/Platforms/iPhoneSimulator.platform/Developer/SDKs
    export PLATFORM_DEVELOPER_TOOLS_DIR\=/Applications/Xcode.app/Contents/Developer/Platforms/iPhoneSimulator.platform/Developer/Tools
    export PLATFORM_DEVELOPER_USR_DIR\=/Applications/Xcode.app/Contents/Developer/Platforms/iPhoneSimulator.platform/Developer/usr
    export PLATFORM_DIR\=/Applications/Xcode.app/Contents/Developer/Platforms/iPhoneSimulator.platform
    export PLATFORM_DISPLAY_NAME\=iOS\ Simulator
    export PLATFORM_FAMILY_NAME\=iOS
    export PLATFORM_NAME\=iphonesimulator
    export PLATFORM_PREFERRED_ARCH\=x86_64
    export PLATFORM_PRODUCT_BUILD_VERSION\=23C53
    export PLATFORM_REQUIRES_SWIFT_AUTOLINK_EXTRACT\=NO
    export PLATFORM_REQUIRES_SWIFT_MODULEWRAP\=NO
    export PLIST_FILE_OUTPUT_FORMAT\=binary
    export PODS_BUILD_DIR\=/Users/vinay/Library/Developer/Xcode/DerivedData/FindFood-ceewejdexqlrirddbceaqvuunhkx/Build/Products
    export PODS_CONFIGURATION_BUILD_DIR\=/Users/vinay/Library/Developer/Xcode/DerivedData/FindFood-ceewejdexqlrirddbceaqvuunhkx/Build/Products/Debug-iphonesimulator
    export PODS_DEVELOPMENT_LANGUAGE\=en
    export PODS_ROOT\=/Users/vinay/Documents/Github/FindFood/FindFood/FindFood-FE/ios/Pods
    export PODS_TARGET_SRCROOT\=/Users/vinay/Documents/Github/FindFood/FindFood/FindFood-FE/ios/Pods/../../node_modules/expo/node_modules/expo-constants/ios
    export PODS_XCFRAMEWORKS_BUILD_DIR\=/Users/vinay/Library/Developer/Xcode/DerivedData/FindFood-ceewejdexqlrirddbceaqvuunhkx/Build/Products/Debug-iphonesimulator/XCFrameworkIntermediates
    export PRECOMPS_INCLUDE_HEADERS_FROM_BUILT_PRODUCTS_DIR\=YES
    export PRECOMP_DESTINATION_DIR\=/Users/vinay/Library/Developer/Xcode/DerivedData/FindFood-ceewejdexqlrirddbceaqvuunhkx/Build/Intermediates.noindex/Pods.build/Debug-iphonesimulator/EXConstants.build/PrefixHeaders
    export PROCESSED_INFOPLIST_PATH\=/Users/vinay/Library/Developer/Xcode/DerivedData/FindFood-ceewejdexqlrirddbceaqvuunhkx/Build/Intermediates.noindex/Pods.build/Debug-iphonesimulator/EXConstants.build/Objects-normal/undefined_arch/Processed-Info.plist
    export PRODUCT_BUNDLE_IDENTIFIER\=org.cocoapods.EXConstants
    export PRODUCT_MODULE_NAME\=EXConstants
    export PRODUCT_NAME\=EXConstants
    export PRODUCT_SETTINGS_PATH\=
    export PRODUCT_TYPE\=com.apple.product-type.library.static
    export PROFILING_CODE\=NO
    export PROJECT\=Pods
    export PROJECT_DERIVED_FILE_DIR\=/Users/vinay/Library/Developer/Xcode/DerivedData/FindFood-ceewejdexqlrirddbceaqvuunhkx/Build/Intermediates.noindex/Pods.build/DerivedSources
    export PROJECT_DIR\=/Users/vinay/Documents/Github/FindFood/FindFood/FindFood-FE/ios/Pods
    export PROJECT_FILE_PATH\=/Users/vinay/Documents/Github/FindFood/FindFood/FindFood-FE/ios/Pods/Pods.xcodeproj
    export PROJECT_GUID\=8699adb1dd336b26511df848a716bd42
    export PROJECT_NAME\=Pods
    export PROJECT_TEMP_DIR\=/Users/vinay/Library/Developer/Xcode/DerivedData/FindFood-ceewejdexqlrirddbceaqvuunhkx/Build/Intermediates.noindex/Pods.build
    export PROJECT_TEMP_ROOT\=/Users/vinay/Library/Developer/Xcode/DerivedData/FindFood-ceewejdexqlrirddbceaqvuunhkx/Build/Intermediates.noindex
    export REACT_NATIVE_PATH\=/Users/vinay/Documents/Github/FindFood/FindFood/FindFood-FE/ios/Pods/../../node_modules/react-native
    export RECOMMENDED_IPHONEOS_DEPLOYMENT_TARGET\=15.0
    export RECURSIVE_SEARCH_PATHS_FOLLOW_SYMLINKS\=YES
    export REMOVE_CVS_FROM_RESOURCES\=YES
    export REMOVE_GIT_FROM_RESOURCES\=YES
    export REMOVE_HEADERS_FROM_EMBEDDED_BUNDLES\=YES
    export REMOVE_HG_FROM_RESOURCES\=YES
    export REMOVE_STATIC_EXECUTABLES_FROM_EMBEDDED_BUNDLES\=YES
    export REMOVE_SVN_FROM_RESOURCES\=YES
    export RESCHEDULE_INDEPENDENT_HEADERS_PHASES\=YES
    export REZ_COLLECTOR_DIR\=/Users/vinay/Library/Developer/Xcode/DerivedData/FindFood-ceewejdexqlrirddbceaqvuunhkx/Build/Intermediates.noindex/Pods.build/Debug-iphonesimulator/EXConstants.build/ResourceManagerResources
    export REZ_EXECUTABLE\=YES
    export REZ_OBJECTS_DIR\=/Users/vinay/Library/Developer/Xcode/DerivedData/FindFood-ceewejdexqlrirddbceaqvuunhkx/Build/Intermediates.noindex/Pods.build/Debug-iphonesimulator/EXConstants.build/ResourceManagerResources/Objects
    export REZ_SEARCH_PATHS\=/Users/vinay/Library/Developer/Xcode/DerivedData/FindFood-ceewejdexqlrirddbceaqvuunhkx/Build/Products/Debug-iphonesimulator/EXConstants\ 
    export RUNTIME_EXCEPTION_ALLOW_DYLD_ENVIRONMENT_VARIABLES\=NO
    export RUNTIME_EXCEPTION_ALLOW_JIT\=NO
    export RUNTIME_EXCEPTION_ALLOW_UNSIGNED_EXECUTABLE_MEMORY\=NO
    export RUNTIME_EXCEPTION_DEBUGGING_TOOL\=NO
    export RUNTIME_EXCEPTION_DISABLE_EXECUTABLE_PAGE_PROTECTION\=NO
    export RUNTIME_EXCEPTION_DISABLE_LIBRARY_VALIDATION\=NO
    export SCAN_ALL_SOURCE_FILES_FOR_INCLUDES\=NO
    export SCRIPT_INPUT_FILE_COUNT\=0
    export SCRIPT_INPUT_FILE_LIST_COUNT\=0
    export SCRIPT_OUTPUT_FILE_COUNT\=0
    export SCRIPT_OUTPUT_FILE_LIST_COUNT\=0
    export SDKROOT\=/Applications/Xcode.app/Contents/Developer/Platforms/iPhoneSimulator.platform/Developer/SDKs/iPhoneSimulator26.2.sdk
    export SDK_DIR\=/Applications/Xcode.app/Contents/Developer/Platforms/iPhoneSimulator.platform/Developer/SDKs/iPhoneSimulator26.2.sdk
    export SDK_DIR_iphonesimulator\=/Applications/Xcode.app/Contents/Developer/Platforms/iPhoneSimulator.platform/Developer/SDKs/iPhoneSimulator26.2.sdk
    export SDK_DIR_iphonesimulator26_2\=/Applications/Xcode.app/Contents/Developer/Platforms/iPhoneSimulator.platform/Developer/SDKs/iPhoneSimulator26.2.sdk
    export SDK_NAME\=iphonesimulator26.2
    export SDK_NAMES\=iphonesimulator26.2
    export SDK_PRODUCT_BUILD_VERSION\=23C53
    export SDK_STAT_CACHE_DIR\=/Users/vinay/Library/Developer/Xcode/DerivedData
    export SDK_STAT_CACHE_ENABLE\=YES
    export SDK_STAT_CACHE_PATH\=/Users/vinay/Library/Developer/Xcode/DerivedData/SDKStatCaches.noindex/iphonesimulator26.2-23C53-7d00a8b37fbd7999ea79df8ebc024bf0.sdkstatcache
    export SDK_VERSION\=26.2
    export SDK_VERSION_ACTUAL\=260200
    export SDK_VERSION_MAJOR\=260000
    export SDK_VERSION_MINOR\=260200
    export SED\=/usr/bin/sed
    export SEPARATE_STRIP\=NO
    export SEPARATE_SYMBOL_EDIT\=NO
    export SET_DIR_MODE_OWNER_GROUP\=YES
    export SET_FILE_MODE_OWNER_GROUP\=NO
    export SHALLOW_BUNDLE\=NO
    export SHARED_DERIVED_FILE_DIR\=/Users/vinay/Library/Developer/Xcode/DerivedData/FindFood-ceewejdexqlrirddbceaqvuunhkx/Build/Products/Debug-iphonesimulator/EXConstants/DerivedSources
    export SHARED_PRECOMPS_DIR\=/Users/vinay/Library/Developer/Xcode/DerivedData/FindFood-ceewejdexqlrirddbceaqvuunhkx/Build/Intermediates.noindex/PrecompiledHeaders
    export SKIP_INSTALL\=YES
    export SOURCE_ROOT\=/Users/vinay/Documents/Github/FindFood/FindFood/FindFood-FE/ios/Pods
    export SRCROOT\=/Users/vinay/Documents/Github/FindFood/FindFood/FindFood-FE/ios/Pods
    export STRINGSDATA_DIR\=/Users/vinay/Library/Developer/Xcode/DerivedData/FindFood-ceewejdexqlrirddbceaqvuunhkx/Build/Intermediates.noindex/Pods.build/Debug-iphonesimulator/EXConstants.build/Objects-normal/undefined_arch
    export STRINGSDATA_ROOT\=/Users/vinay/Library/Developer/Xcode/DerivedData/FindFood-ceewejdexqlrirddbceaqvuunhkx/Build/Intermediates.noindex/Pods.build/Debug-iphonesimulator/EXConstants.build
    export STRINGS_FILE_INFOPLIST_RENAME\=YES
    export STRINGS_FILE_OUTPUT_ENCODING\=binary
    export STRING_CATALOG_GENERATE_SYMBOLS\=NO
    export STRIP_BITCODE_FROM_COPIED_FILES\=NO
    export STRIP_INSTALLED_PRODUCT\=NO
    export STRIP_STYLE\=debugging
    export STRIP_SWIFT_SYMBOLS\=YES
    export SUPPORTED_DEVICE_FAMILIES\=1,2
    export SUPPORTED_PLATFORMS\=iphoneos\ iphonesimulator
    export SUPPORTS_TEXT_BASED_API\=NO
    export SUPPRESS_WARNINGS\=NO
    export SWIFT_ACTIVE_COMPILATION_CONDITIONS\=\ DEBUG\ 
    export SWIFT_COMPILATION_MODE\=wholemodule
    export SWIFT_EMIT_CONST_VALUE_PROTOCOLS\=AppIntent\ EntityQuery\ AppEntity\ TransientEntity\ AppEnum\ AppShortcutProviding\ AppShortcutsProvider\ AnyResolverProviding\ AppIntentsPackage\ DynamicOptionsProvider\ _IntentValueRepresentable\ _AssistantIntentsProvider\ _GenerativeFunctionExtractable\ IntentValueQuery\ Resolver\ AppExtension\ ExtensionPointDefining
    export SWIFT_EMIT_LOC_STRINGS\=NO
    export SWIFT_ENABLE_EXPLICIT_MODULES\=NO
    export SWIFT_INCLUDE_PATHS\=/Users/vinay/Library/Developer/Xcode/DerivedData/FindFood-ceewejdexqlrirddbceaqvuunhkx/Build/Products/Debug-iphonesimulator/EXConstants\ \ \"/Users/vinay/Library/Developer/Xcode/DerivedData/FindFood-ceewejdexqlrirddbceaqvuunhkx/Build/Products/Debug-iphonesimulator/ExpoModulesCore\"
    export SWIFT_INSTALL_OBJC_HEADER\=YES
    export SWIFT_OPTIMIZATION_LEVEL\=-Onone
    export SWIFT_PLATFORM_TARGET_PREFIX\=ios
    export SWIFT_RESPONSE_FILE_PATH_normal_arm64\=/Users/vinay/Library/Developer/Xcode/DerivedData/FindFood-ceewejdexqlrirddbceaqvuunhkx/Build/Intermediates.noindex/Pods.build/Debug-iphonesimulator/EXConstants.build/Objects-normal/arm64/EXConstants.SwiftFileList
    export SWIFT_VERSION\=5.9
    export SYMROOT\=/Users/vinay/Library/Developer/Xcode/DerivedData/FindFood-ceewejdexqlrirddbceaqvuunhkx/Build/Products
    export SYSTEM_ADMIN_APPS_DIR\=/Applications/Utilities
    export SYSTEM_APPS_DIR\=/Applications
    export SYSTEM_CORE_SERVICES_DIR\=/System/Library/CoreServices
    export SYSTEM_DEMOS_DIR\=/Applications/Extras
    export SYSTEM_DEVELOPER_APPS_DIR\=/Applications/Xcode.app/Contents/Developer/Applications
    export SYSTEM_DEVELOPER_BIN_DIR\=/Applications/Xcode.app/Contents/Developer/usr/bin
    export SYSTEM_DEVELOPER_DEMOS_DIR\=/Applications/Xcode.app/Contents/Developer/Applications/Utilities/Built\ Examples
    export SYSTEM_DEVELOPER_DIR\=/Applications/Xcode.app/Contents/Developer
    export SYSTEM_DEVELOPER_DOC_DIR\=/Applications/Xcode.app/Contents/Developer/ADC\ Reference\ Library
    export SYSTEM_DEVELOPER_GRAPHICS_TOOLS_DIR\=/Applications/Xcode.app/Contents/Developer/Applications/Graphics\ Tools
    export SYSTEM_DEVELOPER_JAVA_TOOLS_DIR\=/Applications/Xcode.app/Contents/Developer/Applications/Java\ Tools
    export SYSTEM_DEVELOPER_PERFORMANCE_TOOLS_DIR\=/Applications/Xcode.app/Contents/Developer/Applications/Performance\ Tools
    export SYSTEM_DEVELOPER_RELEASENOTES_DIR\=/Applications/Xcode.app/Contents/Developer/ADC\ Reference\ Library/releasenotes
    export SYSTEM_DEVELOPER_TOOLS\=/Applications/Xcode.app/Contents/Developer/Tools
    export SYSTEM_DEVELOPER_TOOLS_DOC_DIR\=/Applications/Xcode.app/Contents/Developer/ADC\ Reference\ Library/documentation/DeveloperTools
    export SYSTEM_DEVELOPER_TOOLS_RELEASENOTES_DIR\=/Applications/Xcode.app/Contents/Developer/ADC\ Reference\ Library/releasenotes/DeveloperTools
    export SYSTEM_DEVELOPER_USR_DIR\=/Applications/Xcode.app/Contents/Developer/usr
    export SYSTEM_DEVELOPER_UTILITIES_DIR\=/Applications/Xcode.app/Contents/Developer/Applications/Utilities
    export SYSTEM_DEXT_INSTALL_PATH\=/System/Library/DriverExtensions
    export SYSTEM_DOCUMENTATION_DIR\=/Library/Documentation
    export SYSTEM_KEXT_INSTALL_PATH\=/System/Library/Extensions
    export SYSTEM_LIBRARY_DIR\=/System/Library
    export TAPI_DEMANGLE\=YES
    export TAPI_ENABLE_PROJECT_HEADERS\=NO
    export TAPI_LANGUAGE\=objective-c
    export TAPI_LANGUAGE_STANDARD\=compiler-default
    export TAPI_USE_SRCROOT\=YES
    export TAPI_VERIFY_MODE\=Pedantic
    export TARGETED_DEVICE_FAMILY\=1,2
    export TARGETNAME\=EXConstants
    export TARGET_BUILD_DIR\=/Users/vinay/Library/Developer/Xcode/DerivedData/FindFood-ceewejdexqlrirddbceaqvuunhkx/Build/Products/Debug-iphonesimulator/EXConstants
    export TARGET_DEVICE_IDENTIFIER\=3C87BD02-CE09-4166-8EA9-2E43247858B8
    export TARGET_DEVICE_MODEL\=iPhone18,1
    export TARGET_DEVICE_OS_VERSION\=26.2
    export TARGET_DEVICE_PLATFORM_NAME\=iphonesimulator
    export TARGET_NAME\=EXConstants
    export TARGET_TEMP_DIR\=/Users/vinay/Library/Developer/Xcode/DerivedData/FindFood-ceewejdexqlrirddbceaqvuunhkx/Build/Intermediates.noindex/Pods.build/Debug-iphonesimulator/EXConstants.build
    export TEMP_DIR\=/Users/vinay/Library/Developer/Xcode/DerivedData/FindFood-ceewejdexqlrirddbceaqvuunhkx/Build/Intermediates.noindex/Pods.build/Debug-iphonesimulator/EXConstants.build
    export TEMP_FILES_DIR\=/Users/vinay/Library/Developer/Xcode/DerivedData/FindFood-ceewejdexqlrirddbceaqvuunhkx/Build/Intermediates.noindex/Pods.build/Debug-iphonesimulator/EXConstants.build
    export TEMP_FILE_DIR\=/Users/vinay/Library/Developer/Xcode/DerivedData/FindFood-ceewejdexqlrirddbceaqvuunhkx/Build/Intermediates.noindex/Pods.build/Debug-iphonesimulator/EXConstants.build
    export TEMP_ROOT\=/Users/vinay/Library/Developer/Xcode/DerivedData/FindFood-ceewejdexqlrirddbceaqvuunhkx/Build/Intermediates.noindex
    export TEMP_SANDBOX_DIR\=/Users/vinay/Library/Developer/Xcode/DerivedData/FindFood-ceewejdexqlrirddbceaqvuunhkx/Build/Intermediates.noindex/TemporaryTaskSandboxes
    export TEST_FRAMEWORK_SEARCH_PATHS\=\ /Applications/Xcode.app/Contents/Developer/Platforms/iPhoneSimulator.platform/Developer/Library/Frameworks\ /Applications/Xcode.app/Contents/Developer/Platforms/iPhoneSimulator.platform/Developer/SDKs/iPhoneSimulator26.2.sdk/Developer/Library/Frameworks
    export TEST_LIBRARY_SEARCH_PATHS\=\ /Applications/Xcode.app/Contents/Developer/Platforms/iPhoneSimulator.platform/Developer/usr/lib
    export TOOLCHAINS\=com.apple.dt.toolchain.XcodeDefault
    export TOOLCHAIN_DIR\=/Applications/Xcode.app/Contents/Developer/Toolchains/XcodeDefault.xctoolchain
    export TREAT_MISSING_BASELINES_AS_TEST_FAILURES\=NO
    export TREAT_MISSING_SCRIPT_PHASE_OUTPUTS_AS_ERRORS\=NO
    export UID\=501
    export UNINSTALLED_PRODUCTS_DIR\=/Users/vinay/Library/Developer/Xcode/DerivedData/FindFood-ceewejdexqlrirddbceaqvuunhkx/Build/Intermediates.noindex/UninstalledProducts
    export UNSTRIPPED_PRODUCT\=NO
    export USER\=vinay
    export USER_APPS_DIR\=/Users/vinay/Applications
    export USER_LIBRARY_DIR\=/Users/vinay/Library
    export USE_DYNAMIC_NO_PIC\=YES
    export USE_HEADERMAP\=YES
    export USE_HEADER_SYMLINKS\=NO
    export USE_HERMES\=true
    export USE_RECURSIVE_SCRIPT_INPUTS_IN_SCRIPT_PHASES\=YES
    export VALIDATE_DEVELOPMENT_ASSET_PATHS\=YES_ERROR
    export VALIDATE_PRODUCT\=NO
    export VALID_ARCHS\=arm64\ x86_64
    export VERBOSE_PBXCP\=NO
    export VERSION_INFO_BUILDER\=vinay
    export VERSION_INFO_FILE\=EXConstants_vers.c
    export VERSION_INFO_STRING\=\"@\(\#\)PROGRAM:EXConstants\ \ PROJECT:Pods-\"
    export WORKSPACE_DIR\=/Users/vinay/Documents/Github/FindFood/FindFood/FindFood-FE/ios
    export WRAP_ASSET_PACKS_IN_SEPARATE_DIRECTORIES\=NO
    export XCODE_APP_SUPPORT_DIR\=/Applications/Xcode.app/Contents/Developer/Library/Xcode
    export XCODE_PRODUCT_BUILD_VERSION\=17C52
    export XCODE_VERSION_ACTUAL\=2620
    export XCODE_VERSION_MAJOR\=2600
    export XCODE_VERSION_MINOR\=2620
    export XPCSERVICES_FOLDER_PATH\=/XPCServices
    export YACC\=yacc
    export _DISCOVER_COMMAND_LINE_LINKER_INPUTS\=YES
    export _DISCOVER_COMMAND_LINE_LINKER_INPUTS_INCLUDE_WL\=YES
    export _LD_MULTIARCH\=YES
    export __DIAGNOSE_DEPRECATED_ARCHS\=YES
    export arch\=undefined_arch
    export variant\=normal
    /bin/sh -c /Users/vinay/Library/Developer/Xcode/DerivedData/FindFood-ceewejdexqlrirddbceaqvuunhkx/Build/Intermediates.noindex/Pods.build/Debug-iphonesimulator/EXConstants.build/Script-46EB2E00020E20.sh
Node found at: /Users/vinay/.nvm/versions/node/v22.20.0/bin/node

ProcessProductPackaging /Users/vinay/Documents/Github/FindFood/FindFood/FindFood-FE/ios/FindFood/FindFood.entitlements /Users/vinay/Library/Developer/Xcode/DerivedData/FindFood-ceewejdexqlrirddbceaqvuunhkx/Build/Intermediates.noindex/FindFood.build/Debug-iphonesimulator/FindFood.build/FindFood.app-Simulated.xcent (in target 'FindFood' from project 'FindFood')
    cd /Users/vinay/Documents/Github/FindFood/FindFood/FindFood-FE/ios
    
    Entitlements:
    
    {
    "application-identifier" = "FAKETEAMID.org.reactjs.native.example.FindFood";
}
    
    builtin-productPackagingUtility /Users/vinay/Documents/Github/FindFood/FindFood/FindFood-FE/ios/FindFood/FindFood.entitlements -entitlements -format xml -o /Users/vinay/Library/Developer/Xcode/DerivedData/FindFood-ceewejdexqlrirddbceaqvuunhkx/Build/Intermediates.noindex/FindFood.build/Debug-iphonesimulator/FindFood.build/FindFood.app-Simulated.xcent

ProcessProductPackagingDER /Users/vinay/Library/Developer/Xcode/DerivedData/FindFood-ceewejdexqlrirddbceaqvuunhkx/Build/Intermediates.noindex/FindFood.build/Debug-iphonesimulator/FindFood.build/FindFood.app-Simulated.xcent /Users/vinay/Library/Developer/Xcode/DerivedData/FindFood-ceewejdexqlrirddbceaqvuunhkx/Build/Intermediates.noindex/FindFood.build/Debug-iphonesimulator/FindFood.build/FindFood.app-Simulated.xcent.der (in target 'FindFood' from project 'FindFood')
    cd /Users/vinay/Documents/Github/FindFood/FindFood/FindFood-FE/ios
    /usr/bin/derq query -f xml -i /Users/vinay/Library/Developer/Xcode/DerivedData/FindFood-ceewejdexqlrirddbceaqvuunhkx/Build/Intermediates.noindex/FindFood.build/Debug-iphonesimulator/FindFood.build/FindFood.app-Simulated.xcent -o /Users/vinay/Library/Developer/Xcode/DerivedData/FindFood-ceewejdexqlrirddbceaqvuunhkx/Build/Intermediates.noindex/FindFood.build/Debug-iphonesimulator/FindFood.build/FindFood.app-Simulated.xcent.der --raw

ProcessProductPackaging /Users/vinay/Documents/Github/FindFood/FindFood/FindFood-FE/ios/FindFood/FindFood.entitlements /Users/vinay/Library/Developer/Xcode/DerivedData/FindFood-ceewejdexqlrirddbceaqvuunhkx/Build/Intermediates.noindex/FindFood.build/Debug-iphonesimulator/FindFood.build/FindFood.app.xcent (in target 'FindFood' from project 'FindFood')
    cd /Users/vinay/Documents/Github/FindFood/FindFood/FindFood-FE/ios
    
    Entitlements:
    
    {
}
    
    builtin-productPackagingUtility /Users/vinay/Documents/Github/FindFood/FindFood/FindFood-FE/ios/FindFood/FindFood.entitlements -entitlements -format xml -o /Users/vinay/Library/Developer/Xcode/DerivedData/FindFood-ceewejdexqlrirddbceaqvuunhkx/Build/Intermediates.noindex/FindFood.build/Debug-iphonesimulator/FindFood.build/FindFood.app.xcent

ProcessProductPackagingDER /Users/vinay/Library/Developer/Xcode/DerivedData/FindFood-ceewejdexqlrirddbceaqvuunhkx/Build/Intermediates.noindex/FindFood.build/Debug-iphonesimulator/FindFood.build/FindFood.app.xcent /Users/vinay/Library/Developer/Xcode/DerivedData/FindFood-ceewejdexqlrirddbceaqvuunhkx/Build/Intermediates.noindex/FindFood.build/Debug-iphonesimulator/FindFood.build/FindFood.app.xcent.der (in target 'FindFood' from project 'FindFood')
    cd /Users/vinay/Documents/Github/FindFood/FindFood/FindFood-FE/ios
    /usr/bin/derq query -f xml -i /Users/vinay/Library/Developer/Xcode/DerivedData/FindFood-ceewejdexqlrirddbceaqvuunhkx/Build/Intermediates.noindex/FindFood.build/Debug-iphonesimulator/FindFood.build/FindFood.app.xcent -o /Users/vinay/Library/Developer/Xcode/DerivedData/FindFood-ceewejdexqlrirddbceaqvuunhkx/Build/Intermediates.noindex/FindFood.build/Debug-iphonesimulator/FindFood.build/FindFood.app.xcent.der --raw

CompileC /Users/vinay/Library/Developer/Xcode/DerivedData/FindFood-ceewejdexqlrirddbceaqvuunhkx/Build/Intermediates.noindex/Pods.build/Debug-iphonesimulator/react-native-maps.build/Objects-normal/arm64/PlaceHolderPolygonView.o /Users/vinay/Documents/Github/FindFood/FindFood/FindFood-FE/node_modules/react-native-maps/ios/AirMaps/FabricPlaceholders/PlaceHolderPolygonView.mm normal arm64 objective-c++ com.apple.compilers.llvm.clang.1_0.compiler (in target 'react-native-maps' from project 'Pods')
    cd /Users/vinay/Documents/Github/FindFood/FindFood/FindFood-FE/ios/Pods
    
    Using response file: /Users/vinay/Library/Developer/Xcode/DerivedData/FindFood-ceewejdexqlrirddbceaqvuunhkx/Build/Intermediates.noindex/Pods.build/Debug-iphonesimulator/react-native-maps.build/Objects-normal/arm64/af3fcb34312c57c0f52879cdce924b91-common-args.resp
    
    /Applications/Xcode.app/Contents/Developer/Toolchains/XcodeDefault.xctoolchain/usr/bin/clang -x objective-c++ -ivfsstatcache /Users/vinay/Library/Developer/Xcode/DerivedData/SDKStatCaches.noindex/iphonesimulator26.2-23C53-7d00a8b37fbd7999ea79df8ebc024bf0.sdkstatcache -fmessage-length\=0 -fdiagnostics-show-note-include-stack -fmacro-backtrace-limit\=0 -fno-color-diagnostics -fmodules-prune-interval\=86400 -fmodules-prune-after\=345600 -fbuild-session-file\=/Users/vinay/Library/Developer/Xcode/DerivedData/ModuleCache.noindex/Session.modulevalidation -fmodules-validate-once-per-build-session -Wnon-modular-include-in-framework-module -Werror\=non-modular-include-in-framework-module -Wno-trigraphs -Wno-missing-field-initializers -Wno-missing-prototypes -Werror\=return-type -Wdocumentation -Wunreachable-code -Wno-implicit-atomic-properties -Werror\=deprecated-objc-isa-usage -Wno-objc-interface-ivars -Werror\=objc-root-class -Wno-arc-repeated-use-of-weak -Wimplicit-retain-self -Wno-non-virtual-dtor -Wno-overloaded-virtual -Wno-exit-time-destructors -Wduplicate-method-match -Wno-missing-braces -Wparentheses -Wswitch -Wunused-function -Wno-unused-label -Wno-unused-parameter -Wunused-variable -Wunused-value -Wempty-body -Wuninitialized -Wconditional-uninitialized -Wno-unknown-pragmas -Wno-shadow -Wno-four-char-constants -Wno-conversion -Wconstant-conversion -Wint-conversion -Wbool-conversion -Wenum-conversion -Wno-float-conversion -Wnon-literal-null-conversion -Wobjc-literal-conversion -Wshorten-64-to-32 -Wno-newline-eof -Wno-selector -Wno-strict-selector-match -Wundeclared-selector -Wdeprecated-implementations -Wno-c++11-extensions -Wno-implicit-fallthrough -fstrict-aliasing -Wprotocol -Wdeprecated-declarations -Winvalid-offsetof -Wno-sign-conversion -Winfinite-recursion -Wmove -Wcomma -Wblock-capture-autoreleasing -Wstrict-prototypes -Wrange-loop-analysis -Wno-semicolon-before-method-body -Wunguarded-availability -index-store-path /Users/vinay/Library/Developer/Xcode/DerivedData/FindFood-ceewejdexqlrirddbceaqvuunhkx/Index.noindex/DataStore @/Users/vinay/Library/Developer/Xcode/DerivedData/FindFood-ceewejdexqlrirddbceaqvuunhkx/Build/Intermediates.noindex/Pods.build/Debug-iphonesimulator/react-native-maps.build/Objects-normal/arm64/af3fcb34312c57c0f52879cdce924b91-common-args.resp -DFOLLY_MOBILE\=1 -DFOLLY_USE_LIBCPP\=1 -DFOLLY_CFG_NO_COROUTINES\=1 -DFOLLY_HAVE_CLOCK_GETTIME\=1 -Wno-comma -Wno-shorten-64-to-32 -DRCT_NEW_ARCH_ENABLED\=1 -include /Users/vinay/Documents/Github/FindFood/FindFood/FindFood-FE/ios/Pods/Target\ Support\ Files/react-native-maps/react-native-maps-prefix.pch -MMD -MT dependencies -MF /Users/vinay/Library/Developer/Xcode/DerivedData/FindFood-ceewejdexqlrirddbceaqvuunhkx/Build/Intermediates.noindex/Pods.build/Debug-iphonesimulator/react-native-maps.build/Objects-normal/arm64/PlaceHolderPolygonView.d --serialize-diagnostics /Users/vinay/Library/Developer/Xcode/DerivedData/FindFood-ceewejdexqlrirddbceaqvuunhkx/Build/Intermediates.noindex/Pods.build/Debug-iphonesimulator/react-native-maps.build/Objects-normal/arm64/PlaceHolderPolygonView.dia -c /Users/vinay/Documents/Github/FindFood/FindFood/FindFood-FE/node_modules/react-native-maps/ios/AirMaps/FabricPlaceholders/PlaceHolderPolygonView.mm -o /Users/vinay/Library/Developer/Xcode/DerivedData/FindFood-ceewejdexqlrirddbceaqvuunhkx/Build/Intermediates.noindex/Pods.build/Debug-iphonesimulator/react-native-maps.build/Objects-normal/arm64/PlaceHolderPolygonView.o -index-unit-output-path /Pods.build/Debug-iphonesimulator/react-native-maps.build/Objects-normal/arm64/PlaceHolderPolygonView.o

Libtool /Users/vinay/Library/Developer/Xcode/DerivedData/FindFood-ceewejdexqlrirddbceaqvuunhkx/Build/Products/Debug-iphonesimulator/react-native-maps/libreact-native-maps.a normal (in target 'react-native-maps' from project 'Pods')
    cd /Users/vinay/Documents/Github/FindFood/FindFood/FindFood-FE/ios/Pods
    /Applications/Xcode.app/Contents/Developer/Toolchains/XcodeDefault.xctoolchain/usr/bin/libtool -static -arch_only arm64 -D -syslibroot /Applications/Xcode.app/Contents/Developer/Platforms/iPhoneSimulator.platform/Developer/SDKs/iPhoneSimulator26.2.sdk -L/Users/vinay/Library/Developer/Xcode/DerivedData/FindFood-ceewejdexqlrirddbceaqvuunhkx/Build/Products/Debug-iphonesimulator/react-native-maps -filelist /Users/vinay/Library/Developer/Xcode/DerivedData/FindFood-ceewejdexqlrirddbceaqvuunhkx/Build/Intermediates.noindex/Pods.build/Debug-iphonesimulator/react-native-maps.build/Objects-normal/arm64/react-native-maps.LinkFileList -dependency_info /Users/vinay/Library/Developer/Xcode/DerivedData/FindFood-ceewejdexqlrirddbceaqvuunhkx/Build/Intermediates.noindex/Pods.build/Debug-iphonesimulator/react-native-maps.build/Objects-normal/arm64/react-native-maps_libtool_dependency_info.dat -o /Users/vinay/Library/Developer/Xcode/DerivedData/FindFood-ceewejdexqlrirddbceaqvuunhkx/Build/Products/Debug-iphonesimulator/react-native-maps/libreact-native-maps.a

PhaseScriptExecution [Expo]\ Configure\ project /Users/vinay/Library/Developer/Xcode/DerivedData/FindFood-ceewejdexqlrirddbceaqvuunhkx/Build/Intermediates.noindex/FindFood.build/Debug-iphonesimulator/FindFood.build/Script-A2A888E09F96C18A3221DA20.sh (in target 'FindFood' from project 'FindFood')
    cd /Users/vinay/Documents/Github/FindFood/FindFood/FindFood-FE/ios
    export ACTION\=build
    export AD_HOC_CODE_SIGNING_ALLOWED\=YES
    export AGGREGATE_TRACKED_DOMAINS\=YES
    export ALLOW_BUILD_REQUEST_OVERRIDES\=NO
    export ALLOW_TARGET_PLATFORM_SPECIALIZATION\=NO
    export ALTERNATE_GROUP\=staff
    export ALTERNATE_MODE\=u+w,go-w,a+rX
    export ALTERNATE_OWNER\=vinay
    export ALTERNATIVE_DISTRIBUTION_WEB\=NO
    export ALWAYS_EMBED_SWIFT_STANDARD_LIBRARIES\=YES
    export ALWAYS_SEARCH_USER_PATHS\=NO
    export ALWAYS_USE_SEPARATE_HEADERMAPS\=NO
    export APPLICATION_EXTENSION_API_ONLY\=NO
    export APPLY_RULES_IN_COPY_FILES\=NO
    export APPLY_RULES_IN_COPY_HEADERS\=NO
    export APP_SHORTCUTS_ENABLE_FLEXIBLE_MATCHING\=YES
    export ARCHS\=arm64
    export ARCHS_STANDARD\=arm64\ x86_64
    export ARCHS_STANDARD_32_64_BIT\=arm64\ x86_64
    export ARCHS_STANDARD_64_BIT\=arm64\ x86_64
    export ARCHS_STANDARD_INCLUDING_64_BIT\=arm64\ x86_64
    export ARCHS_UNIVERSAL_IPHONE_OS\=arm64\ x86_64
    export ASSETCATALOG_COMPILER_APPICON_NAME\=AppIcon
    export ASSETCATALOG_FILTER_FOR_DEVICE_MODEL\=iPhone18,1
    export ASSETCATALOG_FILTER_FOR_DEVICE_OS_VERSION\=26.2
    export ASSETCATALOG_FILTER_FOR_THINNING_DEVICE_CONFIGURATION\=iPhone18,1
    export AUTOMATICALLY_MERGE_DEPENDENCIES\=NO
    export AUTOMATION_APPLE_EVENTS\=NO
    export AVAILABLE_PLATFORMS\=android\ appletvos\ appletvsimulator\ driverkit\ iphoneos\ iphonesimulator\ macosx\ qnx\ watchos\ watchsimulator\ webassembly\ xros\ xrsimulator
    export AppIdentifierPrefix\=FAKETEAMID.
    export BUILD_ACTIVE_RESOURCES_ONLY\=YES
    export BUILD_COMPONENTS\=headers\ build
    export BUILD_DIR\=/Users/vinay/Library/Developer/Xcode/DerivedData/FindFood-ceewejdexqlrirddbceaqvuunhkx/Build/Products
    export BUILD_LIBRARY_FOR_DISTRIBUTION\=NO
    export BUILD_ROOT\=/Users/vinay/Library/Developer/Xcode/DerivedData/FindFood-ceewejdexqlrirddbceaqvuunhkx/Build/Products
    export BUILD_STYLE\=
    export BUILD_VARIANTS\=normal
    export BUILT_PRODUCTS_DIR\=/Users/vinay/Library/Developer/Xcode/DerivedData/FindFood-ceewejdexqlrirddbceaqvuunhkx/Build/Products/Debug-iphonesimulator
    export BUNDLE_CONTENTS_FOLDER_PATH_deep\=Contents/
    export BUNDLE_EXECUTABLE_FOLDER_NAME_deep\=MacOS
    export BUNDLE_EXTENSIONS_FOLDER_PATH\=Extensions
    export BUNDLE_FORMAT\=shallow
    export BUNDLE_FRAMEWORKS_FOLDER_PATH\=Frameworks
    export BUNDLE_PLUGINS_FOLDER_PATH\=PlugIns
    export BUNDLE_PRIVATE_HEADERS_FOLDER_PATH\=PrivateHeaders
    export BUNDLE_PUBLIC_HEADERS_FOLDER_PATH\=Headers
    export CACHE_ROOT\=/var/folders/06/_s174lw542d0bq70l6m4_t8r0000gn/C/com.apple.DeveloperTools/26.2-17C52/Xcode
    export CCHROOT\=/var/folders/06/_s174lw542d0bq70l6m4_t8r0000gn/C/com.apple.DeveloperTools/26.2-17C52/Xcode
    export CHMOD\=/bin/chmod
    export CHOWN\=/usr/sbin/chown
    export CLANG_ANALYZER_LOCALIZABILITY_NONLOCALIZED\=YES
    export CLANG_CACHE_FINE_GRAINED_OUTPUTS\=YES
    export CLANG_CXX_LANGUAGE_STANDARD\=c++20
    export CLANG_CXX_LIBRARY\=libc++
    export CLANG_ENABLE_EXPLICIT_MODULES\=YES
    export CLANG_ENABLE_MODULES\=YES
    export CLANG_ENABLE_OBJC_ARC\=YES
    export CLANG_MODULES_BUILD_SESSION_FILE\=/Users/vinay/Library/Developer/Xcode/DerivedData/ModuleCache.noindex/Session.modulevalidation
    export CLANG_WARN_BLOCK_CAPTURE_AUTORELEASING\=YES
    export CLANG_WARN_BOOL_CONVERSION\=YES
    export CLANG_WARN_COMMA\=YES
    export CLANG_WARN_CONSTANT_CONVERSION\=YES
    export CLANG_WARN_DEPRECATED_OBJC_IMPLEMENTATIONS\=YES
    export CLANG_WARN_DIRECT_OBJC_ISA_USAGE\=YES_ERROR
    export CLANG_WARN_EMPTY_BODY\=YES
    export CLANG_WARN_ENUM_CONVERSION\=YES
    export CLANG_WARN_INFINITE_RECURSION\=YES
    export CLANG_WARN_INT_CONVERSION\=YES
    export CLANG_WARN_NON_LITERAL_NULL_CONVERSION\=YES
    export CLANG_WARN_OBJC_IMPLICIT_RETAIN_SELF\=YES
    export CLANG_WARN_OBJC_LITERAL_CONVERSION\=YES
    export CLANG_WARN_OBJC_ROOT_CLASS\=YES_ERROR
    export CLANG_WARN_QUOTED_INCLUDE_IN_FRAMEWORK_HEADER\=NO
    export CLANG_WARN_RANGE_LOOP_ANALYSIS\=YES
    export CLANG_WARN_STRICT_PROTOTYPES\=YES
    export CLANG_WARN_SUSPICIOUS_MOVE\=YES
    export CLANG_WARN_UNREACHABLE_CODE\=YES
    export CLANG_WARN__DUPLICATE_METHOD_MATCH\=YES
    export CLASS_FILE_DIR\=/Users/vinay/Library/Developer/Xcode/DerivedData/FindFood-ceewejdexqlrirddbceaqvuunhkx/Build/Intermediates.noindex/FindFood.build/Debug-iphonesimulator/FindFood.build/JavaClasses
    export CLEAN_PRECOMPS\=YES
    export CLONE_HEADERS\=NO
    export CODESIGNING_FOLDER_PATH\=/Users/vinay/Library/Developer/Xcode/DerivedData/FindFood-ceewejdexqlrirddbceaqvuunhkx/Build/Products/Debug-iphonesimulator/FindFood.app
    export CODE_SIGNING_ALLOWED\=YES
    export CODE_SIGNING_REQUIRED\=YES
    export CODE_SIGN_CONTEXT_CLASS\=XCiPhoneSimulatorCodeSignContext
    export CODE_SIGN_ENTITLEMENTS\=FindFood/FindFood.entitlements
    export CODE_SIGN_IDENTITY\=-
    export CODE_SIGN_INJECT_BASE_ENTITLEMENTS\=YES
    export COLOR_DIAGNOSTICS\=NO
    export COMBINE_HIDPI_IMAGES\=NO
    export COMPILATION_CACHE_CAS_PATH\=/Users/vinay/Library/Developer/Xcode/DerivedData/CompilationCache.noindex
    export COMPILATION_CACHE_KEEP_CAS_DIRECTORY\=YES
    export COMPILER_INDEX_STORE_ENABLE\=Default
    export COMPOSITE_SDK_DIRS\=/Users/vinay/Library/Developer/Xcode/DerivedData/FindFood-ceewejdexqlrirddbceaqvuunhkx/Build/Intermediates.noindex/CompositeSDKs
    export COMPRESS_PNG_FILES\=YES
    export CONFIGURATION\=Debug
    export CONFIGURATION_BUILD_DIR\=/Users/vinay/Library/Developer/Xcode/DerivedData/FindFood-ceewejdexqlrirddbceaqvuunhkx/Build/Products/Debug-iphonesimulator
    export CONFIGURATION_TEMP_DIR\=/Users/vinay/Library/Developer/Xcode/DerivedData/FindFood-ceewejdexqlrirddbceaqvuunhkx/Build/Intermediates.noindex/FindFood.build/Debug-iphonesimulator
    export CONTENTS_FOLDER_PATH\=FindFood.app
    export CONTENTS_FOLDER_PATH_SHALLOW_BUNDLE_NO\=FindFood.app/Contents
    export CONTENTS_FOLDER_PATH_SHALLOW_BUNDLE_YES\=FindFood.app
    export COPYING_PRESERVES_HFS_DATA\=NO
    export COPY_HEADERS_RUN_UNIFDEF\=NO
    export COPY_PHASE_STRIP\=NO
    export CORRESPONDING_DEVICE_PLATFORM_DIR\=/Applications/Xcode.app/Contents/Developer/Platforms/iPhoneOS.platform
    export CORRESPONDING_DEVICE_PLATFORM_NAME\=iphoneos
    export CORRESPONDING_DEVICE_SDK_DIR\=/Applications/Xcode.app/Contents/Developer/Platforms/iPhoneOS.platform/Developer/SDKs/iPhoneOS26.2.sdk
    export CORRESPONDING_DEVICE_SDK_NAME\=iphoneos26.2
    export CP\=/bin/cp
    export CREATE_INFOPLIST_SECTION_IN_BINARY\=NO
    export CURRENT_ARCH\=undefined_arch
    export CURRENT_PROJECT_VERSION\=1
    export CURRENT_VARIANT\=normal
    export DEAD_CODE_STRIPPING\=YES
    export DEBUGGING_SYMBOLS\=YES
    export DEBUG_INFORMATION_FORMAT\=dwarf-with-dsym
    export DEBUG_INFORMATION_VERSION\=compiler-default
    export DEFAULT_COMPILER\=com.apple.compilers.llvm.clang.1_0
    export DEFAULT_DEXT_INSTALL_PATH\=/System/Library/DriverExtensions
    export DEFAULT_KEXT_INSTALL_PATH\=/System/Library/Extensions
    export DEFINES_MODULE\=NO
    export DEPLOYMENT_LOCATION\=NO
    export DEPLOYMENT_POSTPROCESSING\=NO
    export DEPLOYMENT_TARGET_SETTING_NAME\=IPHONEOS_DEPLOYMENT_TARGET
    export DEPLOYMENT_TARGET_SUGGESTED_VALUES\=12.0\ 12.1\ 12.2\ 12.3\ 12.4\ 13.0\ 13.1\ 13.2\ 13.3\ 13.4\ 13.5\ 13.6\ 14.0\ 14.1\ 14.2\ 14.3\ 14.4\ 14.5\ 14.6\ 14.7\ 15.0\ 15.1\ 15.2\ 15.3\ 15.4\ 15.5\ 15.6\ 16.0\ 16.1\ 16.2\ 16.3\ 16.4\ 16.5\ 16.6\ 17.0\ 17.1\ 17.2\ 17.3\ 17.4\ 17.5\ 17.6\ 18.0\ 18.1\ 18.2\ 18.3\ 18.4\ 18.5\ 18.6\ 26.0\ 26.1\ 26.2
    export DERIVED_FILES_DIR\=/Users/vinay/Library/Developer/Xcode/DerivedData/FindFood-ceewejdexqlrirddbceaqvuunhkx/Build/Intermediates.noindex/FindFood.build/Debug-iphonesimulator/FindFood.build/DerivedSources
    export DERIVED_FILE_DIR\=/Users/vinay/Library/Developer/Xcode/DerivedData/FindFood-ceewejdexqlrirddbceaqvuunhkx/Build/Intermediates.noindex/FindFood.build/Debug-iphonesimulator/FindFood.build/DerivedSources
    export DERIVED_SOURCES_DIR\=/Users/vinay/Library/Developer/Xcode/DerivedData/FindFood-ceewejdexqlrirddbceaqvuunhkx/Build/Intermediates.noindex/FindFood.build/Debug-iphonesimulator/FindFood.build/DerivedSources
    export DEVELOPER_APPLICATIONS_DIR\=/Applications/Xcode.app/Contents/Developer/Applications
    export DEVELOPER_BIN_DIR\=/Applications/Xcode.app/Contents/Developer/usr/bin
    export DEVELOPER_DIR\=/Applications/Xcode.app/Contents/Developer
    export DEVELOPER_FRAMEWORKS_DIR\=/Applications/Xcode.app/Contents/Developer/Library/Frameworks
    export DEVELOPER_FRAMEWORKS_DIR_QUOTED\=/Applications/Xcode.app/Contents/Developer/Library/Frameworks
    export DEVELOPER_LIBRARY_DIR\=/Applications/Xcode.app/Contents/Developer/Library
    export DEVELOPER_SDK_DIR\=/Applications/Xcode.app/Contents/Developer/Platforms/MacOSX.platform/Developer/SDKs
    export DEVELOPER_TOOLS_DIR\=/Applications/Xcode.app/Contents/Developer/Tools
    export DEVELOPER_USR_DIR\=/Applications/Xcode.app/Contents/Developer/usr
    export DEVELOPMENT_LANGUAGE\=en
    export DIAGNOSE_MISSING_TARGET_DEPENDENCIES\=YES
    export DIFF\=/usr/bin/diff
    export DOCUMENTATION_FOLDER_PATH\=FindFood.app/en.lproj/Documentation
    export DONT_GENERATE_INFOPLIST_FILE\=NO
    export DSTROOT\=/tmp/FindFood.dst
    export DT_TOOLCHAIN_DIR\=/Applications/Xcode.app/Contents/Developer/Toolchains/XcodeDefault.xctoolchain
    export DWARF_DSYM_FILE_NAME\=FindFood.app.dSYM
    export DWARF_DSYM_FILE_SHOULD_ACCOMPANY_PRODUCT\=NO
    export DWARF_DSYM_FOLDER_PATH\=/Users/vinay/Library/Developer/Xcode/DerivedData/FindFood-ceewejdexqlrirddbceaqvuunhkx/Build/Products/Debug-iphonesimulator
    export DYNAMIC_LIBRARY_EXTENSION\=dylib
    export EAGER_COMPILATION_ALLOW_SCRIPTS\=NO
    export EAGER_LINKING\=NO
    export EFFECTIVE_PLATFORM_NAME\=-iphonesimulator
    export EMBEDDED_CONTENT_CONTAINS_SWIFT\=NO
    export EMBED_ASSET_PACKS_IN_PRODUCT_BUNDLE\=NO
    export ENABLE_APP_SANDBOX\=NO
    export ENABLE_BITCODE\=NO
    export ENABLE_CODE_COVERAGE\=YES
    export ENABLE_CPLUSPLUS_BOUNDS_SAFE_BUFFERS\=NO
    export ENABLE_C_BOUNDS_SAFETY\=NO
    export ENABLE_DEBUG_DYLIB\=YES
    export ENABLE_DEFAULT_HEADER_SEARCH_PATHS\=YES
    export ENABLE_DEFAULT_SEARCH_PATHS\=YES
    export ENABLE_ENHANCED_SECURITY\=NO
    export ENABLE_HARDENED_RUNTIME\=NO
    export ENABLE_HEADER_DEPENDENCIES\=YES
    export ENABLE_INCOMING_NETWORK_CONNECTIONS\=NO
    export ENABLE_ON_DEMAND_RESOURCES\=YES
    export ENABLE_OUTGOING_NETWORK_CONNECTIONS\=NO
    export ENABLE_POINTER_AUTHENTICATION\=NO
    export ENABLE_PREVIEWS\=NO
    export ENABLE_RESOURCE_ACCESS_AUDIO_INPUT\=NO
    export ENABLE_RESOURCE_ACCESS_BLUETOOTH\=NO
    export ENABLE_RESOURCE_ACCESS_CALENDARS\=NO
    export ENABLE_RESOURCE_ACCESS_CAMERA\=NO
    export ENABLE_RESOURCE_ACCESS_CONTACTS\=NO
    export ENABLE_RESOURCE_ACCESS_LOCATION\=NO
    export ENABLE_RESOURCE_ACCESS_PHOTO_LIBRARY\=NO
    export ENABLE_RESOURCE_ACCESS_PRINTING\=NO
    export ENABLE_RESOURCE_ACCESS_USB\=NO
    export ENABLE_SDK_IMPORTS\=NO
    export ENABLE_SECURITY_COMPILER_WARNINGS\=NO
    export ENABLE_STRICT_OBJC_MSGSEND\=YES
    export ENABLE_TESTABILITY\=YES
    export ENABLE_TESTING_SEARCH_PATHS\=NO
    export ENABLE_USER_SCRIPT_SANDBOXING\=NO
    export ENABLE_XOJIT_PREVIEWS\=YES
    export ENFORCE_VALID_ARCHS\=YES
    export ENTITLEMENTS_ALLOWED\=NO
    export ENTITLEMENTS_DESTINATION\=__entitlements
    export ENTITLEMENTS_REQUIRED\=NO
    export EXCLUDED_INSTALLSRC_SUBDIRECTORY_PATTERNS\=.DS_Store\ .svn\ .git\ .hg\ CVS
    export EXCLUDED_RECURSIVE_SEARCH_PATH_SUBDIRECTORIES\=\*.nib\ \*.lproj\ \*.framework\ \*.gch\ \*.xcode\*\ \*.xcassets\ \*.icon\ \(\*\)\ .DS_Store\ CVS\ .svn\ .git\ .hg\ \*.pbproj\ \*.pbxproj
    export EXECUTABLES_FOLDER_PATH\=FindFood.app/Executables
    export EXECUTABLE_BLANK_INJECTION_DYLIB_PATH\=FindFood.app/__preview.dylib
    export EXECUTABLE_DEBUG_DYLIB_INSTALL_NAME\=@rpath/FindFood.debug.dylib
    export EXECUTABLE_DEBUG_DYLIB_PATH\=FindFood.app/FindFood.debug.dylib
    export EXECUTABLE_FOLDER_PATH\=FindFood.app
    export EXECUTABLE_FOLDER_PATH_SHALLOW_BUNDLE_NO\=FindFood.app/MacOS
    export EXECUTABLE_FOLDER_PATH_SHALLOW_BUNDLE_YES\=FindFood.app
    export EXECUTABLE_NAME\=FindFood
    export EXECUTABLE_PATH\=FindFood.app/FindFood
    export EXPANDED_CODE_SIGN_IDENTITY\=-
    export EXPANDED_CODE_SIGN_IDENTITY_NAME\=Sign\ to\ Run\ Locally
    export EXTENSIONS_FOLDER_PATH\=FindFood.app/Extensions
    export FILE_LIST\=/Users/vinay/Library/Developer/Xcode/DerivedData/FindFood-ceewejdexqlrirddbceaqvuunhkx/Build/Intermediates.noindex/FindFood.build/Debug-iphonesimulator/FindFood.build/Objects/LinkFileList
    export FIXED_FILES_DIR\=/Users/vinay/Library/Developer/Xcode/DerivedData/FindFood-ceewejdexqlrirddbceaqvuunhkx/Build/Intermediates.noindex/FindFood.build/Debug-iphonesimulator/FindFood.build/FixedFiles
    export FRAMEWORKS_FOLDER_PATH\=FindFood.app/Frameworks
    export FRAMEWORK_FLAG_PREFIX\=-framework
    export FRAMEWORK_SEARCH_PATHS\=/Users/vinay/Library/Developer/Xcode/DerivedData/FindFood-ceewejdexqlrirddbceaqvuunhkx/Build/Products/Debug-iphonesimulator\ \ \"/Users/vinay/Documents/Github/FindFood/FindFood/FindFood-FE/ios/Pods/React-Core-prebuilt\"\ \"/Users/vinay/Documents/Github/FindFood/FindFood/FindFood-FE/ios/Pods/ReactNativeDependencies/framework/packages/react-native\"\ \"/Users/vinay/Documents/Github/FindFood/FindFood/FindFood-FE/ios/Pods/hermes-engine/destroot/Library/Frameworks/universal\"\ \"/Users/vinay/Library/Developer/Xcode/DerivedData/FindFood-ceewejdexqlrirddbceaqvuunhkx/Build/Products/Debug-iphonesimulator/XCFrameworkIntermediates/React-Core-prebuilt\"\ \"/Users/vinay/Library/Developer/Xcode/DerivedData/FindFood-ceewejdexqlrirddbceaqvuunhkx/Build/Products/Debug-iphonesimulator/XCFrameworkIntermediates/ReactNativeDependencies\"\ \"/Users/vinay/Library/Developer/Xcode/DerivedData/FindFood-ceewejdexqlrirddbceaqvuunhkx/Build/Products/Debug-iphonesimulator/XCFrameworkIntermediates/hermes-engine/Pre-built\"
    export FRAMEWORK_VERSION\=A
    export FULL_PRODUCT_NAME\=FindFood.app
    export FUSE_BUILD_PHASES\=YES
    export FUSE_BUILD_SCRIPT_PHASES\=NO
    export GCC3_VERSION\=3.3
    export GCC_C_LANGUAGE_STANDARD\=gnu99
    export GCC_DYNAMIC_NO_PIC\=NO
    export GCC_INLINES_ARE_PRIVATE_EXTERN\=YES
    export GCC_NO_COMMON_BLOCKS\=YES
    export GCC_OBJC_LEGACY_DISPATCH\=YES
    export GCC_OPTIMIZATION_LEVEL\=0
    export GCC_PFE_FILE_C_DIALECTS\=c\ objective-c\ c++\ objective-c++
    export GCC_PREPROCESSOR_DEFINITIONS\=DEBUG\=1\ \ COCOAPODS\=1\ EX_DEV_LAUNCHER_VERSION\=6.0.20\ EX_DEV_MENU_ENABLED\=1\ FB_SONARKIT_ENABLED\=1
    export GCC_SYMBOLS_PRIVATE_EXTERN\=NO
    export GCC_TREAT_WARNINGS_AS_ERRORS\=NO
    export GCC_VERSION\=com.apple.compilers.llvm.clang.1_0
    export GCC_VERSION_IDENTIFIER\=com_apple_compilers_llvm_clang_1_0
    export GCC_WARN_64_TO_32_BIT_CONVERSION\=YES
    export GCC_WARN_ABOUT_RETURN_TYPE\=YES_ERROR
    export GCC_WARN_UNDECLARED_SELECTOR\=YES
    export GCC_WARN_UNINITIALIZED_AUTOS\=YES_AGGRESSIVE
    export GCC_WARN_UNUSED_FUNCTION\=YES
    export GCC_WARN_UNUSED_VARIABLE\=YES
    export GENERATED_MODULEMAP_DIR\=/Users/vinay/Library/Developer/Xcode/DerivedData/FindFood-ceewejdexqlrirddbceaqvuunhkx/Build/Intermediates.noindex/GeneratedModuleMaps-iphonesimulator
    export GENERATE_INFOPLIST_FILE\=NO
    export GENERATE_INTERMEDIATE_TEXT_BASED_STUBS\=YES
    export GENERATE_PKGINFO_FILE\=YES
    export GENERATE_PRELINK_OBJECT_FILE\=NO
    export GENERATE_PROFILING_CODE\=NO
    export GENERATE_TEXT_BASED_STUBS\=NO
    export GID\=20
    export GROUP\=staff
    export HEADERMAP_INCLUDES_FLAT_ENTRIES_FOR_TARGET_BEING_BUILT\=YES
    export HEADERMAP_INCLUDES_FRAMEWORK_ENTRIES_FOR_ALL_PRODUCT_TYPES\=YES
    export HEADERMAP_INCLUDES_FRAMEWORK_ENTRIES_FOR_TARGETS_NOT_BEING_BUILT\=YES
    export HEADERMAP_INCLUDES_NONPUBLIC_NONPRIVATE_HEADERS\=YES
    export HEADERMAP_INCLUDES_PROJECT_HEADERS\=YES
    export HEADERMAP_USES_FRAMEWORK_PREFIX_ENTRIES\=YES
    export HEADERMAP_USES_VFS\=NO
    export HEADER_SEARCH_PATHS\=/Users/vinay/Library/Developer/Xcode/DerivedData/FindFood-ceewejdexqlrirddbceaqvuunhkx/Build/Products/Debug-iphonesimulator/include\ \ \"/Users/vinay/Documents/Github/FindFood/FindFood/FindFood-FE/ios/Pods/Headers/Public\"\ \"/Users/vinay/Documents/Github/FindFood/FindFood/FindFood-FE/ios/Pods/Headers/Public/AppAuth\"\ \"/Users/vinay/Documents/Github/FindFood/FindFood/FindFood-FE/ios/Pods/Headers/Public/AppCheckCore\"\ \"/Users/vinay/Documents/Github/FindFood/FindFood/FindFood-FE/ios/Pods/Headers/Public/EXConstants\"\ \"/Users/vinay/Documents/Github/FindFood/FindFood/FindFood-FE/ios/Pods/Headers/Public/EXJSONUtils\"\ \"/Users/vinay/Documents/Github/FindFood/FindFood/FindFood-FE/ios/Pods/Headers/Public/Expo\"\ \"/Users/vinay/Documents/Github/FindFood/FindFood/FindFood-FE/ios/Pods/Headers/Public/ExpoFileSystem\"\ \"/Users/vinay/Documents/Github/FindFood/FindFood/FindFood-FE/ios/Pods/Headers/Public/ExpoLocation\"\ \"/Users/vinay/Documents/Github/FindFood/FindFood/FindFood-FE/ios/Pods/Headers/Public/ExpoModulesCore\"\ \"/Users/vinay/Documents/Github/FindFood/FindFood/FindFood-FE/ios/Pods/Headers/Public/FBLazyVector\"\ \"/Users/vinay/Documents/Github/FindFood/FindFood/FindFood-FE/ios/Pods/Headers/Public/GTMSessionFetcher\"\ \"/Users/vinay/Documents/Github/FindFood/FindFood/FindFood-FE/ios/Pods/Headers/Public/GoogleSignIn\"\ \"/Users/vinay/Documents/Github/FindFood/FindFood/FindFood-FE/ios/Pods/Headers/Public/GoogleUtilities\"\ \"/Users/vinay/Documents/Github/FindFood/FindFood/FindFood-FE/ios/Pods/Headers/Public/PromisesObjC\"\ \"/Users/vinay/Documents/Github/FindFood/FindFood/FindFood-FE/ios/Pods/Headers/Public/RCTDeprecation\"\ \"/Users/vinay/Documents/Github/FindFood/FindFood/FindFood-FE/ios/Pods/Headers/Public/RCTRequired\"\ \"/Users/vinay/Documents/Github/FindFood/FindFood/FindFood-FE/ios/Pods/Headers/Public/RCTTypeSafety\"\ \"/Users/vinay/Documents/Github/FindFood/FindFood/FindFood-FE/ios/Pods/Headers/Public/RNCAsyncStorage\"\ \"/Users/vinay/Documents/Github/FindFood/FindFood/FindFood-FE/ios/Pods/Headers/Public/RNGestureHandler\"\ \"/Users/vinay/Documents/Github/FindFood/FindFood/FindFood-FE/ios/Pods/Headers/Public/RNGoogleSignin\"\ \"/Users/vinay/Documents/Github/FindFood/FindFood/FindFood-FE/ios/Pods/Headers/Public/RNSVG\"\ \"/Users/vinay/Documents/Github/FindFood/FindFood/FindFood-FE/ios/Pods/Headers/Public/RNScreens\"\ \"/Users/vinay/Documents/Github/FindFood/FindFood/FindFood-FE/ios/Pods/Headers/Public/React-Core\"\ \"/Users/vinay/Documents/Github/FindFood/FindFood/FindFood-FE/ios/Pods/Headers/Public/React-Core-prebuilt\"\ \"/Users/vinay/Documents/Github/FindFood/FindFood/FindFood-FE/ios/Pods/Headers/Public/React-CoreModules\"\ \"/Users/vinay/Documents/Github/FindFood/FindFood/FindFood-FE/ios/Pods/Headers/Public/React-Fabric\"\ \"/Users/vinay/Documents/Github/FindFood/FindFood/FindFood-FE/ios/Pods/Headers/Public/React-FabricComponents\"\ \"/Users/vinay/Documents/Github/FindFood/FindFood/FindFood-FE/ios/Pods/Headers/Public/React-FabricImage\"\ \"/Users/vinay/Documents/Github/FindFood/FindFood/FindFood-FE/ios/Pods/Headers/Public/React-ImageManager\"\ \"/Users/vinay/Documents/Github/FindFood/FindFood/FindFood-FE/ios/Pods/Headers/Public/React-Mapbuffer\"\ \"/Users/vinay/Documents/Github/FindFood/FindFood/FindFood-FE/ios/Pods/Headers/Public/React-NativeModulesApple\"\ \"/Users/vinay/Documents/Github/FindFood/FindFood/FindFood-FE/ios/Pods/Headers/Public/React-RCTAnimation\"\ \"/Users/vinay/Documents/Github/FindFood/FindFood/FindFood-FE/ios/Pods/Headers/Public/React-RCTAppDelegate\"\ \"/Users/vinay/Documents/Github/FindFood/FindFood/FindFood-FE/ios/Pods/Headers/Public/React-RCTBlob\"\ \"/Users/vinay/Documents/Github/FindFood/FindFood/FindFood-FE/ios/Pods/Headers/Public/React-RCTFBReactNativeSpec\"\ \"/Users/vinay/Documents/Github/FindFood/FindFood/FindFood-FE/ios/Pods/Headers/Public/React-RCTFabric\"\ \"/Users/vinay/Documents/Github/FindFood/FindFood/FindFood-FE/ios/Pods/Headers/Public/React-RCTImage\"\ \"/Users/vinay/Documents/Github/FindFood/FindFood/FindFood-FE/ios/Pods/Headers/Public/React-RCTRuntime\"\ \"/Users/vinay/Documents/Github/FindFood/FindFood/FindFood-FE/ios/Pods/Headers/Public/React-RCTSettings\"\ \"/Users/vinay/Documents/Github/FindFood/FindFood/FindFood-FE/ios/Pods/Headers/Public/React-RCTText\"\ \"/Users/vinay/Documents/Github/FindFood/FindFood/FindFood-FE/ios/Pods/Headers/Public/React-RCTVibration\"\ \"/Users/vinay/Documents/Github/FindFood/FindFood/FindFood-FE/ios/Pods/Headers/Public/React-RuntimeApple\"\ \"/Users/vinay/Documents/Github/FindFood/FindFood/FindFood-FE/ios/Pods/Headers/Public/React-RuntimeCore\"\ \"/Users/vinay/Documents/Github/FindFood/FindFood/FindFood-FE/ios/Pods/Headers/Public/React-RuntimeHermes\"\ \"/Users/vinay/Documents/Github/FindFood/FindFood/FindFood-FE/ios/Pods/Headers/Public/React-callinvoker\"\ \"/Users/vinay/Documents/Github/FindFood/FindFood/FindFood-FE/ios/Pods/Headers/Public/React-cxxreact\"\ \"/Users/vinay/Documents/Github/FindFood/FindFood/FindFood-FE/ios/Pods/Headers/Public/React-debug\"\ \"/Users/vinay/Documents/Github/FindFood/FindFood/FindFood-FE/ios/Pods/Headers/Public/React-defaultsnativemodule\"\ \"/Users/vinay/Documents/Github/FindFood/FindFood/FindFood-FE/ios/Pods/Headers/Public/React-domnativemodule\"\ \"/Users/vinay/Documents/Github/FindFood/FindFood/FindFood-FE/ios/Pods/Headers/Public/React-featureflags\"\ \"/Users/vinay/Documents/Github/FindFood/FindFood/FindFood-FE/ios/Pods/Headers/Public/React-featureflagsnativemodule\"\ \"/Users/vinay/Documents/Github/FindFood/FindFood/FindFood-FE/ios/Pods/Headers/Public/React-graphics\"\ \"/Users/vinay/Documents/Github/FindFood/FindFood/FindFood-FE/ios/Pods/Headers/Public/React-hermes\"\ \"/Users/vinay/Documents/Github/FindFood/FindFood/FindFood-FE/ios/Pods/Headers/Public/React-idlecallbacksnativemodule\"\ \"/Users/vinay/Documents/Github/FindFood/FindFood/FindFood-FE/ios/Pods/Headers/Public/React-jserrorhandler\"\ \"/Users/vinay/Documents/Github/FindFood/FindFood/FindFood-FE/ios/Pods/Headers/Public/React-jsi\"\ \"/Users/vinay/Documents/Github/FindFood/FindFood/FindFood-FE/ios/Pods/Headers/Public/React-jsiexecutor\"\ \"/Users/vinay/Documents/Github/FindFood/FindFood/FindFood-FE/ios/Pods/Headers/Public/React-jsinspector\"\ \"/Users/vinay/Documents/Github/FindFood/FindFood/FindFood-FE/ios/Pods/Headers/Public/React-jsinspectorcdp\"\ \"/Users/vinay/Documents/Github/FindFood/FindFood/FindFood-FE/ios/Pods/Headers/Public/React-jsinspectornetwork\"\ \"/Users/vinay/Documents/Github/FindFood/FindFood/FindFood-FE/ios/Pods/Headers/Public/React-jsinspectortracing\"\ \"/Users/vinay/Documents/Github/FindFood/FindFood/FindFood-FE/ios/Pods/Headers/Public/React-jsitooling\"\ \"/Users/vinay/Documents/Github/FindFood/FindFood/FindFood-FE/ios/Pods/Headers/Public/React-logger\"\ \"/Users/vinay/Documents/Github/FindFood/FindFood/FindFood-FE/ios/Pods/Headers/Public/React-microtasksnativemodule\"\ \"/Users/vinay/Documents/Github/FindFood/FindFood/FindFood-FE/ios/Pods/Headers/Public/React-oscompat\"\ \"/Users/vinay/Documents/Github/FindFood/FindFood/FindFood-FE/ios/Pods/Headers/Public/React-perflogger\"\ \"/Users/vinay/Documents/Github/FindFood/FindFood/FindFood-FE/ios/Pods/Headers/Public/React-performancetimeline\"\ \"/Users/vinay/Documents/Github/FindFood/FindFood/FindFood-FE/ios/Pods/Headers/Public/React-rendererconsistency\"\ \"/Users/vinay/Documents/Github/FindFood/FindFood/FindFood-FE/ios/Pods/Headers/Public/React-renderercss\"\ \"/Users/vinay/Documents/Github/FindFood/FindFood/FindFood-FE/ios/Pods/Headers/Public/React-rendererdebug\"\ \"/Users/vinay/Documents/Github/FindFood/FindFood/FindFood-FE/ios/Pods/Headers/Public/React-runtimeexecutor\"\ \"/Users/vinay/Documents/Github/FindFood/FindFood/FindFood-FE/ios/Pods/Headers/Public/React-runtimescheduler\"\ \"/Users/vinay/Documents/Github/FindFood/FindFood/FindFood-FE/ios/Pods/Headers/Public/React-timing\"\ \"/Users/vinay/Documents/Github/FindFood/FindFood/FindFood-FE/ios/Pods/Headers/Public/React-utils\"\ \"/Users/vinay/Documents/Github/FindFood/FindFood/FindFood-FE/ios/Pods/Headers/Public/ReactAppDependencyProvider\"\ \"/Users/vinay/Documents/Github/FindFood/FindFood/FindFood-FE/ios/Pods/Headers/Public/ReactCodegen\"\ \"/Users/vinay/Documents/Github/FindFood/FindFood/FindFood-FE/ios/Pods/Headers/Public/ReactCommon\"\ \"/Users/vinay/Documents/Github/FindFood/FindFood/FindFood-FE/ios/Pods/Headers/Public/ReactNativeDependencies\"\ \"/Users/vinay/Documents/Github/FindFood/FindFood/FindFood-FE/ios/Pods/Headers/Public/Yoga\"\ \"/Users/vinay/Documents/Github/FindFood/FindFood/FindFood-FE/ios/Pods/Headers/Public/expo-dev-launcher\"\ \"/Users/vinay/Documents/Github/FindFood/FindFood/FindFood-FE/ios/Pods/Headers/Public/expo-dev-menu\"\ \"/Users/vinay/Documents/Github/FindFood/FindFood/FindFood-FE/ios/Pods/Headers/Public/hermes-engine\"\ \"/Users/vinay/Documents/Github/FindFood/FindFood/FindFood-FE/ios/Pods/Headers/Public/react-native-maps\"\ \"/Users/vinay/Documents/Github/FindFood/FindFood/FindFood-FE/ios/Pods/Headers/Public/react-native-safe-area-context\"\ \"/Users/vinay/Library/Developer/Xcode/DerivedData/FindFood-ceewejdexqlrirddbceaqvuunhkx/Build/Products/Debug-iphonesimulator/EXManifests/Swift\ Compatibility\ Header\"\ \"/Users/vinay/Library/Developer/Xcode/DerivedData/FindFood-ceewejdexqlrirddbceaqvuunhkx/Build/Products/Debug-iphonesimulator/EXUpdatesInterface/Swift\ Compatibility\ Header\"\ \"/Users/vinay/Library/Developer/Xcode/DerivedData/FindFood-ceewejdexqlrirddbceaqvuunhkx/Build/Products/Debug-iphonesimulator/Expo/Swift\ Compatibility\ Header\"\ \"/Users/vinay/Documents/Github/FindFood/FindFood/FindFood-FE/ios/Pods/Headers/Private/Yoga\"\ \"/Users/vinay/Library/Developer/Xcode/DerivedData/FindFood-ceewejdexqlrirddbceaqvuunhkx/Build/Products/Debug-iphonesimulator/ExpoModulesCore/Swift\ Compatibility\ Header\"\ \"/Users/vinay/Documents/Github/FindFood/FindFood/FindFood-FE/ios/Pods/Headers/Private/Yoga\"\ \"/Users/vinay/Documents/Github/FindFood/FindFood/FindFood-FE/ios/Pods/Headers/Private/React-Core\"\ \"/Users/vinay/Documents/Github/FindFood/FindFood/FindFood-FE/ios/Pods/Headers/Private/React-Core\"\ \"/Users/vinay/Documents/Github/FindFood/FindFood/FindFood-FE/ios/Pods/Headers/Private/Yoga\"\ \"/Users/vinay/Library/Developer/Xcode/DerivedData/FindFood-ceewejdexqlrirddbceaqvuunhkx/Build/Products/Debug-iphonesimulator/expo-dev-launcher/Swift\ Compatibility\ Header\"\ \"/Users/vinay/Library/Developer/Xcode/DerivedData/FindFood-ceewejdexqlrirddbceaqvuunhkx/Build/Products/Debug-iphonesimulator/expo-dev-menu/Swift\ Compatibility\ Header\"\ \"/Users/vinay/Library/Developer/Xcode/DerivedData/FindFood-ceewejdexqlrirddbceaqvuunhkx/Build/Products/Debug-iphonesimulator/expo-dev-menu-interface/Swift\ Compatibility\ Header\"
    export HOME\=/Users/vinay
    export HOST_ARCH\=arm64
    export HOST_PLATFORM\=macosx
    export ICONV\=/usr/bin/iconv
    export IMPLICIT_DEPENDENCY_DOMAIN\=default
    export INFOPLIST_ENABLE_CFBUNDLEICONS_MERGE\=YES
    export INFOPLIST_EXPAND_BUILD_SETTINGS\=YES
    export INFOPLIST_FILE\=FindFood/Info.plist
    export INFOPLIST_OUTPUT_FORMAT\=binary
    export INFOPLIST_PATH\=FindFood.app/Info.plist
    export INFOPLIST_PREPROCESS\=NO
    export INFOSTRINGS_PATH\=FindFood.app/en.lproj/InfoPlist.strings
    export INLINE_PRIVATE_FRAMEWORKS\=NO
    export INSTALLAPI_IGNORE_SKIP_INSTALL\=YES
    export INSTALLHDRS_COPY_PHASE\=NO
    export INSTALLHDRS_SCRIPT_PHASE\=NO
    export INSTALL_DIR\=/tmp/FindFood.dst/Applications
    export INSTALL_GROUP\=staff
    export INSTALL_MODE_FLAG\=u+w,go-w,a+rX
    export INSTALL_OWNER\=vinay
    export INSTALL_PATH\=/Applications
    export INSTALL_ROOT\=/tmp/FindFood.dst
    export IPHONEOS_DEPLOYMENT_TARGET\=15.1
    export IS_UNOPTIMIZED_BUILD\=YES
    export JAVAC_DEFAULT_FLAGS\=-J-Xms64m\ -J-XX:NewSize\=4M\ -J-Dfile.encoding\=UTF8
    export JAVA_APP_STUB\=/System/Library/Frameworks/JavaVM.framework/Resources/MacOS/JavaApplicationStub
    export JAVA_ARCHIVE_CLASSES\=YES
    export JAVA_ARCHIVE_TYPE\=JAR
    export JAVA_COMPILER\=/usr/bin/javac
    export JAVA_FOLDER_PATH\=FindFood.app/Java
    export JAVA_FRAMEWORK_RESOURCES_DIRS\=Resources
    export JAVA_JAR_FLAGS\=cv
    export JAVA_SOURCE_SUBDIR\=.
    export JAVA_USE_DEPENDENCIES\=YES
    export JAVA_ZIP_FLAGS\=-urg
    export JIKES_DEFAULT_FLAGS\=+E\ +OLDCSO
    export KEEP_PRIVATE_EXTERNS\=NO
    export LD_DEPENDENCY_INFO_FILE\=/Users/vinay/Library/Developer/Xcode/DerivedData/FindFood-ceewejdexqlrirddbceaqvuunhkx/Build/Intermediates.noindex/FindFood.build/Debug-iphonesimulator/FindFood.build/Objects-normal/undefined_arch/FindFood_dependency_info.dat
    export LD_ENTITLEMENTS_SECTION\=/Users/vinay/Library/Developer/Xcode/DerivedData/FindFood-ceewejdexqlrirddbceaqvuunhkx/Build/Intermediates.noindex/FindFood.build/Debug-iphonesimulator/FindFood.build/FindFood.app-Simulated.xcent
    export LD_ENTITLEMENTS_SECTION_DER\=/Users/vinay/Library/Developer/Xcode/DerivedData/FindFood-ceewejdexqlrirddbceaqvuunhkx/Build/Intermediates.noindex/FindFood.build/Debug-iphonesimulator/FindFood.build/FindFood.app-Simulated.xcent.der
    export LD_EXPORT_SYMBOLS\=YES
    export LD_GENERATE_MAP_FILE\=NO
    export LD_MAP_FILE_PATH\=/Users/vinay/Library/Developer/Xcode/DerivedData/FindFood-ceewejdexqlrirddbceaqvuunhkx/Build/Intermediates.noindex/FindFood.build/Debug-iphonesimulator/FindFood.build/FindFood-LinkMap-normal-undefined_arch.txt
    export LD_NO_PIE\=NO
    export LD_QUOTE_LINKER_ARGUMENTS_FOR_COMPILER_DRIVER\=YES
    export LD_RUNPATH_SEARCH_PATHS\=/usr/lib/swift\ \ /usr/lib/swift\ \'@executable_path/Frameworks\'\ \'@loader_path/Frameworks\'\ @executable_path/Frameworks
    export LD_RUNPATH_SEARCH_PATHS_YES\=@loader_path/../Frameworks
    export LD_SHARED_CACHE_ELIGIBLE\=Automatic
    export LD_WARN_DUPLICATE_LIBRARIES\=NO
    export LD_WARN_UNUSED_DYLIBS\=NO
    export LEGACY_DEVELOPER_DIR\=/Applications/Xcode.app/Contents/PlugIns/Xcode3Core.ideplugin/Contents/SharedSupport/Developer
    export LEX\=lex
    export LIBRARY_DEXT_INSTALL_PATH\=/Library/DriverExtensions
    export LIBRARY_FLAG_NOSPACE\=YES
    export LIBRARY_FLAG_PREFIX\=-l
    export LIBRARY_KEXT_INSTALL_PATH\=/Library/Extensions
    export LIBRARY_SEARCH_PATHS\=/Users/vinay/Library/Developer/Xcode/DerivedData/FindFood-ceewejdexqlrirddbceaqvuunhkx/Build/Products/Debug-iphonesimulator\ /Applications/Xcode.app/Contents/Developer/Platforms/iPhoneSimulator.platform/Developer/SDKs/iPhoneSimulator26.2.sdk/usr/lib/swift\ /Users/vinay/Library/Developer/Xcode/DerivedData/FindFood-ceewejdexqlrirddbceaqvuunhkx/Build/Products/Debug-iphonesimulator/AppAuth\ /Users/vinay/Library/Developer/Xcode/DerivedData/FindFood-ceewejdexqlrirddbceaqvuunhkx/Build/Products/Debug-iphonesimulator/AppCheckCore\ /Users/vinay/Library/Developer/Xcode/DerivedData/FindFood-ceewejdexqlrirddbceaqvuunhkx/Build/Products/Debug-iphonesimulator/EXConstants\ /Users/vinay/Library/Developer/Xcode/DerivedData/FindFood-ceewejdexqlrirddbceaqvuunhkx/Build/Products/Debug-iphonesimulator/EXJSONUtils\ /Users/vinay/Library/Developer/Xcode/DerivedData/FindFood-ceewejdexqlrirddbceaqvuunhkx/Build/Products/Debug-iphonesimulator/EXManifests\ /Users/vinay/Library/Developer/Xcode/DerivedData/FindFood-ceewejdexqlrirddbceaqvuunhkx/Build/Products/Debug-iphonesimulator/EXUpdatesInterface\ /Users/vinay/Library/Developer/Xcode/DerivedData/FindFood-ceewejdexqlrirddbceaqvuunhkx/Build/Products/Debug-iphonesimulator/Expo\ /Users/vinay/Library/Developer/Xcode/DerivedData/FindFood-ceewejdexqlrirddbceaqvuunhkx/Build/Products/Debug-iphonesimulator/ExpoAdapterGoogleSignIn\ /Users/vinay/Library/Developer/Xcode/DerivedData/FindFood-ceewejdexqlrirddbceaqvuunhkx/Build/Products/Debug-iphonesimulator/ExpoAsset\ /Users/vinay/Library/Developer/Xcode/DerivedData/FindFood-ceewejdexqlrirddbceaqvuunhkx/Build/Products/Debug-iphonesimulator/ExpoFileSystem\ /Users/vinay/Library/Developer/Xcode/DerivedData/FindFood-ceewejdexqlrirddbceaqvuunhkx/Build/Products/Debug-iphonesimulator/ExpoFont\ /Users/vinay/Library/Developer/Xcode/DerivedData/FindFood-ceewejdexqlrirddbceaqvuunhkx/Build/Products/Debug-iphonesimulator/ExpoKeepAwake\ /Users/vinay/Library/Developer/Xcode/DerivedData/FindFood-ceewejdexqlrirddbceaqvuunhkx/Build/Products/Debug-iphonesimulator/ExpoLocation\ /Users/vinay/Library/Developer/Xcode/DerivedData/FindFood-ceewejdexqlrirddbceaqvuunhkx/Build/Products/Debug-iphonesimulator/ExpoModulesCore\ /Users/vinay/Library/Developer/Xcode/DerivedData/FindFood-ceewejdexqlrirddbceaqvuunhkx/Build/Products/Debug-iphonesimulator/GTMAppAuth\ /Users/vinay/Library/Developer/Xcode/DerivedData/FindFood-ceewejdexqlrirddbceaqvuunhkx/Build/Products/Debug-iphonesimulator/GTMSessionFetcher\ /Users/vinay/Library/Developer/Xcode/DerivedData/FindFood-ceewejdexqlrirddbceaqvuunhkx/Build/Products/Debug-iphonesimulator/GoogleSignIn\ /Users/vinay/Library/Developer/Xcode/DerivedData/FindFood-ceewejdexqlrirddbceaqvuunhkx/Build/Products/Debug-iphonesimulator/GoogleUtilities\ /Users/vinay/Library/Developer/Xcode/DerivedData/FindFood-ceewejdexqlrirddbceaqvuunhkx/Build/Products/Debug-iphonesimulator/PromisesObjC\ /Users/vinay/Library/Developer/Xcode/DerivedData/FindFood-ceewejdexqlrirddbceaqvuunhkx/Build/Products/Debug-iphonesimulator/RNCAsyncStorage\ /Users/vinay/Library/Developer/Xcode/DerivedData/FindFood-ceewejdexqlrirddbceaqvuunhkx/Build/Products/Debug-iphonesimulator/RNGestureHandler\ /Users/vinay/Library/Developer/Xcode/DerivedData/FindFood-ceewejdexqlrirddbceaqvuunhkx/Build/Products/Debug-iphonesimulator/RNGoogleSignin\ /Users/vinay/Library/Developer/Xcode/DerivedData/FindFood-ceewejdexqlrirddbceaqvuunhkx/Build/Products/Debug-iphonesimulator/RNSVG\ /Users/vinay/Library/Developer/Xcode/DerivedData/FindFood-ceewejdexqlrirddbceaqvuunhkx/Build/Products/Debug-iphonesimulator/RNScreens\ /Users/vinay/Library/Developer/Xcode/DerivedData/FindFood-ceewejdexqlrirddbceaqvuunhkx/Build/Products/Debug-iphonesimulator/ReactAppDependencyProvider\ /Users/vinay/Library/Developer/Xcode/DerivedData/FindFood-ceewejdexqlrirddbceaqvuunhkx/Build/Products/Debug-iphonesimulator/ReactCodegen\ /Users/vinay/Library/Developer/Xcode/DerivedData/FindFood-ceewejdexqlrirddbceaqvuunhkx/Build/Products/Debug-iphonesimulator/expo-dev-launcher\ /Users/vinay/Library/Developer/Xcode/DerivedData/FindFood-ceewejdexqlrirddbceaqvuunhkx/Build/Products/Debug-iphonesimulator/expo-dev-menu\ /Users/vinay/Library/Developer/Xcode/DerivedData/FindFood-ceewejdexqlrirddbceaqvuunhkx/Build/Products/Debug-iphonesimulator/expo-dev-menu-interface\ /Users/vinay/Library/Developer/Xcode/DerivedData/FindFood-ceewejdexqlrirddbceaqvuunhkx/Build/Products/Debug-iphonesimulator/react-native-maps\ /Users/vinay/Library/Developer/Xcode/DerivedData/FindFood-ceewejdexqlrirddbceaqvuunhkx/Build/Products/Debug-iphonesimulator/react-native-safe-area-context\ /Applications/Xcode.app/Contents/Developer/Toolchains/XcodeDefault.xctoolchain/usr/lib/swift/iphonesimulator\ /Applications/Xcode.app/Contents/Developer/Platforms/iPhoneSimulator.platform/Developer/SDKs/iPhoneSimulator26.2.sdk/usr/lib/swift
    export LINKER_DISPLAYS_MANGLED_NAMES\=NO
    export LINK_FILE_LIST_normal_arm64\=/Users/vinay/Library/Developer/Xcode/DerivedData/FindFood-ceewejdexqlrirddbceaqvuunhkx/Build/Intermediates.noindex/FindFood.build/Debug-iphonesimulator/FindFood.build/Objects-normal/arm64/FindFood.LinkFileList
    export LINK_OBJC_RUNTIME\=YES
    export LINK_WITH_STANDARD_LIBRARIES\=YES
    export LLVM_TARGET_TRIPLE_OS_VERSION\=ios15.1
    export LLVM_TARGET_TRIPLE_SUFFIX\=-simulator
    export LLVM_TARGET_TRIPLE_VENDOR\=apple
    export LM_AUX_CONST_METADATA_LIST_PATH_normal_arm64\=/Users/vinay/Library/Developer/Xcode/DerivedData/FindFood-ceewejdexqlrirddbceaqvuunhkx/Build/Intermediates.noindex/FindFood.build/Debug-iphonesimulator/FindFood.build/Objects-normal/arm64/FindFood.SwiftConstValuesFileList
    export LOCALIZATION_EXPORT_SUPPORTED\=YES
    export LOCALIZATION_PREFERS_STRING_CATALOGS\=NO
    export LOCALIZED_RESOURCES_FOLDER_PATH\=FindFood.app/en.lproj
    export LOCALIZED_STRING_MACRO_NAMES\=NSLocalizedString\ CFCopyLocalizedString
    export LOCALIZED_STRING_SWIFTUI_SUPPORT\=YES
    export LOCAL_ADMIN_APPS_DIR\=/Applications/Utilities
    export LOCAL_APPS_DIR\=/Applications
    export LOCAL_DEVELOPER_DIR\=/Library/Developer
    export LOCAL_LIBRARY_DIR\=/Library
    export LOCROOT\=/Users/vinay/Documents/Github/FindFood/FindFood/FindFood-FE/ios
    export LOCSYMROOT\=/Users/vinay/Documents/Github/FindFood/FindFood/FindFood-FE/ios
    export MACH_O_TYPE\=mh_execute
    export MAC_OS_X_PRODUCT_BUILD_VERSION\=25C56
    export MAC_OS_X_VERSION_ACTUAL\=260200
    export MAC_OS_X_VERSION_MAJOR\=260000
    export MAC_OS_X_VERSION_MINOR\=260200
    export MAKE_MERGEABLE\=NO
    export MARKETING_VERSION\=1.0
    export MERGEABLE_LIBRARY\=NO
    export MERGED_BINARY_TYPE\=none
    export MERGE_LINKED_LIBRARIES\=NO
    export METAL_LIBRARY_FILE_BASE\=default
    export METAL_LIBRARY_OUTPUT_DIR\=/Users/vinay/Library/Developer/Xcode/DerivedData/FindFood-ceewejdexqlrirddbceaqvuunhkx/Build/Products/Debug-iphonesimulator/FindFood.app
    export MODULES_FOLDER_PATH\=FindFood.app/Modules
    export MODULE_CACHE_DIR\=/Users/vinay/Library/Developer/Xcode/DerivedData/ModuleCache.noindex
    export MTL_ENABLE_DEBUG_INFO\=YES
    export NATIVE_ARCH\=arm64
    export NATIVE_ARCH_32_BIT\=arm
    export NATIVE_ARCH_64_BIT\=arm64
    export NATIVE_ARCH_ACTUAL\=arm64
    export NO_COMMON\=YES
    export OBJC_ABI_VERSION\=2
    export OBJECT_FILE_DIR\=/Users/vinay/Library/Developer/Xcode/DerivedData/FindFood-ceewejdexqlrirddbceaqvuunhkx/Build/Intermediates.noindex/FindFood.build/Debug-iphonesimulator/FindFood.build/Objects
    export OBJECT_FILE_DIR_normal\=/Users/vinay/Library/Developer/Xcode/DerivedData/FindFood-ceewejdexqlrirddbceaqvuunhkx/Build/Intermediates.noindex/FindFood.build/Debug-iphonesimulator/FindFood.build/Objects-normal
    export OBJROOT\=/Users/vinay/Library/Developer/Xcode/DerivedData/FindFood-ceewejdexqlrirddbceaqvuunhkx/Build/Intermediates.noindex
    export ONLY_ACTIVE_ARCH\=YES
    export OS\=MACOS
    export OSAC\=/usr/bin/osacompile
    export OTHER_CFLAGS\=\ -fmodule-map-file\=\"/Users/vinay/Library/Developer/Xcode/DerivedData/FindFood-ceewejdexqlrirddbceaqvuunhkx/Build/Products/Debug-iphonesimulator/EXConstants/EXConstants.modulemap\"\ -fmodule-map-file\=\"/Users/vinay/Library/Developer/Xcode/DerivedData/FindFood-ceewejdexqlrirddbceaqvuunhkx/Build/Products/Debug-iphonesimulator/EXManifests/EXManifests.modulemap\"\ -fmodule-map-file\=\"/Users/vinay/Library/Developer/Xcode/DerivedData/FindFood-ceewejdexqlrirddbceaqvuunhkx/Build/Products/Debug-iphonesimulator/EXUpdatesInterface/EXUpdatesInterface.modulemap\"\ -fmodule-map-file\=\"/Users/vinay/Library/Developer/Xcode/DerivedData/FindFood-ceewejdexqlrirddbceaqvuunhkx/Build/Products/Debug-iphonesimulator/Expo/Expo.modulemap\"\ -fmodule-map-file\=\"/Users/vinay/Library/Developer/Xcode/DerivedData/FindFood-ceewejdexqlrirddbceaqvuunhkx/Build/Products/Debug-iphonesimulator/ExpoAdapterGoogleSignIn/ExpoAdapterGoogleSignIn.modulemap\"\ -fmodule-map-file\=\"/Users/vinay/Library/Developer/Xcode/DerivedData/FindFood-ceewejdexqlrirddbceaqvuunhkx/Build/Products/Debug-iphonesimulator/ExpoAsset/ExpoAsset.modulemap\"\ -fmodule-map-file\=\"/Users/vinay/Library/Developer/Xcode/DerivedData/FindFood-ceewejdexqlrirddbceaqvuunhkx/Build/Products/Debug-iphonesimulator/ExpoFileSystem/ExpoFileSystem.modulemap\"\ -fmodule-map-file\=\"/Users/vinay/Library/Developer/Xcode/DerivedData/FindFood-ceewejdexqlrirddbceaqvuunhkx/Build/Products/Debug-iphonesimulator/ExpoFont/ExpoFont.modulemap\"\ -fmodule-map-file\=\"/Users/vinay/Library/Developer/Xcode/DerivedData/FindFood-ceewejdexqlrirddbceaqvuunhkx/Build/Products/Debug-iphonesimulator/ExpoKeepAwake/ExpoKeepAwake.modulemap\"\ -fmodule-map-file\=\"/Users/vinay/Library/Developer/Xcode/DerivedData/FindFood-ceewejdexqlrirddbceaqvuunhkx/Build/Products/Debug-iphonesimulator/ExpoLocation/ExpoLocation.modulemap\"\ -fmodule-map-file\=\"/Users/vinay/Library/Developer/Xcode/DerivedData/FindFood-ceewejdexqlrirddbceaqvuunhkx/Build/Products/Debug-iphonesimulator/ExpoModulesCore/ExpoModulesCore.modulemap\"\ -fmodule-map-file\=\"/Users/vinay/Library/Developer/Xcode/DerivedData/FindFood-ceewejdexqlrirddbceaqvuunhkx/Build/Products/Debug-iphonesimulator/GTMAppAuth/GTMAppAuth.modulemap\"\ -fmodule-map-file\=\"/Users/vinay/Library/Developer/Xcode/DerivedData/FindFood-ceewejdexqlrirddbceaqvuunhkx/Build/Products/Debug-iphonesimulator/expo-dev-launcher/EXDevLauncher.modulemap\"\ -fmodule-map-file\=\"/Users/vinay/Library/Developer/Xcode/DerivedData/FindFood-ceewejdexqlrirddbceaqvuunhkx/Build/Products/Debug-iphonesimulator/expo-dev-menu-interface/EXDevMenuInterface.modulemap\"\ -fmodule-map-file\=\"/Users/vinay/Library/Developer/Xcode/DerivedData/FindFood-ceewejdexqlrirddbceaqvuunhkx/Build/Products/Debug-iphonesimulator/expo-dev-menu/EXDevMenu.modulemap\"\ -fmodule-map-file\=\"/Users/vinay/Documents/Github/FindFood/FindFood/FindFood-FE/ios/Pods/Headers/Public/AppAuth/AppAuth.modulemap\"\ -fmodule-map-file\=\"/Users/vinay/Documents/Github/FindFood/FindFood/FindFood-FE/ios/Pods/Headers/Public/EXJSONUtils/EXJSONUtils.modulemap\"\ -fmodule-map-file\=\"/Users/vinay/Documents/Github/FindFood/FindFood/FindFood-FE/ios/Pods/Headers/Public/FBLPromises/PromisesObjC.modulemap\"\ -fmodule-map-file\=\"/Users/vinay/Documents/Github/FindFood/FindFood/FindFood-FE/ios/Pods/Headers/Public/GTMSessionFetcher/GTMSessionFetcher.modulemap\"\ -fmodule-map-file\=\"/Users/vinay/Documents/Github/FindFood/FindFood/FindFood-FE/ios/Pods/Headers/Public/GoogleSignIn/GoogleSignIn.modulemap\"\ -fmodule-map-file\=\"/Users/vinay/Documents/Github/FindFood/FindFood/FindFood-FE/ios/Pods/Headers/Public/ReactAppDependencyProvider/ReactAppDependencyProvider.modulemap\"\ -fmodule-map-file\=\"/Users/vinay/Documents/Github/FindFood/FindFood/FindFood-FE/ios/Pods/Headers/Public/ReactCodegen/ReactCodegen.modulemap\"\ \ \ -DREACT_NATIVE_MINOR_VERSION\=81\ \ -DREACT_NATIVE_MINOR_VERSION\=81\ \ -DREACT_NATIVE_TARGET_VERSION\=81\ -DUSE_HERMES\ -DRN_FABRIC_ENABLED\ -DRCT_NEW_ARCH_ENABLED
    export OTHER_CPLUSPLUSFLAGS\=\ -fmodule-map-file\=\"/Users/vinay/Library/Developer/Xcode/DerivedData/FindFood-ceewejdexqlrirddbceaqvuunhkx/Build/Products/Debug-iphonesimulator/EXConstants/EXConstants.modulemap\"\ -fmodule-map-file\=\"/Users/vinay/Library/Developer/Xcode/DerivedData/FindFood-ceewejdexqlrirddbceaqvuunhkx/Build/Products/Debug-iphonesimulator/EXManifests/EXManifests.modulemap\"\ -fmodule-map-file\=\"/Users/vinay/Library/Developer/Xcode/DerivedData/FindFood-ceewejdexqlrirddbceaqvuunhkx/Build/Products/Debug-iphonesimulator/EXUpdatesInterface/EXUpdatesInterface.modulemap\"\ -fmodule-map-file\=\"/Users/vinay/Library/Developer/Xcode/DerivedData/FindFood-ceewejdexqlrirddbceaqvuunhkx/Build/Products/Debug-iphonesimulator/Expo/Expo.modulemap\"\ -fmodule-map-file\=\"/Users/vinay/Library/Developer/Xcode/DerivedData/FindFood-ceewejdexqlrirddbceaqvuunhkx/Build/Products/Debug-iphonesimulator/ExpoAdapterGoogleSignIn/ExpoAdapterGoogleSignIn.modulemap\"\ -fmodule-map-file\=\"/Users/vinay/Library/Developer/Xcode/DerivedData/FindFood-ceewejdexqlrirddbceaqvuunhkx/Build/Products/Debug-iphonesimulator/ExpoAsset/ExpoAsset.modulemap\"\ -fmodule-map-file\=\"/Users/vinay/Library/Developer/Xcode/DerivedData/FindFood-ceewejdexqlrirddbceaqvuunhkx/Build/Products/Debug-iphonesimulator/ExpoFileSystem/ExpoFileSystem.modulemap\"\ -fmodule-map-file\=\"/Users/vinay/Library/Developer/Xcode/DerivedData/FindFood-ceewejdexqlrirddbceaqvuunhkx/Build/Products/Debug-iphonesimulator/ExpoFont/ExpoFont.modulemap\"\ -fmodule-map-file\=\"/Users/vinay/Library/Developer/Xcode/DerivedData/FindFood-ceewejdexqlrirddbceaqvuunhkx/Build/Products/Debug-iphonesimulator/ExpoKeepAwake/ExpoKeepAwake.modulemap\"\ -fmodule-map-file\=\"/Users/vinay/Library/Developer/Xcode/DerivedData/FindFood-ceewejdexqlrirddbceaqvuunhkx/Build/Products/Debug-iphonesimulator/ExpoLocation/ExpoLocation.modulemap\"\ -fmodule-map-file\=\"/Users/vinay/Library/Developer/Xcode/DerivedData/FindFood-ceewejdexqlrirddbceaqvuunhkx/Build/Products/Debug-iphonesimulator/ExpoModulesCore/ExpoModulesCore.modulemap\"\ -fmodule-map-file\=\"/Users/vinay/Library/Developer/Xcode/DerivedData/FindFood-ceewejdexqlrirddbceaqvuunhkx/Build/Products/Debug-iphonesimulator/GTMAppAuth/GTMAppAuth.modulemap\"\ -fmodule-map-file\=\"/Users/vinay/Library/Developer/Xcode/DerivedData/FindFood-ceewejdexqlrirddbceaqvuunhkx/Build/Products/Debug-iphonesimulator/expo-dev-launcher/EXDevLauncher.modulemap\"\ -fmodule-map-file\=\"/Users/vinay/Library/Developer/Xcode/DerivedData/FindFood-ceewejdexqlrirddbceaqvuunhkx/Build/Products/Debug-iphonesimulator/expo-dev-menu-interface/EXDevMenuInterface.modulemap\"\ -fmodule-map-file\=\"/Users/vinay/Library/Developer/Xcode/DerivedData/FindFood-ceewejdexqlrirddbceaqvuunhkx/Build/Products/Debug-iphonesimulator/expo-dev-menu/EXDevMenu.modulemap\"\ -fmodule-map-file\=\"/Users/vinay/Documents/Github/FindFood/FindFood/FindFood-FE/ios/Pods/Headers/Public/AppAuth/AppAuth.modulemap\"\ -fmodule-map-file\=\"/Users/vinay/Documents/Github/FindFood/FindFood/FindFood-FE/ios/Pods/Headers/Public/EXJSONUtils/EXJSONUtils.modulemap\"\ -fmodule-map-file\=\"/Users/vinay/Documents/Github/FindFood/FindFood/FindFood-FE/ios/Pods/Headers/Public/FBLPromises/PromisesObjC.modulemap\"\ -fmodule-map-file\=\"/Users/vinay/Documents/Github/FindFood/FindFood/FindFood-FE/ios/Pods/Headers/Public/GTMSessionFetcher/GTMSessionFetcher.modulemap\"\ -fmodule-map-file\=\"/Users/vinay/Documents/Github/FindFood/FindFood/FindFood-FE/ios/Pods/Headers/Public/GoogleSignIn/GoogleSignIn.modulemap\"\ -fmodule-map-file\=\"/Users/vinay/Documents/Github/FindFood/FindFood/FindFood-FE/ios/Pods/Headers/Public/ReactAppDependencyProvider/ReactAppDependencyProvider.modulemap\"\ -fmodule-map-file\=\"/Users/vinay/Documents/Github/FindFood/FindFood/FindFood-FE/ios/Pods/Headers/Public/ReactCodegen/ReactCodegen.modulemap\"\ \ \ -DREACT_NATIVE_MINOR_VERSION\=81\ \ -DREACT_NATIVE_MINOR_VERSION\=81\ \ -DREACT_NATIVE_TARGET_VERSION\=81\ -DUSE_HERMES\ -DRN_FABRIC_ENABLED\ -DRCT_NEW_ARCH_ENABLED\ -DRCT_NEW_ARCH_ENABLED\=1
    export OTHER_LDFLAGS\=\ -ObjC\ -l\"AppAuth\"\ -l\"AppCheckCore\"\ -l\"EXConstants\"\ -l\"EXJSONUtils\"\ -l\"EXManifests\"\ -l\"EXUpdatesInterface\"\ -l\"Expo\"\ -l\"ExpoAdapterGoogleSignIn\"\ -l\"ExpoAsset\"\ -l\"ExpoFileSystem\"\ -l\"ExpoFont\"\ -l\"ExpoKeepAwake\"\ -l\"ExpoLocation\"\ -l\"ExpoModulesCore\"\ -l\"GTMAppAuth\"\ -l\"GTMSessionFetcher\"\ -l\"GoogleSignIn\"\ -l\"GoogleUtilities\"\ -l\"PromisesObjC\"\ -l\"RNCAsyncStorage\"\ -l\"RNGestureHandler\"\ -l\"RNGoogleSignin\"\ -l\"RNSVG\"\ -l\"RNScreens\"\ -l\"ReactAppDependencyProvider\"\ -l\"ReactCodegen\"\ -l\"expo-dev-launcher\"\ -l\"expo-dev-menu\"\ -l\"expo-dev-menu-interface\"\ -l\"react-native-maps\"\ -l\"react-native-safe-area-context\"\ -framework\ \"Accelerate\"\ -framework\ \"AudioToolbox\"\ -framework\ \"CoreGraphics\"\ -framework\ \"CoreText\"\ -framework\ \"Foundation\"\ -framework\ \"ImageIO\"\ -framework\ \"LocalAuthentication\"\ -framework\ \"MobileCoreServices\"\ -framework\ \"QuartzCore\"\ -framework\ \"React\"\ -framework\ \"ReactNativeDependencies\"\ -framework\ \"SafariServices\"\ -framework\ \"Security\"\ -framework\ \"UIKit\"\ -framework\ \"hermes\"\ -weak_framework\ \"AuthenticationServices\"\ -weak_framework\ \"DeviceCheck\"\ -weak_framework\ \"JavaScriptCore\"\ -ObjC\ -lc++
    export OTHER_MODULE_VERIFIER_FLAGS\=\ \"-F/Users/vinay/Library/Developer/Xcode/DerivedData/FindFood-ceewejdexqlrirddbceaqvuunhkx/Build/Products/Debug-iphonesimulator/AppAuth\"\ \"-F/Users/vinay/Library/Developer/Xcode/DerivedData/FindFood-ceewejdexqlrirddbceaqvuunhkx/Build/Products/Debug-iphonesimulator/AppCheckCore\"\ \"-F/Users/vinay/Library/Developer/Xcode/DerivedData/FindFood-ceewejdexqlrirddbceaqvuunhkx/Build/Products/Debug-iphonesimulator/EXConstants\"\ \"-F/Users/vinay/Library/Developer/Xcode/DerivedData/FindFood-ceewejdexqlrirddbceaqvuunhkx/Build/Products/Debug-iphonesimulator/EXJSONUtils\"\ \"-F/Users/vinay/Library/Developer/Xcode/DerivedData/FindFood-ceewejdexqlrirddbceaqvuunhkx/Build/Products/Debug-iphonesimulator/EXManifests\"\ \"-F/Users/vinay/Library/Developer/Xcode/DerivedData/FindFood-ceewejdexqlrirddbceaqvuunhkx/Build/Products/Debug-iphonesimulator/EXUpdatesInterface\"\ \"-F/Users/vinay/Library/Developer/Xcode/DerivedData/FindFood-ceewejdexqlrirddbceaqvuunhkx/Build/Products/Debug-iphonesimulator/Expo\"\ \"-F/Users/vinay/Library/Developer/Xcode/DerivedData/FindFood-ceewejdexqlrirddbceaqvuunhkx/Build/Products/Debug-iphonesimulator/ExpoAdapterGoogleSignIn\"\ \"-F/Users/vinay/Library/Developer/Xcode/DerivedData/FindFood-ceewejdexqlrirddbceaqvuunhkx/Build/Products/Debug-iphonesimulator/ExpoAsset\"\ \"-F/Users/vinay/Library/Developer/Xcode/DerivedData/FindFood-ceewejdexqlrirddbceaqvuunhkx/Build/Products/Debug-iphonesimulator/ExpoFileSystem\"\ \"-F/Users/vinay/Library/Developer/Xcode/DerivedData/FindFood-ceewejdexqlrirddbceaqvuunhkx/Build/Products/Debug-iphonesimulator/ExpoFont\"\ \"-F/Users/vinay/Library/Developer/Xcode/DerivedData/FindFood-ceewejdexqlrirddbceaqvuunhkx/Build/Products/Debug-iphonesimulator/ExpoKeepAwake\"\ \"-F/Users/vinay/Library/Developer/Xcode/DerivedData/FindFood-ceewejdexqlrirddbceaqvuunhkx/Build/Products/Debug-iphonesimulator/ExpoLocation\"\ \"-F/Users/vinay/Library/Developer/Xcode/DerivedData/FindFood-ceewejdexqlrirddbceaqvuunhkx/Build/Products/Debug-iphonesimulator/ExpoModulesCore\"\ \"-F/Users/vinay/Library/Developer/Xcode/DerivedData/FindFood-ceewejdexqlrirddbceaqvuunhkx/Build/Products/Debug-iphonesimulator/FBLazyVector\"\ \"-F/Users/vinay/Library/Developer/Xcode/DerivedData/FindFood-ceewejdexqlrirddbceaqvuunhkx/Build/Products/Debug-iphonesimulator/GTMAppAuth\"\ \"-F/Users/vinay/Library/Developer/Xcode/DerivedData/FindFood-ceewejdexqlrirddbceaqvuunhkx/Build/Products/Debug-iphonesimulator/GTMSessionFetcher\"\ \"-F/Users/vinay/Library/Developer/Xcode/DerivedData/FindFood-ceewejdexqlrirddbceaqvuunhkx/Build/Products/Debug-iphonesimulator/GoogleSignIn\"\ \"-F/Users/vinay/Library/Developer/Xcode/DerivedData/FindFood-ceewejdexqlrirddbceaqvuunhkx/Build/Products/Debug-iphonesimulator/GoogleUtilities\"\ \"-F/Users/vinay/Library/Developer/Xcode/DerivedData/FindFood-ceewejdexqlrirddbceaqvuunhkx/Build/Products/Debug-iphonesimulator/PromisesObjC\"\ \"-F/Users/vinay/Library/Developer/Xcode/DerivedData/FindFood-ceewejdexqlrirddbceaqvuunhkx/Build/Products/Debug-iphonesimulator/RCTDeprecation\"\ \"-F/Users/vinay/Library/Developer/Xcode/DerivedData/FindFood-ceewejdexqlrirddbceaqvuunhkx/Build/Products/Debug-iphonesimulator/RCTRequired\"\ \"-F/Users/vinay/Library/Developer/Xcode/DerivedData/FindFood-ceewejdexqlrirddbceaqvuunhkx/Build/Products/Debug-iphonesimulator/RCTTypeSafety\"\ \"-F/Users/vinay/Library/Developer/Xcode/DerivedData/FindFood-ceewejdexqlrirddbceaqvuunhkx/Build/Products/Debug-iphonesimulator/RNCAsyncStorage\"\ \"-F/Users/vinay/Library/Developer/Xcode/DerivedData/FindFood-ceewejdexqlrirddbceaqvuunhkx/Build/Products/Debug-iphonesimulator/RNGestureHandler\"\ \"-F/Users/vinay/Library/Developer/Xcode/DerivedData/FindFood-ceewejdexqlrirddbceaqvuunhkx/Build/Products/Debug-iphonesimulator/RNGoogleSignin\"\ \"-F/Users/vinay/Library/Developer/Xcode/DerivedData/FindFood-ceewejdexqlrirddbceaqvuunhkx/Build/Products/Debug-iphonesimulator/RNSVG\"\ \"-F/Users/vinay/Library/Developer/Xcode/DerivedData/FindFood-ceewejdexqlrirddbceaqvuunhkx/Build/Products/Debug-iphonesimulator/RNScreens\"\ \"-F/Users/vinay/Library/Developer/Xcode/DerivedData/FindFood-ceewejdexqlrirddbceaqvuunhkx/Build/Products/Debug-iphonesimulator/React\"\ \"-F/Users/vinay/Library/Developer/Xcode/DerivedData/FindFood-ceewejdexqlrirddbceaqvuunhkx/Build/Products/Debug-iphonesimulator/React-Core\"\ \"-F/Users/vinay/Library/Developer/Xcode/DerivedData/FindFood-ceewejdexqlrirddbceaqvuunhkx/Build/Products/Debug-iphonesimulator/React-Core-prebuilt\"\ \"-F/Users/vinay/Library/Developer/Xcode/DerivedData/FindFood-ceewejdexqlrirddbceaqvuunhkx/Build/Products/Debug-iphonesimulator/React-CoreModules\"\ \"-F/Users/vinay/Library/Developer/Xcode/DerivedData/FindFood-ceewejdexqlrirddbceaqvuunhkx/Build/Products/Debug-iphonesimulator/React-Fabric\"\ \"-F/Users/vinay/Library/Developer/Xcode/DerivedData/FindFood-ceewejdexqlrirddbceaqvuunhkx/Build/Products/Debug-iphonesimulator/React-FabricComponents\"\ \"-F/Users/vinay/Library/Developer/Xcode/DerivedData/FindFood-ceewejdexqlrirddbceaqvuunhkx/Build/Products/Debug-iphonesimulator/React-FabricImage\"\ \"-F/Users/vinay/Library/Developer/Xcode/DerivedData/FindFood-ceewejdexqlrirddbceaqvuunhkx/Build/Products/Debug-iphonesimulator/React-ImageManager\"\ \"-F/Users/vinay/Library/Developer/Xcode/DerivedData/FindFood-ceewejdexqlrirddbceaqvuunhkx/Build/Products/Debug-iphonesimulator/React-Mapbuffer\"\ \"-F/Users/vinay/Library/Developer/Xcode/DerivedData/FindFood-ceewejdexqlrirddbceaqvuunhkx/Build/Products/Debug-iphonesimulator/React-NativeModulesApple\"\ \"-F/Users/vinay/Library/Developer/Xcode/DerivedData/FindFood-ceewejdexqlrirddbceaqvuunhkx/Build/Products/Debug-iphonesimulator/React-RCTActionSheet\"\ \"-F/Users/vinay/Library/Developer/Xcode/DerivedData/FindFood-ceewejdexqlrirddbceaqvuunhkx/Build/Products/Debug-iphonesimulator/React-RCTAnimation\"\ \"-F/Users/vinay/Library/Developer/Xcode/DerivedData/FindFood-ceewejdexqlrirddbceaqvuunhkx/Build/Products/Debug-iphonesimulator/React-RCTAppDelegate\"\ \"-F/Users/vinay/Library/Developer/Xcode/DerivedData/FindFood-ceewejdexqlrirddbceaqvuunhkx/Build/Products/Debug-iphonesimulator/React-RCTBlob\"\ \"-F/Users/vinay/Library/Developer/Xcode/DerivedData/FindFood-ceewejdexqlrirddbceaqvuunhkx/Build/Products/Debug-iphonesimulator/React-RCTFBReactNativeSpec\"\ \"-F/Users/vinay/Library/Developer/Xcode/DerivedData/FindFood-ceewejdexqlrirddbceaqvuunhkx/Build/Products/Debug-iphonesimulator/React-RCTFabric\"\ \"-F/Users/vinay/Library/Developer/Xcode/DerivedData/FindFood-ceewejdexqlrirddbceaqvuunhkx/Build/Products/Debug-iphonesimulator/React-RCTImage\"\ \"-F/Users/vinay/Library/Developer/Xcode/DerivedData/FindFood-ceewejdexqlrirddbceaqvuunhkx/Build/Products/Debug-iphonesimulator/React-RCTLinking\"\ \"-F/Users/vinay/Library/Developer/Xcode/DerivedData/FindFood-ceewejdexqlrirddbceaqvuunhkx/Build/Products/Debug-iphonesimulator/React-RCTNetwork\"\ \"-F/Users/vinay/Library/Developer/Xcode/DerivedData/FindFood-ceewejdexqlrirddbceaqvuunhkx/Build/Products/Debug-iphonesimulator/React-RCTRuntime\"\ \"-F/Users/vinay/Library/Developer/Xcode/DerivedData/FindFood-ceewejdexqlrirddbceaqvuunhkx/Build/Products/Debug-iphonesimulator/React-RCTSettings\"\ \"-F/Users/vinay/Library/Developer/Xcode/DerivedData/FindFood-ceewejdexqlrirddbceaqvuunhkx/Build/Products/Debug-iphonesimulator/React-RCTText\"\ \"-F/Users/vinay/Library/Developer/Xcode/DerivedData/FindFood-ceewejdexqlrirddbceaqvuunhkx/Build/Products/Debug-iphonesimulator/React-RCTVibration\"\ \"-F/Users/vinay/Library/Developer/Xcode/DerivedData/FindFood-ceewejdexqlrirddbceaqvuunhkx/Build/Products/Debug-iphonesimulator/React-RuntimeApple\"\ \"-F/Users/vinay/Library/Developer/Xcode/DerivedData/FindFood-ceewejdexqlrirddbceaqvuunhkx/Build/Products/Debug-iphonesimulator/React-RuntimeCore\"\ \"-F/Users/vinay/Library/Developer/Xcode/DerivedData/FindFood-ceewejdexqlrirddbceaqvuunhkx/Build/Products/Debug-iphonesimulator/React-RuntimeHermes\"\ \"-F/Users/vinay/Library/Developer/Xcode/DerivedData/FindFood-ceewejdexqlrirddbceaqvuunhkx/Build/Products/Debug-iphonesimulator/React-callinvoker\"\ \"-F/Users/vinay/Library/Developer/Xcode/DerivedData/FindFood-ceewejdexqlrirddbceaqvuunhkx/Build/Products/Debug-iphonesimulator/React-cxxreact\"\ \"-F/Users/vinay/Library/Developer/Xcode/DerivedData/FindFood-ceewejdexqlrirddbceaqvuunhkx/Build/Products/Debug-iphonesimulator/React-debug\"\ \"-F/Users/vinay/Library/Developer/Xcode/DerivedData/FindFood-ceewejdexqlrirddbceaqvuunhkx/Build/Products/Debug-iphonesimulator/React-defaultsnativemodule\"\ \"-F/Users/vinay/Library/Developer/Xcode/DerivedData/FindFood-ceewejdexqlrirddbceaqvuunhkx/Build/Products/Debug-iphonesimulator/React-domnativemodule\"\ \"-F/Users/vinay/Library/Developer/Xcode/DerivedData/FindFood-ceewejdexqlrirddbceaqvuunhkx/Build/Products/Debug-iphonesimulator/React-featureflags\"\ \"-F/Users/vinay/Library/Developer/Xcode/DerivedData/FindFood-ceewejdexqlrirddbceaqvuunhkx/Build/Products/Debug-iphonesimulator/React-featureflagsnativemodule\"\ \"-F/Users/vinay/Library/Developer/Xcode/DerivedData/FindFood-ceewejdexqlrirddbceaqvuunhkx/Build/Products/Debug-iphonesimulator/React-graphics\"\ \"-F/Users/vinay/Library/Developer/Xcode/DerivedData/FindFood-ceewejdexqlrirddbceaqvuunhkx/Build/Products/Debug-iphonesimulator/React-hermes\"\ \"-F/Users/vinay/Library/Developer/Xcode/DerivedData/FindFood-ceewejdexqlrirddbceaqvuunhkx/Build/Products/Debug-iphonesimulator/React-idlecallbacksnativemodule\"\ \"-F/Users/vinay/Library/Developer/Xcode/DerivedData/FindFood-ceewejdexqlrirddbceaqvuunhkx/Build/Products/Debug-iphonesimulator/React-jserrorhandler\"\ \"-F/Users/vinay/Library/Developer/Xcode/DerivedData/FindFood-ceewejdexqlrirddbceaqvuunhkx/Build/Products/Debug-iphonesimulator/React-jsi\"\ \"-F/Users/vinay/Library/Developer/Xcode/DerivedData/FindFood-ceewejdexqlrirddbceaqvuunhkx/Build/Products/Debug-iphonesimulator/React-jsiexecutor\"\ \"-F/Users/vinay/Library/Developer/Xcode/DerivedData/FindFood-ceewejdexqlrirddbceaqvuunhkx/Build/Products/Debug-iphonesimulator/React-jsinspector\"\ \"-F/Users/vinay/Library/Developer/Xcode/DerivedData/FindFood-ceewejdexqlrirddbceaqvuunhkx/Build/Products/Debug-iphonesimulator/React-jsinspectorcdp\"\ \"-F/Users/vinay/Library/Developer/Xcode/DerivedData/FindFood-ceewejdexqlrirddbceaqvuunhkx/Build/Products/Debug-iphonesimulator/React-jsinspectornetwork\"\ \"-F/Users/vinay/Library/Developer/Xcode/DerivedData/FindFood-ceewejdexqlrirddbceaqvuunhkx/Build/Products/Debug-iphonesimulator/React-jsinspectortracing\"\ \"-F/Users/vinay/Library/Developer/Xcode/DerivedData/FindFood-ceewejdexqlrirddbceaqvuunhkx/Build/Products/Debug-iphonesimulator/React-jsitooling\"\ \"-F/Users/vinay/Library/Developer/Xcode/DerivedData/FindFood-ceewejdexqlrirddbceaqvuunhkx/Build/Products/Debug-iphonesimulator/React-jsitracing\"\ \"-F/Users/vinay/Library/Developer/Xcode/DerivedData/FindFood-ceewejdexqlrirddbceaqvuunhkx/Build/Products/Debug-iphonesimulator/React-logger\"\ \"-F/Users/vinay/Library/Developer/Xcode/DerivedData/FindFood-ceewejdexqlrirddbceaqvuunhkx/Build/Products/Debug-iphonesimulator/React-microtasksnativemodule\"\ \"-F/Users/vinay/Library/Developer/Xcode/DerivedData/FindFood-ceewejdexqlrirddbceaqvuunhkx/Build/Products/Debug-iphonesimulator/React-oscompat\"\ \"-F/Users/vinay/Library/Developer/Xcode/DerivedData/FindFood-ceewejdexqlrirddbceaqvuunhkx/Build/Products/Debug-iphonesimulator/React-perflogger\"\ \"-F/Users/vinay/Library/Developer/Xcode/DerivedData/FindFood-ceewejdexqlrirddbceaqvuunhkx/Build/Products/Debug-iphonesimulator/React-performancetimeline\"\ \"-F/Users/vinay/Library/Developer/Xcode/DerivedData/FindFood-ceewejdexqlrirddbceaqvuunhkx/Build/Products/Debug-iphonesimulator/React-rendererconsistency\"\ \"-F/Users/vinay/Library/Developer/Xcode/DerivedData/FindFood-ceewejdexqlrirddbceaqvuunhkx/Build/Products/Debug-iphonesimulator/React-renderercss\"\ \"-F/Users/vinay/Library/Developer/Xcode/DerivedData/FindFood-ceewejdexqlrirddbceaqvuunhkx/Build/Products/Debug-iphonesimulator/React-rendererdebug\"\ \"-F/Users/vinay/Library/Developer/Xcode/DerivedData/FindFood-ceewejdexqlrirddbceaqvuunhkx/Build/Products/Debug-iphonesimulator/React-runtimeexecutor\"\ \"-F/Users/vinay/Library/Developer/Xcode/DerivedData/FindFood-ceewejdexqlrirddbceaqvuunhkx/Build/Products/Debug-iphonesimulator/React-runtimescheduler\"\ \"-F/Users/vinay/Library/Developer/Xcode/DerivedData/FindFood-ceewejdexqlrirddbceaqvuunhkx/Build/Products/Debug-iphonesimulator/React-timing\"\ \"-F/Users/vinay/Library/Developer/Xcode/DerivedData/FindFood-ceewejdexqlrirddbceaqvuunhkx/Build/Products/Debug-iphonesimulator/React-utils\"\ \"-F/Users/vinay/Library/Developer/Xcode/DerivedData/FindFood-ceewejdexqlrirddbceaqvuunhkx/Build/Products/Debug-iphonesimulator/ReactAppDependencyProvider\"\ \"-F/Users/vinay/Library/Developer/Xcode/DerivedData/FindFood-ceewejdexqlrirddbceaqvuunhkx/Build/Products/Debug-iphonesimulator/ReactCodegen\"\ \"-F/Users/vinay/Library/Developer/Xcode/DerivedData/FindFood-ceewejdexqlrirddbceaqvuunhkx/Build/Products/Debug-iphonesimulator/ReactCommon\"\ \"-F/Users/vinay/Library/Developer/Xcode/DerivedData/FindFood-ceewejdexqlrirddbceaqvuunhkx/Build/Products/Debug-iphonesimulator/ReactNativeDependencies\"\ \"-F/Users/vinay/Library/Developer/Xcode/DerivedData/FindFood-ceewejdexqlrirddbceaqvuunhkx/Build/Products/Debug-iphonesimulator/Yoga\"\ \"-F/Users/vinay/Library/Developer/Xcode/DerivedData/FindFood-ceewejdexqlrirddbceaqvuunhkx/Build/Products/Debug-iphonesimulator/expo-dev-client\"\ \"-F/Users/vinay/Library/Developer/Xcode/DerivedData/FindFood-ceewejdexqlrirddbceaqvuunhkx/Build/Products/Debug-iphonesimulator/expo-dev-launcher\"\ \"-F/Users/vinay/Library/Developer/Xcode/DerivedData/FindFood-ceewejdexqlrirddbceaqvuunhkx/Build/Products/Debug-iphonesimulator/expo-dev-menu\"\ \"-F/Users/vinay/Library/Developer/Xcode/DerivedData/FindFood-ceewejdexqlrirddbceaqvuunhkx/Build/Products/Debug-iphonesimulator/expo-dev-menu-interface\"\ \"-F/Users/vinay/Library/Developer/Xcode/DerivedData/FindFood-ceewejdexqlrirddbceaqvuunhkx/Build/Products/Debug-iphonesimulator/hermes-engine\"\ \"-F/Users/vinay/Library/Developer/Xcode/DerivedData/FindFood-ceewejdexqlrirddbceaqvuunhkx/Build/Products/Debug-iphonesimulator/react-native-maps\"\ \"-F/Users/vinay/Library/Developer/Xcode/DerivedData/FindFood-ceewejdexqlrirddbceaqvuunhkx/Build/Products/Debug-iphonesimulator/react-native-safe-area-context\"
    export OTHER_SWIFT_FLAGS\=\ -D\ COCOAPODS\ -Xcc\ -fmodule-map-file\=\"/Users/vinay/Library/Developer/Xcode/DerivedData/FindFood-ceewejdexqlrirddbceaqvuunhkx/Build/Products/Debug-iphonesimulator/EXConstants/EXConstants.modulemap\"\ -Xcc\ -fmodule-map-file\=\"/Users/vinay/Library/Developer/Xcode/DerivedData/FindFood-ceewejdexqlrirddbceaqvuunhkx/Build/Products/Debug-iphonesimulator/EXManifests/EXManifests.modulemap\"\ -Xcc\ -fmodule-map-file\=\"/Users/vinay/Library/Developer/Xcode/DerivedData/FindFood-ceewejdexqlrirddbceaqvuunhkx/Build/Products/Debug-iphonesimulator/EXUpdatesInterface/EXUpdatesInterface.modulemap\"\ -Xcc\ -fmodule-map-file\=\"/Users/vinay/Library/Developer/Xcode/DerivedData/FindFood-ceewejdexqlrirddbceaqvuunhkx/Build/Products/Debug-iphonesimulator/Expo/Expo.modulemap\"\ -Xcc\ -fmodule-map-file\=\"/Users/vinay/Library/Developer/Xcode/DerivedData/FindFood-ceewejdexqlrirddbceaqvuunhkx/Build/Products/Debug-iphonesimulator/ExpoAdapterGoogleSignIn/ExpoAdapterGoogleSignIn.modulemap\"\ -Xcc\ -fmodule-map-file\=\"/Users/vinay/Library/Developer/Xcode/DerivedData/FindFood-ceewejdexqlrirddbceaqvuunhkx/Build/Products/Debug-iphonesimulator/ExpoAsset/ExpoAsset.modulemap\"\ -Xcc\ -fmodule-map-file\=\"/Users/vinay/Library/Developer/Xcode/DerivedData/FindFood-ceewejdexqlrirddbceaqvuunhkx/Build/Products/Debug-iphonesimulator/ExpoFileSystem/ExpoFileSystem.modulemap\"\ -Xcc\ -fmodule-map-file\=\"/Users/vinay/Library/Developer/Xcode/DerivedData/FindFood-ceewejdexqlrirddbceaqvuunhkx/Build/Products/Debug-iphonesimulator/ExpoFont/ExpoFont.modulemap\"\ -Xcc\ -fmodule-map-file\=\"/Users/vinay/Library/Developer/Xcode/DerivedData/FindFood-ceewejdexqlrirddbceaqvuunhkx/Build/Products/Debug-iphonesimulator/ExpoKeepAwake/ExpoKeepAwake.modulemap\"\ -Xcc\ -fmodule-map-file\=\"/Users/vinay/Library/Developer/Xcode/DerivedData/FindFood-ceewejdexqlrirddbceaqvuunhkx/Build/Products/Debug-iphonesimulator/ExpoLocation/ExpoLocation.modulemap\"\ -Xcc\ -fmodule-map-file\=\"/Users/vinay/Library/Developer/Xcode/DerivedData/FindFood-ceewejdexqlrirddbceaqvuunhkx/Build/Products/Debug-iphonesimulator/ExpoModulesCore/ExpoModulesCore.modulemap\"\ -Xcc\ -fmodule-map-file\=\"/Users/vinay/Library/Developer/Xcode/DerivedData/FindFood-ceewejdexqlrirddbceaqvuunhkx/Build/Products/Debug-iphonesimulator/GTMAppAuth/GTMAppAuth.modulemap\"\ -Xcc\ -fmodule-map-file\=\"/Users/vinay/Library/Developer/Xcode/DerivedData/FindFood-ceewejdexqlrirddbceaqvuunhkx/Build/Products/Debug-iphonesimulator/expo-dev-launcher/EXDevLauncher.modulemap\"\ -Xcc\ -fmodule-map-file\=\"/Users/vinay/Library/Developer/Xcode/DerivedData/FindFood-ceewejdexqlrirddbceaqvuunhkx/Build/Products/Debug-iphonesimulator/expo-dev-menu-interface/EXDevMenuInterface.modulemap\"\ -Xcc\ -fmodule-map-file\=\"/Users/vinay/Library/Developer/Xcode/DerivedData/FindFood-ceewejdexqlrirddbceaqvuunhkx/Build/Products/Debug-iphonesimulator/expo-dev-menu/EXDevMenu.modulemap\"\ -Xcc\ -fmodule-map-file\=\"/Users/vinay/Documents/Github/FindFood/FindFood/FindFood-FE/ios/Pods/Headers/Public/AppAuth/AppAuth.modulemap\"\ -Xcc\ -fmodule-map-file\=\"/Users/vinay/Documents/Github/FindFood/FindFood/FindFood-FE/ios/Pods/Headers/Public/EXJSONUtils/EXJSONUtils.modulemap\"\ -Xcc\ -fmodule-map-file\=\"/Users/vinay/Documents/Github/FindFood/FindFood/FindFood-FE/ios/Pods/Headers/Public/FBLPromises/PromisesObjC.modulemap\"\ -Xcc\ -fmodule-map-file\=\"/Users/vinay/Documents/Github/FindFood/FindFood/FindFood-FE/ios/Pods/Headers/Public/GTMSessionFetcher/GTMSessionFetcher.modulemap\"\ -Xcc\ -fmodule-map-file\=\"/Users/vinay/Documents/Github/FindFood/FindFood/FindFood-FE/ios/Pods/Headers/Public/GoogleSignIn/GoogleSignIn.modulemap\"\ -Xcc\ -fmodule-map-file\=\"/Users/vinay/Documents/Github/FindFood/FindFood/FindFood-FE/ios/Pods/Headers/Public/ReactAppDependencyProvider/ReactAppDependencyProvider.modulemap\"\ -Xcc\ -fmodule-map-file\=\"/Users/vinay/Documents/Github/FindFood/FindFood/FindFood-FE/ios/Pods/Headers/Public/ReactCodegen/ReactCodegen.modulemap\"\ -DEX_DEV_MENU_ENABLED\ -D\ EXPO_CONFIGURATION_DEBUG
    export PACKAGE_TYPE\=com.apple.package-type.wrapper.application
    export PASCAL_STRINGS\=YES
    export PATH\=/Applications/Xcode.app/Contents/SharedFrameworks/SwiftBuild.framework/Versions/A/PlugIns/SWBBuildService.bundle/Contents/PlugIns/SWBUniversalPlatformPlugin.bundle/Contents/Frameworks/SWBUniversalPlatform.framework/Resources:/Applications/Xcode.app/Contents/Developer/Toolchains/XcodeDefault.xctoolchain/usr/bin:/Applications/Xcode.app/Contents/Developer/Toolchains/XcodeDefault.xctoolchain/usr/local/bin:/Applications/Xcode.app/Contents/Developer/Toolchains/XcodeDefault.xctoolchain/usr/libexec:/Applications/Xcode.app/Contents/Developer/Platforms/iPhoneSimulator.platform/usr/bin:/Applications/Xcode.app/Contents/Developer/Platforms/iPhoneSimulator.platform/usr/local/bin:/Applications/Xcode.app/Contents/Developer/Platforms/iPhoneSimulator.platform/Developer/usr/bin:/Applications/Xcode.app/Contents/Developer/Platforms/iPhoneSimulator.platform/Developer/usr/local/bin:/Applications/Xcode.app/Contents/Developer/usr/bin:/Applications/Xcode.app/Contents/Developer/usr/local/bin:/Users/vinay/Documents/Github/FindFood/FindFood/FindFood-FE/node_modules/.bin:/Users/vinay/Documents/Github/FindFood/FindFood/node_modules/.bin:/Users/vinay/Documents/Github/FindFood/node_modules/.bin:/Users/vinay/Documents/Github/node_modules/.bin:/Users/vinay/Documents/node_modules/.bin:/Users/vinay/node_modules/.bin:/Users/node_modules/.bin:/node_modules/.bin:/Users/vinay/.nvm/versions/node/v22.20.0/lib/node_modules/npm/node_modules/@npmcli/run-script/lib/node-gyp-bin:/Users/vinay/.rbenv/shims:/Users/vinay/.rbenv/bin:/Users/vinay/.nvm/versions/node/v22.20.0/bin:/usr/local/bin:/System/Cryptexes/App/usr/bin:/usr/bin:/bin:/usr/sbin:/sbin:/var/run/com.apple.security.cryptexd/codex.system/bootstrap/usr/local/bin:/var/run/com.apple.security.cryptexd/codex.system/bootstrap/usr/bin:/var/run/com.apple.security.cryptexd/codex.system/bootstrap/usr/appleinternal/bin:/opt/pmk/env/global/bin:/Library/Apple/usr/bin:/opt/homebrew/bin:/Users/vinay/Library/Application\ Support/Code/User/globalStorage/github.copilot-chat/debugCommand
    export PATH_PREFIXES_EXCLUDED_FROM_HEADER_DEPENDENCIES\=/usr/include\ /usr/local/include\ /System/Library/Frameworks\ /System/Library/PrivateFrameworks\ /Applications/Xcode.app/Contents/Developer/Headers\ /Applications/Xcode.app/Contents/Developer/SDKs\ /Applications/Xcode.app/Contents/Developer/Platforms
    export PBDEVELOPMENTPLIST_PATH\=FindFood.app/pbdevelopment.plist
    export PER_ARCH_MODULE_FILE_DIR\=/Users/vinay/Library/Developer/Xcode/DerivedData/FindFood-ceewejdexqlrirddbceaqvuunhkx/Build/Intermediates.noindex/FindFood.build/Debug-iphonesimulator/FindFood.build/Objects-normal/undefined_arch
    export PER_ARCH_OBJECT_FILE_DIR\=/Users/vinay/Library/Developer/Xcode/DerivedData/FindFood-ceewejdexqlrirddbceaqvuunhkx/Build/Intermediates.noindex/FindFood.build/Debug-iphonesimulator/FindFood.build/Objects-normal/undefined_arch
    export PER_VARIANT_OBJECT_FILE_DIR\=/Users/vinay/Library/Developer/Xcode/DerivedData/FindFood-ceewejdexqlrirddbceaqvuunhkx/Build/Intermediates.noindex/FindFood.build/Debug-iphonesimulator/FindFood.build/Objects-normal
    export PKGINFO_FILE_PATH\=/Users/vinay/Library/Developer/Xcode/DerivedData/FindFood-ceewejdexqlrirddbceaqvuunhkx/Build/Intermediates.noindex/FindFood.build/Debug-iphonesimulator/FindFood.build/PkgInfo
    export PKGINFO_PATH\=FindFood.app/PkgInfo
    export PLATFORM_DEVELOPER_APPLICATIONS_DIR\=/Applications/Xcode.app/Contents/Developer/Platforms/iPhoneSimulator.platform/Developer/Applications
    export PLATFORM_DEVELOPER_BIN_DIR\=/Applications/Xcode.app/Contents/Developer/Platforms/iPhoneSimulator.platform/Developer/usr/bin
    export PLATFORM_DEVELOPER_LIBRARY_DIR\=/Applications/Xcode.app/Contents/Developer/Platforms/iPhoneSimulator.platform/Developer/Library
    export PLATFORM_DEVELOPER_SDK_DIR\=/Applications/Xcode.app/Contents/Developer/Platforms/iPhoneSimulator.platform/Developer/SDKs
    export PLATFORM_DEVELOPER_TOOLS_DIR\=/Applications/Xcode.app/Contents/Developer/Platforms/iPhoneSimulator.platform/Developer/Tools
    export PLATFORM_DEVELOPER_USR_DIR\=/Applications/Xcode.app/Contents/Developer/Platforms/iPhoneSimulator.platform/Developer/usr
    export PLATFORM_DIR\=/Applications/Xcode.app/Contents/Developer/Platforms/iPhoneSimulator.platform
    export PLATFORM_DISPLAY_NAME\=iOS\ Simulator
    export PLATFORM_FAMILY_NAME\=iOS
    export PLATFORM_NAME\=iphonesimulator
    export PLATFORM_PREFERRED_ARCH\=x86_64
    export PLATFORM_PRODUCT_BUILD_VERSION\=23C53
    export PLATFORM_REQUIRES_SWIFT_AUTOLINK_EXTRACT\=NO
    export PLATFORM_REQUIRES_SWIFT_MODULEWRAP\=NO
    export PLIST_FILE_OUTPUT_FORMAT\=binary
    export PLUGINS_FOLDER_PATH\=FindFood.app/PlugIns
    export PODS_BUILD_DIR\=/Users/vinay/Library/Developer/Xcode/DerivedData/FindFood-ceewejdexqlrirddbceaqvuunhkx/Build/Products
    export PODS_CONFIGURATION_BUILD_DIR\=/Users/vinay/Library/Developer/Xcode/DerivedData/FindFood-ceewejdexqlrirddbceaqvuunhkx/Build/Products/Debug-iphonesimulator
    export PODS_PODFILE_DIR_PATH\=/Users/vinay/Documents/Github/FindFood/FindFood/FindFood-FE/ios/.
    export PODS_ROOT\=/Users/vinay/Documents/Github/FindFood/FindFood/FindFood-FE/ios/Pods
    export PODS_XCFRAMEWORKS_BUILD_DIR\=/Users/vinay/Library/Developer/Xcode/DerivedData/FindFood-ceewejdexqlrirddbceaqvuunhkx/Build/Products/Debug-iphonesimulator/XCFrameworkIntermediates
    export PRECOMPS_INCLUDE_HEADERS_FROM_BUILT_PRODUCTS_DIR\=YES
    export PRECOMP_DESTINATION_DIR\=/Users/vinay/Library/Developer/Xcode/DerivedData/FindFood-ceewejdexqlrirddbceaqvuunhkx/Build/Intermediates.noindex/FindFood.build/Debug-iphonesimulator/FindFood.build/PrefixHeaders
    export PRIVATE_HEADERS_FOLDER_PATH\=FindFood.app/PrivateHeaders
    export PROCESSED_INFOPLIST_PATH\=/Users/vinay/Library/Developer/Xcode/DerivedData/FindFood-ceewejdexqlrirddbceaqvuunhkx/Build/Intermediates.noindex/FindFood.build/Debug-iphonesimulator/FindFood.build/Objects-normal/undefined_arch/Processed-Info.plist
    export PRODUCT_BUNDLE_IDENTIFIER\=org.reactjs.native.example.FindFood
    export PRODUCT_BUNDLE_PACKAGE_TYPE\=APPL
    export PRODUCT_MODULE_NAME\=FindFood
    export PRODUCT_NAME\=FindFood
    export PRODUCT_SETTINGS_PATH\=/Users/vinay/Documents/Github/FindFood/FindFood/FindFood-FE/ios/FindFood/Info.plist
    export PRODUCT_TYPE\=com.apple.product-type.application
    export PROFILING_CODE\=NO
    export PROJECT\=FindFood
    export PROJECT_DERIVED_FILE_DIR\=/Users/vinay/Library/Developer/Xcode/DerivedData/FindFood-ceewejdexqlrirddbceaqvuunhkx/Build/Intermediates.noindex/FindFood.build/DerivedSources
    export PROJECT_DIR\=/Users/vinay/Documents/Github/FindFood/FindFood/FindFood-FE/ios
    export PROJECT_FILE_PATH\=/Users/vinay/Documents/Github/FindFood/FindFood/FindFood-FE/ios/FindFood.xcodeproj
    export PROJECT_GUID\=360dfa63a350b5be5ad76782e42e473a
    export PROJECT_NAME\=FindFood
    export PROJECT_TEMP_DIR\=/Users/vinay/Library/Developer/Xcode/DerivedData/FindFood-ceewejdexqlrirddbceaqvuunhkx/Build/Intermediates.noindex/FindFood.build
    export PROJECT_TEMP_ROOT\=/Users/vinay/Library/Developer/Xcode/DerivedData/FindFood-ceewejdexqlrirddbceaqvuunhkx/Build/Intermediates.noindex
    export PROVISIONING_PROFILE_REQUIRED\=NO
    export PROVISIONING_PROFILE_REQUIRED_YES_YES\=YES
    export PROVISIONING_PROFILE_SUPPORTED\=YES
    export PUBLIC_HEADERS_FOLDER_PATH\=FindFood.app/Headers
    export REACT_NATIVE_PATH\=/Users/vinay/Documents/Github/FindFood/FindFood/FindFood-FE/ios/Pods/../../node_modules/react-native
    export RECOMMENDED_IPHONEOS_DEPLOYMENT_TARGET\=15.0
    export RECURSIVE_SEARCH_PATHS_FOLLOW_SYMLINKS\=YES
    export REMOVE_CVS_FROM_RESOURCES\=YES
    export REMOVE_GIT_FROM_RESOURCES\=YES
    export REMOVE_HEADERS_FROM_EMBEDDED_BUNDLES\=YES
    export REMOVE_HG_FROM_RESOURCES\=YES
    export REMOVE_STATIC_EXECUTABLES_FROM_EMBEDDED_BUNDLES\=YES
    export REMOVE_SVN_FROM_RESOURCES\=YES
    export RESCHEDULE_INDEPENDENT_HEADERS_PHASES\=YES
    export REZ_COLLECTOR_DIR\=/Users/vinay/Library/Developer/Xcode/DerivedData/FindFood-ceewejdexqlrirddbceaqvuunhkx/Build/Intermediates.noindex/FindFood.build/Debug-iphonesimulator/FindFood.build/ResourceManagerResources
    export REZ_OBJECTS_DIR\=/Users/vinay/Library/Developer/Xcode/DerivedData/FindFood-ceewejdexqlrirddbceaqvuunhkx/Build/Intermediates.noindex/FindFood.build/Debug-iphonesimulator/FindFood.build/ResourceManagerResources/Objects
    export REZ_SEARCH_PATHS\=/Users/vinay/Library/Developer/Xcode/DerivedData/FindFood-ceewejdexqlrirddbceaqvuunhkx/Build/Products/Debug-iphonesimulator\ 
    export RUNTIME_EXCEPTION_ALLOW_DYLD_ENVIRONMENT_VARIABLES\=NO
    export RUNTIME_EXCEPTION_ALLOW_JIT\=NO
    export RUNTIME_EXCEPTION_ALLOW_UNSIGNED_EXECUTABLE_MEMORY\=NO
    export RUNTIME_EXCEPTION_DEBUGGING_TOOL\=NO
    export RUNTIME_EXCEPTION_DISABLE_EXECUTABLE_PAGE_PROTECTION\=NO
    export RUNTIME_EXCEPTION_DISABLE_LIBRARY_VALIDATION\=NO
    export SCAN_ALL_SOURCE_FILES_FOR_INCLUDES\=NO
    export SCRIPTS_FOLDER_PATH\=FindFood.app/Scripts
    export SCRIPT_INPUT_FILE_0\=/Users/vinay/Documents/Github/FindFood/FindFood/FindFood-FE/ios/.xcode.env
    export SCRIPT_INPUT_FILE_1\=/Users/vinay/Documents/Github/FindFood/FindFood/FindFood-FE/ios/.xcode.env.local
    export SCRIPT_INPUT_FILE_2\=/Users/vinay/Documents/Github/FindFood/FindFood/FindFood-FE/ios/FindFood/FindFood.entitlements
    export SCRIPT_INPUT_FILE_3\=/Users/vinay/Documents/Github/FindFood/FindFood/FindFood-FE/ios/Pods/Target\ Support\ Files/Pods-FindFood/expo-configure-project.sh
    export SCRIPT_INPUT_FILE_COUNT\=4
    export SCRIPT_INPUT_FILE_LIST_COUNT\=0
    export SCRIPT_OUTPUT_FILE_0\=/Users/vinay/Documents/Github/FindFood/FindFood/FindFood-FE/ios/Pods/Target\ Support\ Files/Pods-FindFood/ExpoModulesProvider.swift
    export SCRIPT_OUTPUT_FILE_COUNT\=1
    export SCRIPT_OUTPUT_FILE_LIST_COUNT\=0
    export SDKROOT\=/Applications/Xcode.app/Contents/Developer/Platforms/iPhoneSimulator.platform/Developer/SDKs/iPhoneSimulator26.2.sdk
    export SDK_DIR\=/Applications/Xcode.app/Contents/Developer/Platforms/iPhoneSimulator.platform/Developer/SDKs/iPhoneSimulator26.2.sdk
    export SDK_DIR_iphonesimulator\=/Applications/Xcode.app/Contents/Developer/Platforms/iPhoneSimulator.platform/Developer/SDKs/iPhoneSimulator26.2.sdk
    export SDK_DIR_iphonesimulator26_2\=/Applications/Xcode.app/Contents/Developer/Platforms/iPhoneSimulator.platform/Developer/SDKs/iPhoneSimulator26.2.sdk
    export SDK_NAME\=iphonesimulator26.2
    export SDK_NAMES\=iphonesimulator26.2
    export SDK_PRODUCT_BUILD_VERSION\=23C53
    export SDK_STAT_CACHE_DIR\=/Users/vinay/Library/Developer/Xcode/DerivedData
    export SDK_STAT_CACHE_ENABLE\=YES
    export SDK_STAT_CACHE_PATH\=/Users/vinay/Library/Developer/Xcode/DerivedData/SDKStatCaches.noindex/iphonesimulator26.2-23C53-7d00a8b37fbd7999ea79df8ebc024bf0.sdkstatcache
    export SDK_VERSION\=26.2
    export SDK_VERSION_ACTUAL\=260200
    export SDK_VERSION_MAJOR\=260000
    export SDK_VERSION_MINOR\=260200
    export SED\=/usr/bin/sed
    export SEPARATE_STRIP\=NO
    export SEPARATE_SYMBOL_EDIT\=NO
    export SET_DIR_MODE_OWNER_GROUP\=YES
    export SET_FILE_MODE_OWNER_GROUP\=NO
    export SHALLOW_BUNDLE\=YES
    export SHALLOW_BUNDLE_TRIPLE\=ios-simulator
    export SHALLOW_BUNDLE_ios_macabi\=NO
    export SHALLOW_BUNDLE_macos\=NO
    export SHARED_DERIVED_FILE_DIR\=/Users/vinay/Library/Developer/Xcode/DerivedData/FindFood-ceewejdexqlrirddbceaqvuunhkx/Build/Products/Debug-iphonesimulator/DerivedSources
    export SHARED_FRAMEWORKS_FOLDER_PATH\=FindFood.app/SharedFrameworks
    export SHARED_PRECOMPS_DIR\=/Users/vinay/Library/Developer/Xcode/DerivedData/FindFood-ceewejdexqlrirddbceaqvuunhkx/Build/Intermediates.noindex/PrecompiledHeaders
    export SHARED_SUPPORT_FOLDER_PATH\=FindFood.app/SharedSupport
    export SKIP_INSTALL\=NO
    export SOURCE_ROOT\=/Users/vinay/Documents/Github/FindFood/FindFood/FindFood-FE/ios
    export SRCROOT\=/Users/vinay/Documents/Github/FindFood/FindFood/FindFood-FE/ios
    export STRINGSDATA_DIR\=/Users/vinay/Library/Developer/Xcode/DerivedData/FindFood-ceewejdexqlrirddbceaqvuunhkx/Build/Intermediates.noindex/FindFood.build/Debug-iphonesimulator/FindFood.build/Objects-normal/undefined_arch
    export STRINGSDATA_ROOT\=/Users/vinay/Library/Developer/Xcode/DerivedData/FindFood-ceewejdexqlrirddbceaqvuunhkx/Build/Intermediates.noindex/FindFood.build/Debug-iphonesimulator/FindFood.build
    export STRINGS_FILE_INFOPLIST_RENAME\=YES
    export STRINGS_FILE_OUTPUT_ENCODING\=binary
    export STRING_CATALOG_GENERATE_SYMBOLS\=NO
    export STRIP_BITCODE_FROM_COPIED_FILES\=NO
    export STRIP_INSTALLED_PRODUCT\=NO
    export STRIP_STYLE\=all
    export STRIP_SWIFT_SYMBOLS\=YES
    export SUPPORTED_DEVICE_FAMILIES\=1,2
    export SUPPORTED_PLATFORMS\=iphoneos\ iphonesimulator
    export SUPPORTS_MACCATALYST\=NO
    export SUPPORTS_ON_DEMAND_RESOURCES\=YES
    export SUPPORTS_TEXT_BASED_API\=NO
    export SUPPRESS_WARNINGS\=NO
    export SWIFT_ACTIVE_COMPILATION_CONDITIONS\=\ DEBUG
    export SWIFT_EMIT_CONST_VALUE_PROTOCOLS\=AppIntent\ EntityQuery\ AppEntity\ TransientEntity\ AppEnum\ AppShortcutProviding\ AppShortcutsProvider\ AnyResolverProviding\ AppIntentsPackage\ DynamicOptionsProvider\ _IntentValueRepresentable\ _AssistantIntentsProvider\ _GenerativeFunctionExtractable\ IntentValueQuery\ Resolver\ AppExtension\ ExtensionPointDefining
    export SWIFT_EMIT_LOC_STRINGS\=NO
    export SWIFT_ENABLE_EXPLICIT_MODULES\=NO
    export SWIFT_INCLUDE_PATHS\=/Users/vinay/Library/Developer/Xcode/DerivedData/FindFood-ceewejdexqlrirddbceaqvuunhkx/Build/Products/Debug-iphonesimulator\ \ \"/Users/vinay/Library/Developer/Xcode/DerivedData/FindFood-ceewejdexqlrirddbceaqvuunhkx/Build/Products/Debug-iphonesimulator/EXConstants\"\ \"/Users/vinay/Library/Developer/Xcode/DerivedData/FindFood-ceewejdexqlrirddbceaqvuunhkx/Build/Products/Debug-iphonesimulator/EXManifests\"\ \"/Users/vinay/Library/Developer/Xcode/DerivedData/FindFood-ceewejdexqlrirddbceaqvuunhkx/Build/Products/Debug-iphonesimulator/EXUpdatesInterface\"\ \"/Users/vinay/Library/Developer/Xcode/DerivedData/FindFood-ceewejdexqlrirddbceaqvuunhkx/Build/Products/Debug-iphonesimulator/Expo\"\ \"/Users/vinay/Library/Developer/Xcode/DerivedData/FindFood-ceewejdexqlrirddbceaqvuunhkx/Build/Products/Debug-iphonesimulator/ExpoAdapterGoogleSignIn\"\ \"/Users/vinay/Library/Developer/Xcode/DerivedData/FindFood-ceewejdexqlrirddbceaqvuunhkx/Build/Products/Debug-iphonesimulator/ExpoAsset\"\ \"/Users/vinay/Library/Developer/Xcode/DerivedData/FindFood-ceewejdexqlrirddbceaqvuunhkx/Build/Products/Debug-iphonesimulator/ExpoFileSystem\"\ \"/Users/vinay/Library/Developer/Xcode/DerivedData/FindFood-ceewejdexqlrirddbceaqvuunhkx/Build/Products/Debug-iphonesimulator/ExpoFont\"\ \"/Users/vinay/Library/Developer/Xcode/DerivedData/FindFood-ceewejdexqlrirddbceaqvuunhkx/Build/Products/Debug-iphonesimulator/ExpoKeepAwake\"\ \"/Users/vinay/Library/Developer/Xcode/DerivedData/FindFood-ceewejdexqlrirddbceaqvuunhkx/Build/Products/Debug-iphonesimulator/ExpoLocation\"\ \"/Users/vinay/Library/Developer/Xcode/DerivedData/FindFood-ceewejdexqlrirddbceaqvuunhkx/Build/Products/Debug-iphonesimulator/ExpoModulesCore\"\ \"/Users/vinay/Library/Developer/Xcode/DerivedData/FindFood-ceewejdexqlrirddbceaqvuunhkx/Build/Products/Debug-iphonesimulator/GTMAppAuth\"\ \"/Users/vinay/Library/Developer/Xcode/DerivedData/FindFood-ceewejdexqlrirddbceaqvuunhkx/Build/Products/Debug-iphonesimulator/expo-dev-launcher\"\ \"/Users/vinay/Library/Developer/Xcode/DerivedData/FindFood-ceewejdexqlrirddbceaqvuunhkx/Build/Products/Debug-iphonesimulator/expo-dev-menu\"\ \"/Users/vinay/Library/Developer/Xcode/DerivedData/FindFood-ceewejdexqlrirddbceaqvuunhkx/Build/Products/Debug-iphonesimulator/expo-dev-menu-interface\"
    export SWIFT_OBJC_BRIDGING_HEADER\=FindFood/FindFood-Bridging-Header.h
    export SWIFT_OPTIMIZATION_LEVEL\=-Onone
    export SWIFT_PLATFORM_TARGET_PREFIX\=ios
    export SWIFT_RESPONSE_FILE_PATH_normal_arm64\=/Users/vinay/Library/Developer/Xcode/DerivedData/FindFood-ceewejdexqlrirddbceaqvuunhkx/Build/Intermediates.noindex/FindFood.build/Debug-iphonesimulator/FindFood.build/Objects-normal/arm64/FindFood.SwiftFileList
    export SWIFT_VERSION\=5.0
    export SYMROOT\=/Users/vinay/Library/Developer/Xcode/DerivedData/FindFood-ceewejdexqlrirddbceaqvuunhkx/Build/Products
    export SYSTEM_ADMIN_APPS_DIR\=/Applications/Utilities
    export SYSTEM_APPS_DIR\=/Applications
    export SYSTEM_CORE_SERVICES_DIR\=/System/Library/CoreServices
    export SYSTEM_DEMOS_DIR\=/Applications/Extras
    export SYSTEM_DEVELOPER_APPS_DIR\=/Applications/Xcode.app/Contents/Developer/Applications
    export SYSTEM_DEVELOPER_BIN_DIR\=/Applications/Xcode.app/Contents/Developer/usr/bin
    export SYSTEM_DEVELOPER_DEMOS_DIR\=/Applications/Xcode.app/Contents/Developer/Applications/Utilities/Built\ Examples
    export SYSTEM_DEVELOPER_DIR\=/Applications/Xcode.app/Contents/Developer
    export SYSTEM_DEVELOPER_DOC_DIR\=/Applications/Xcode.app/Contents/Developer/ADC\ Reference\ Library
    export SYSTEM_DEVELOPER_GRAPHICS_TOOLS_DIR\=/Applications/Xcode.app/Contents/Developer/Applications/Graphics\ Tools
    export SYSTEM_DEVELOPER_JAVA_TOOLS_DIR\=/Applications/Xcode.app/Contents/Developer/Applications/Java\ Tools
    export SYSTEM_DEVELOPER_PERFORMANCE_TOOLS_DIR\=/Applications/Xcode.app/Contents/Developer/Applications/Performance\ Tools
    export SYSTEM_DEVELOPER_RELEASENOTES_DIR\=/Applications/Xcode.app/Contents/Developer/ADC\ Reference\ Library/releasenotes
    export SYSTEM_DEVELOPER_TOOLS\=/Applications/Xcode.app/Contents/Developer/Tools
    export SYSTEM_DEVELOPER_TOOLS_DOC_DIR\=/Applications/Xcode.app/Contents/Developer/ADC\ Reference\ Library/documentation/DeveloperTools
    export SYSTEM_DEVELOPER_TOOLS_RELEASENOTES_DIR\=/Applications/Xcode.app/Contents/Developer/ADC\ Reference\ Library/releasenotes/DeveloperTools
    export SYSTEM_DEVELOPER_USR_DIR\=/Applications/Xcode.app/Contents/Developer/usr
    export SYSTEM_DEVELOPER_UTILITIES_DIR\=/Applications/Xcode.app/Contents/Developer/Applications/Utilities
    export SYSTEM_DEXT_INSTALL_PATH\=/System/Library/DriverExtensions
    export SYSTEM_DOCUMENTATION_DIR\=/Library/Documentation
    export SYSTEM_EXTENSIONS_FOLDER_PATH\=FindFood.app/SystemExtensions
    export SYSTEM_EXTENSIONS_FOLDER_PATH_SHALLOW_BUNDLE_NO\=FindFood.app/Library/SystemExtensions
    export SYSTEM_EXTENSIONS_FOLDER_PATH_SHALLOW_BUNDLE_YES\=FindFood.app/SystemExtensions
    export SYSTEM_KEXT_INSTALL_PATH\=/System/Library/Extensions
    export SYSTEM_LIBRARY_DIR\=/System/Library
    export TAPI_DEMANGLE\=YES
    export TAPI_ENABLE_PROJECT_HEADERS\=NO
    export TAPI_LANGUAGE\=objective-c
    export TAPI_LANGUAGE_STANDARD\=compiler-default
    export TAPI_USE_SRCROOT\=YES
    export TAPI_VERIFY_MODE\=Pedantic
    export TARGETED_DEVICE_FAMILY\=1,2
    export TARGETNAME\=FindFood
    export TARGET_BUILD_DIR\=/Users/vinay/Library/Developer/Xcode/DerivedData/FindFood-ceewejdexqlrirddbceaqvuunhkx/Build/Products/Debug-iphonesimulator
    export TARGET_DEVICE_IDENTIFIER\=3C87BD02-CE09-4166-8EA9-2E43247858B8
    export TARGET_DEVICE_MODEL\=iPhone18,1
    export TARGET_DEVICE_OS_VERSION\=26.2
    export TARGET_DEVICE_PLATFORM_NAME\=iphonesimulator
    export TARGET_NAME\=FindFood
    export TARGET_TEMP_DIR\=/Users/vinay/Library/Developer/Xcode/DerivedData/FindFood-ceewejdexqlrirddbceaqvuunhkx/Build/Intermediates.noindex/FindFood.build/Debug-iphonesimulator/FindFood.build
    export TEMP_DIR\=/Users/vinay/Library/Developer/Xcode/DerivedData/FindFood-ceewejdexqlrirddbceaqvuunhkx/Build/Intermediates.noindex/FindFood.build/Debug-iphonesimulator/FindFood.build
    export TEMP_FILES_DIR\=/Users/vinay/Library/Developer/Xcode/DerivedData/FindFood-ceewejdexqlrirddbceaqvuunhkx/Build/Intermediates.noindex/FindFood.build/Debug-iphonesimulator/FindFood.build
    export TEMP_FILE_DIR\=/Users/vinay/Library/Developer/Xcode/DerivedData/FindFood-ceewejdexqlrirddbceaqvuunhkx/Build/Intermediates.noindex/FindFood.build/Debug-iphonesimulator/FindFood.build
    export TEMP_ROOT\=/Users/vinay/Library/Developer/Xcode/DerivedData/FindFood-ceewejdexqlrirddbceaqvuunhkx/Build/Intermediates.noindex
    export TEMP_SANDBOX_DIR\=/Users/vinay/Library/Developer/Xcode/DerivedData/FindFood-ceewejdexqlrirddbceaqvuunhkx/Build/Intermediates.noindex/TemporaryTaskSandboxes
    export TEST_FRAMEWORK_SEARCH_PATHS\=\ /Applications/Xcode.app/Contents/Developer/Platforms/iPhoneSimulator.platform/Developer/Library/Frameworks\ /Applications/Xcode.app/Contents/Developer/Platforms/iPhoneSimulator.platform/Developer/SDKs/iPhoneSimulator26.2.sdk/Developer/Library/Frameworks
    export TEST_LIBRARY_SEARCH_PATHS\=\ /Applications/Xcode.app/Contents/Developer/Platforms/iPhoneSimulator.platform/Developer/usr/lib
    export TOOLCHAINS\=com.apple.dt.toolchain.XcodeDefault
    export TOOLCHAIN_DIR\=/Applications/Xcode.app/Contents/Developer/Toolchains/XcodeDefault.xctoolchain
    export TREAT_MISSING_BASELINES_AS_TEST_FAILURES\=NO
    export TREAT_MISSING_SCRIPT_PHASE_OUTPUTS_AS_ERRORS\=NO
    export TeamIdentifierPrefix\=FAKETEAMID.
    export UID\=501
    export UNINSTALLED_PRODUCTS_DIR\=/Users/vinay/Library/Developer/Xcode/DerivedData/FindFood-ceewejdexqlrirddbceaqvuunhkx/Build/Intermediates.noindex/UninstalledProducts
    export UNLOCALIZED_RESOURCES_FOLDER_PATH\=FindFood.app
    export UNLOCALIZED_RESOURCES_FOLDER_PATH_SHALLOW_BUNDLE_NO\=FindFood.app/Resources
    export UNLOCALIZED_RESOURCES_FOLDER_PATH_SHALLOW_BUNDLE_YES\=FindFood.app
    export UNSTRIPPED_PRODUCT\=NO
    export USER\=vinay
    export USER_APPS_DIR\=/Users/vinay/Applications
    export USER_LIBRARY_DIR\=/Users/vinay/Library
    export USE_DYNAMIC_NO_PIC\=YES
    export USE_HEADERMAP\=YES
    export USE_HEADER_SYMLINKS\=NO
    export USE_HERMES\=true
    export USE_RECURSIVE_SCRIPT_INPUTS_IN_SCRIPT_PHASES\=YES
    export VALIDATE_DEVELOPMENT_ASSET_PATHS\=YES_ERROR
    export VALIDATE_PRODUCT\=NO
    export VALID_ARCHS\=arm64\ x86_64
    export VERBOSE_PBXCP\=NO
    export VERSIONING_SYSTEM\=apple-generic
    export VERSIONPLIST_PATH\=FindFood.app/version.plist
    export VERSION_INFO_BUILDER\=vinay
    export VERSION_INFO_FILE\=FindFood_vers.c
    export VERSION_INFO_STRING\=\"@\(\#\)PROGRAM:FindFood\ \ PROJECT:FindFood-1\"
    export WARNING_CFLAGS\=-Wno-comma\ -Wno-shorten-64-to-32
    export WORKSPACE_DIR\=/Users/vinay/Documents/Github/FindFood/FindFood/FindFood-FE/ios
    export WRAPPER_EXTENSION\=app
    export WRAPPER_NAME\=FindFood.app
    export WRAPPER_SUFFIX\=.app
    export WRAP_ASSET_PACKS_IN_SEPARATE_DIRECTORIES\=NO
    export XCODE_APP_SUPPORT_DIR\=/Applications/Xcode.app/Contents/Developer/Library/Xcode
    export XCODE_PRODUCT_BUILD_VERSION\=17C52
    export XCODE_VERSION_ACTUAL\=2620
    export XCODE_VERSION_MAJOR\=2600
    export XCODE_VERSION_MINOR\=2620
    export XPCSERVICES_FOLDER_PATH\=FindFood.app/XPCServices
    export YACC\=yacc
    export _DISCOVER_COMMAND_LINE_LINKER_INPUTS\=YES
    export _DISCOVER_COMMAND_LINE_LINKER_INPUTS_INCLUDE_WL\=YES
    export _LD_MULTIARCH\=YES
    export _WRAPPER_CONTENTS_DIR_SHALLOW_BUNDLE_NO\=/Contents
    export _WRAPPER_PARENT_PATH_SHALLOW_BUNDLE_NO\=/..
    export _WRAPPER_RESOURCES_DIR_SHALLOW_BUNDLE_NO\=/Resources
    export __DIAGNOSE_DEPRECATED_ARCHS\=YES
    export __IS_NOT_MACOS\=YES
    export __IS_NOT_MACOS_macosx\=NO
    export __IS_NOT_SIMULATOR\=NO
    export __IS_NOT_SIMULATOR_simulator\=NO
    export arch\=undefined_arch
    export variant\=normal
    /bin/sh -c /Users/vinay/Library/Developer/Xcode/DerivedData/FindFood-ceewejdexqlrirddbceaqvuunhkx/Build/Intermediates.noindex/FindFood.build/Debug-iphonesimulator/FindFood.build/Script-A2A888E09F96C18A3221DA20.sh
Node found at: /Users/vinay/.nvm/versions/node/v22.20.0/bin/node

SwiftDriver FindFood normal arm64 com.apple.xcode.tools.swift.compiler (in target 'FindFood' from project 'FindFood')
    cd /Users/vinay/Documents/Github/FindFood/FindFood/FindFood-FE/ios
    builtin-SwiftDriver -- /Applications/Xcode.app/Contents/Developer/Toolchains/XcodeDefault.xctoolchain/usr/bin/swiftc -module-name FindFood -Onone -enforce-exclusivity\=checked @/Users/vinay/Library/Developer/Xcode/DerivedData/FindFood-ceewejdexqlrirddbceaqvuunhkx/Build/Intermediates.noindex/FindFood.build/Debug-iphonesimulator/FindFood.build/Objects-normal/arm64/FindFood.SwiftFileList -DDEBUG -D COCOAPODS -Xcc -fmodule-map-file\=/Users/vinay/Library/Developer/Xcode/DerivedData/FindFood-ceewejdexqlrirddbceaqvuunhkx/Build/Products/Debug-iphonesimulator/EXConstants/EXConstants.modulemap -Xcc -fmodule-map-file\=/Users/vinay/Library/Developer/Xcode/DerivedData/FindFood-ceewejdexqlrirddbceaqvuunhkx/Build/Products/Debug-iphonesimulator/EXManifests/EXManifests.modulemap -Xcc -fmodule-map-file\=/Users/vinay/Library/Developer/Xcode/DerivedData/FindFood-ceewejdexqlrirddbceaqvuunhkx/Build/Products/Debug-iphonesimulator/EXUpdatesInterface/EXUpdatesInterface.modulemap -Xcc -fmodule-map-file\=/Users/vinay/Library/Developer/Xcode/DerivedData/FindFood-ceewejdexqlrirddbceaqvuunhkx/Build/Products/Debug-iphonesimulator/Expo/Expo.modulemap -Xcc -fmodule-map-file\=/Users/vinay/Library/Developer/Xcode/DerivedData/FindFood-ceewejdexqlrirddbceaqvuunhkx/Build/Products/Debug-iphonesimulator/ExpoAdapterGoogleSignIn/ExpoAdapterGoogleSignIn.modulemap -Xcc -fmodule-map-file\=/Users/vinay/Library/Developer/Xcode/DerivedData/FindFood-ceewejdexqlrirddbceaqvuunhkx/Build/Products/Debug-iphonesimulator/ExpoAsset/ExpoAsset.modulemap -Xcc -fmodule-map-file\=/Users/vinay/Library/Developer/Xcode/DerivedData/FindFood-ceewejdexqlrirddbceaqvuunhkx/Build/Products/Debug-iphonesimulator/ExpoFileSystem/ExpoFileSystem.modulemap -Xcc -fmodule-map-file\=/Users/vinay/Library/Developer/Xcode/DerivedData/FindFood-ceewejdexqlrirddbceaqvuunhkx/Build/Products/Debug-iphonesimulator/ExpoFont/ExpoFont.modulemap -Xcc -fmodule-map-file\=/Users/vinay/Library/Developer/Xcode/DerivedData/FindFood-ceewejdexqlrirddbceaqvuunhkx/Build/Products/Debug-iphonesimulator/ExpoKeepAwake/ExpoKeepAwake.modulemap -Xcc -fmodule-map-file\=/Users/vinay/Library/Developer/Xcode/DerivedData/FindFood-ceewejdexqlrirddbceaqvuunhkx/Build/Products/Debug-iphonesimulator/ExpoLocation/ExpoLocation.modulemap -Xcc -fmodule-map-file\=/Users/vinay/Library/Developer/Xcode/DerivedData/FindFood-ceewejdexqlrirddbceaqvuunhkx/Build/Products/Debug-iphonesimulator/ExpoModulesCore/ExpoModulesCore.modulemap -Xcc -fmodule-map-file\=/Users/vinay/Library/Developer/Xcode/DerivedData/FindFood-ceewejdexqlrirddbceaqvuunhkx/Build/Products/Debug-iphonesimulator/GTMAppAuth/GTMAppAuth.modulemap -Xcc -fmodule-map-file\=/Users/vinay/Library/Developer/Xcode/DerivedData/FindFood-ceewejdexqlrirddbceaqvuunhkx/Build/Products/Debug-iphonesimulator/expo-dev-launcher/EXDevLauncher.modulemap -Xcc -fmodule-map-file\=/Users/vinay/Library/Developer/Xcode/DerivedData/FindFood-ceewejdexqlrirddbceaqvuunhkx/Build/Products/Debug-iphonesimulator/expo-dev-menu-interface/EXDevMenuInterface.modulemap -Xcc -fmodule-map-file\=/Users/vinay/Library/Developer/Xcode/DerivedData/FindFood-ceewejdexqlrirddbceaqvuunhkx/Build/Products/Debug-iphonesimulator/expo-dev-menu/EXDevMenu.modulemap -Xcc -fmodule-map-file\=/Users/vinay/Documents/Github/FindFood/FindFood/FindFood-FE/ios/Pods/Headers/Public/AppAuth/AppAuth.modulemap -Xcc -fmodule-map-file\=/Users/vinay/Documents/Github/FindFood/FindFood/FindFood-FE/ios/Pods/Headers/Public/EXJSONUtils/EXJSONUtils.modulemap -Xcc -fmodule-map-file\=/Users/vinay/Documents/Github/FindFood/FindFood/FindFood-FE/ios/Pods/Headers/Public/FBLPromises/PromisesObjC.modulemap -Xcc -fmodule-map-file\=/Users/vinay/Documents/Github/FindFood/FindFood/FindFood-FE/ios/Pods/Headers/Public/GTMSessionFetcher/GTMSessionFetcher.modulemap -Xcc -fmodule-map-file\=/Users/vinay/Documents/Github/FindFood/FindFood/FindFood-FE/ios/Pods/Headers/Public/GoogleSignIn/GoogleSignIn.modulemap -Xcc -fmodule-map-file\=/Users/vinay/Documents/Github/FindFood/FindFood/FindFood-FE/ios/Pods/Headers/Public/ReactAppDependencyProvider/ReactAppDependencyProvider.modulemap -Xcc -fmodule-map-file\=/Users/vinay/Documents/Github/FindFood/FindFood/FindFood-FE/ios/Pods/Headers/Public/ReactCodegen/ReactCodegen.modulemap -DEX_DEV_MENU_ENABLED -D EXPO_CONFIGURATION_DEBUG -enable-bare-slash-regex -enable-experimental-feature DebugDescriptionMacro -sdk /Applications/Xcode.app/Contents/Developer/Platforms/iPhoneSimulator.platform/Developer/SDKs/iPhoneSimulator26.2.sdk -target arm64-apple-ios15.1-simulator -g -module-cache-path /Users/vinay/Library/Developer/Xcode/DerivedData/ModuleCache.noindex -Xfrontend -serialize-debugging-options -enable-testing -index-store-path /Users/vinay/Library/Developer/Xcode/DerivedData/FindFood-ceewejdexqlrirddbceaqvuunhkx/Index.noindex/DataStore -Xcc -D_LIBCPP_HARDENING_MODE\=_LIBCPP_HARDENING_MODE_DEBUG -swift-version 5 -I /Users/vinay/Library/Developer/Xcode/DerivedData/FindFood-ceewejdexqlrirddbceaqvuunhkx/Build/Products/Debug-iphonesimulator -I /Users/vinay/Library/Developer/Xcode/DerivedData/FindFood-ceewejdexqlrirddbceaqvuunhkx/Build/Products/Debug-iphonesimulator/EXConstants -I /Users/vinay/Library/Developer/Xcode/DerivedData/FindFood-ceewejdexqlrirddbceaqvuunhkx/Build/Products/Debug-iphonesimulator/EXManifests -I /Users/vinay/Library/Developer/Xcode/DerivedData/FindFood-ceewejdexqlrirddbceaqvuunhkx/Build/Products/Debug-iphonesimulator/EXUpdatesInterface -I /Users/vinay/Library/Developer/Xcode/DerivedData/FindFood-ceewejdexqlrirddbceaqvuunhkx/Build/Products/Debug-iphonesimulator/Expo -I /Users/vinay/Library/Developer/Xcode/DerivedData/FindFood-ceewejdexqlrirddbceaqvuunhkx/Build/Products/Debug-iphonesimulator/ExpoAdapterGoogleSignIn -I /Users/vinay/Library/Developer/Xcode/DerivedData/FindFood-ceewejdexqlrirddbceaqvuunhkx/Build/Products/Debug-iphonesimulator/ExpoAsset -I /Users/vinay/Library/Developer/Xcode/DerivedData/FindFood-ceewejdexqlrirddbceaqvuunhkx/Build/Products/Debug-iphonesimulator/ExpoFileSystem -I /Users/vinay/Library/Developer/Xcode/DerivedData/FindFood-ceewejdexqlrirddbceaqvuunhkx/Build/Products/Debug-iphonesimulator/ExpoFont -I /Users/vinay/Library/Developer/Xcode/DerivedData/FindFood-ceewejdexqlrirddbceaqvuunhkx/Build/Products/Debug-iphonesimulator/ExpoKeepAwake -I /Users/vinay/Library/Developer/Xcode/DerivedData/FindFood-ceewejdexqlrirddbceaqvuunhkx/Build/Products/Debug-iphonesimulator/ExpoLocation -I /Users/vinay/Library/Developer/Xcode/DerivedData/FindFood-ceewejdexqlrirddbceaqvuunhkx/Build/Products/Debug-iphonesimulator/ExpoModulesCore -I /Users/vinay/Library/Developer/Xcode/DerivedData/FindFood-ceewejdexqlrirddbceaqvuunhkx/Build/Products/Debug-iphonesimulator/GTMAppAuth -I /Users/vinay/Library/Developer/Xcode/DerivedData/FindFood-ceewejdexqlrirddbceaqvuunhkx/Build/Products/Debug-iphonesimulator/expo-dev-launcher -I /Users/vinay/Library/Developer/Xcode/DerivedData/FindFood-ceewejdexqlrirddbceaqvuunhkx/Build/Products/Debug-iphonesimulator/expo-dev-menu -I /Users/vinay/Library/Developer/Xcode/DerivedData/FindFood-ceewejdexqlrirddbceaqvuunhkx/Build/Products/Debug-iphonesimulator/expo-dev-menu-interface -F /Users/vinay/Library/Developer/Xcode/DerivedData/FindFood-ceewejdexqlrirddbceaqvuunhkx/Build/Products/Debug-iphonesimulator -F /Users/vinay/Documents/Github/FindFood/FindFood/FindFood-FE/ios/Pods/React-Core-prebuilt -F /Users/vinay/Documents/Github/FindFood/FindFood/FindFood-FE/ios/Pods/ReactNativeDependencies/framework/packages/react-native -F /Users/vinay/Documents/Github/FindFood/FindFood/FindFood-FE/ios/Pods/hermes-engine/destroot/Library/Frameworks/universal -F /Users/vinay/Library/Developer/Xcode/DerivedData/FindFood-ceewejdexqlrirddbceaqvuunhkx/Build/Products/Debug-iphonesimulator/XCFrameworkIntermediates/React-Core-prebuilt -F /Users/vinay/Library/Developer/Xcode/DerivedData/FindFood-ceewejdexqlrirddbceaqvuunhkx/Build/Products/Debug-iphonesimulator/XCFrameworkIntermediates/ReactNativeDependencies -F /Users/vinay/Library/Developer/Xcode/DerivedData/FindFood-ceewejdexqlrirddbceaqvuunhkx/Build/Products/Debug-iphonesimulator/XCFrameworkIntermediates/hermes-engine/Pre-built -c -j10 -enable-batch-mode -incremental -Xcc -ivfsstatcache -Xcc /Users/vinay/Library/Developer/Xcode/DerivedData/SDKStatCaches.noindex/iphonesimulator26.2-23C53-7d00a8b37fbd7999ea79df8ebc024bf0.sdkstatcache -output-file-map /Users/vinay/Library/Developer/Xcode/DerivedData/FindFood-ceewejdexqlrirddbceaqvuunhkx/Build/Intermediates.noindex/FindFood.build/Debug-iphonesimulator/FindFood.build/Objects-normal/arm64/FindFood-OutputFileMap.json -use-frontend-parseable-output -save-temps -no-color-diagnostics -serialize-diagnostics -emit-dependencies -emit-module -emit-module-path /Users/vinay/Library/Developer/Xcode/DerivedData/FindFood-ceewejdexqlrirddbceaqvuunhkx/Build/Intermediates.noindex/FindFood.build/Debug-iphonesimulator/FindFood.build/Objects-normal/arm64/FindFood.swiftmodule -validate-clang-modules-once -clang-build-session-file /Users/vinay/Library/Developer/Xcode/DerivedData/ModuleCache.noindex/Session.modulevalidation -Xcc -I/Users/vinay/Library/Developer/Xcode/DerivedData/FindFood-ceewejdexqlrirddbceaqvuunhkx/Build/Intermediates.noindex/FindFood.build/Debug-iphonesimulator/FindFood.build/swift-overrides.hmap -emit-const-values -Xfrontend -const-gather-protocols-file -Xfrontend /Users/vinay/Library/Developer/Xcode/DerivedData/FindFood-ceewejdexqlrirddbceaqvuunhkx/Build/Intermediates.noindex/FindFood.build/Debug-iphonesimulator/FindFood.build/Objects-normal/arm64/FindFood_const_extract_protocols.json -Xcc -iquote -Xcc /Users/vinay/Library/Developer/Xcode/DerivedData/FindFood-ceewejdexqlrirddbceaqvuunhkx/Build/Intermediates.noindex/FindFood.build/Debug-iphonesimulator/FindFood.build/FindFood-generated-files.hmap -Xcc -I/Users/vinay/Library/Developer/Xcode/DerivedData/FindFood-ceewejdexqlrirddbceaqvuunhkx/Build/Intermediates.noindex/FindFood.build/Debug-iphonesimulator/FindFood.build/FindFood-own-target-headers.hmap -Xcc -I/Users/vinay/Library/Developer/Xcode/DerivedData/FindFood-ceewejdexqlrirddbceaqvuunhkx/Build/Intermediates.noindex/FindFood.build/Debug-iphonesimulator/FindFood.build/FindFood-all-non-framework-target-headers.hmap -Xcc -ivfsoverlay -Xcc /Users/vinay/Library/Developer/Xcode/DerivedData/FindFood-ceewejdexqlrirddbceaqvuunhkx/Build/Intermediates.noindex/FindFood.build/Debug-iphonesimulator/FindFood-360dfa63a350b5be5ad76782e42e473a-VFS-iphonesimulator/all-product-headers.yaml -Xcc -iquote -Xcc /Users/vinay/Library/Developer/Xcode/DerivedData/FindFood-ceewejdexqlrirddbceaqvuunhkx/Build/Intermediates.noindex/FindFood.build/Debug-iphonesimulator/FindFood.build/FindFood-project-headers.hmap -Xcc -I/Users/vinay/Library/Developer/Xcode/DerivedData/FindFood-ceewejdexqlrirddbceaqvuunhkx/Build/Products/Debug-iphonesimulator/include -Xcc -I/Users/vinay/Documents/Github/FindFood/FindFood/FindFood-FE/ios/Pods/Headers/Public -Xcc -I/Users/vinay/Documents/Github/FindFood/FindFood/FindFood-FE/ios/Pods/Headers/Public/AppAuth -Xcc -I/Users/vinay/Documents/Github/FindFood/FindFood/FindFood-FE/ios/Pods/Headers/Public/AppCheckCore -Xcc -I/Users/vinay/Documents/Github/FindFood/FindFood/FindFood-FE/ios/Pods/Headers/Public/EXConstants -Xcc -I/Users/vinay/Documents/Github/FindFood/FindFood/FindFood-FE/ios/Pods/Headers/Public/EXJSONUtils -Xcc -I/Users/vinay/Documents/Github/FindFood/FindFood/FindFood-FE/ios/Pods/Headers/Public/Expo -Xcc -I/Users/vinay/Documents/Github/FindFood/FindFood/FindFood-FE/ios/Pods/Headers/Public/ExpoFileSystem -Xcc -I/Users/vinay/Documents/Github/FindFood/FindFood/FindFood-FE/ios/Pods/Headers/Public/ExpoLocation -Xcc -I/Users/vinay/Documents/Github/FindFood/FindFood/FindFood-FE/ios/Pods/Headers/Public/ExpoModulesCore -Xcc -I/Users/vinay/Documents/Github/FindFood/FindFood/FindFood-FE/ios/Pods/Headers/Public/FBLazyVector -Xcc -I/Users/vinay/Documents/Github/FindFood/FindFood/FindFood-FE/ios/Pods/Headers/Public/GTMSessionFetcher -Xcc -I/Users/vinay/Documents/Github/FindFood/FindFood/FindFood-FE/ios/Pods/Headers/Public/GoogleSignIn -Xcc -I/Users/vinay/Documents/Github/FindFood/FindFood/FindFood-FE/ios/Pods/Headers/Public/GoogleUtilities -Xcc -I/Users/vinay/Documents/Github/FindFood/FindFood/FindFood-FE/ios/Pods/Headers/Public/PromisesObjC -Xcc -I/Users/vinay/Documents/Github/FindFood/FindFood/FindFood-FE/ios/Pods/Headers/Public/RCTDeprecation -Xcc -I/Users/vinay/Documents/Github/FindFood/FindFood/FindFood-FE/ios/Pods/Headers/Public/RCTRequired -Xcc -I/Users/vinay/Documents/Github/FindFood/FindFood/FindFood-FE/ios/Pods/Headers/Public/RCTTypeSafety -Xcc -I/Users/vinay/Documents/Github/FindFood/FindFood/FindFood-FE/ios/Pods/Headers/Public/RNCAsyncStorage -Xcc -I/Users/vinay/Documents/Github/FindFood/FindFood/FindFood-FE/ios/Pods/Headers/Public/RNGestureHandler -Xcc -I/Users/vinay/Documents/Github/FindFood/FindFood/FindFood-FE/ios/Pods/Headers/Public/RNGoogleSignin -Xcc -I/Users/vinay/Documents/Github/FindFood/FindFood/FindFood-FE/ios/Pods/Headers/Public/RNSVG -Xcc -I/Users/vinay/Documents/Github/FindFood/FindFood/FindFood-FE/ios/Pods/Headers/Public/RNScreens -Xcc -I/Users/vinay/Documents/Github/FindFood/FindFood/FindFood-FE/ios/Pods/Headers/Public/React-Core -Xcc -I/Users/vinay/Documents/Github/FindFood/FindFood/FindFood-FE/ios/Pods/Headers/Public/React-Core-prebuilt -Xcc -I/Users/vinay/Documents/Github/FindFood/FindFood/FindFood-FE/ios/Pods/Headers/Public/React-CoreModules -Xcc -I/Users/vinay/Documents/Github/FindFood/FindFood/FindFood-FE/ios/Pods/Headers/Public/React-Fabric -Xcc -I/Users/vinay/Documents/Github/FindFood/FindFood/FindFood-FE/ios/Pods/Headers/Public/React-FabricComponents -Xcc -I/Users/vinay/Documents/Github/FindFood/FindFood/FindFood-FE/ios/Pods/Headers/Public/React-FabricImage -Xcc -I/Users/vinay/Documents/Github/FindFood/FindFood/FindFood-FE/ios/Pods/Headers/Public/React-ImageManager -Xcc -I/Users/vinay/Documents/Github/FindFood/FindFood/FindFood-FE/ios/Pods/Headers/Public/React-Mapbuffer -Xcc -I/Users/vinay/Documents/Github/FindFood/FindFood/FindFood-FE/ios/Pods/Headers/Public/React-NativeModulesApple -Xcc -I/Users/vinay/Documents/Github/FindFood/FindFood/FindFood-FE/ios/Pods/Headers/Public/React-RCTAnimation -Xcc -I/Users/vinay/Documents/Github/FindFood/FindFood/FindFood-FE/ios/Pods/Headers/Public/React-RCTAppDelegate -Xcc -I/Users/vinay/Documents/Github/FindFood/FindFood/FindFood-FE/ios/Pods/Headers/Public/React-RCTBlob -Xcc -I/Users/vinay/Documents/Github/FindFood/FindFood/FindFood-FE/ios/Pods/Headers/Public/React-RCTFBReactNativeSpec -Xcc -I/Users/vinay/Documents/Github/FindFood/FindFood/FindFood-FE/ios/Pods/Headers/Public/React-RCTFabric -Xcc -I/Users/vinay/Documents/Github/FindFood/FindFood/FindFood-FE/ios/Pods/Headers/Public/React-RCTImage -Xcc -I/Users/vinay/Documents/Github/FindFood/FindFood/FindFood-FE/ios/Pods/Headers/Public/React-RCTRuntime -Xcc -I/Users/vinay/Documents/Github/FindFood/FindFood/FindFood-FE/ios/Pods/Headers/Public/React-RCTSettings -Xcc -I/Users/vinay/Documents/Github/FindFood/FindFood/FindFood-FE/ios/Pods/Headers/Public/React-RCTText -Xcc -I/Users/vinay/Documents/Github/FindFood/FindFood/FindFood-FE/ios/Pods/Headers/Public/React-RCTVibration -Xcc -I/Users/vinay/Documents/Github/FindFood/FindFood/FindFood-FE/ios/Pods/Headers/Public/React-RuntimeApple -Xcc -I/Users/vinay/Documents/Github/FindFood/FindFood/FindFood-FE/ios/Pods/Headers/Public/React-RuntimeCore -Xcc -I/Users/vinay/Documents/Github/FindFood/FindFood/FindFood-FE/ios/Pods/Headers/Public/React-RuntimeHermes -Xcc -I/Users/vinay/Documents/Github/FindFood/FindFood/FindFood-FE/ios/Pods/Headers/Public/React-callinvoker -Xcc -I/Users/vinay/Documents/Github/FindFood/FindFood/FindFood-FE/ios/Pods/Headers/Public/React-cxxreact -Xcc -I/Users/vinay/Documents/Github/FindFood/FindFood/FindFood-FE/ios/Pods/Headers/Public/React-debug -Xcc -I/Users/vinay/Documents/Github/FindFood/FindFood/FindFood-FE/ios/Pods/Headers/Public/React-defaultsnativemodule -Xcc -I/Users/vinay/Documents/Github/FindFood/FindFood/FindFood-FE/ios/Pods/Headers/Public/React-domnativemodule -Xcc -I/Users/vinay/Documents/Github/FindFood/FindFood/FindFood-FE/ios/Pods/Headers/Public/React-featureflags -Xcc -I/Users/vinay/Documents/Github/FindFood/FindFood/FindFood-FE/ios/Pods/Headers/Public/React-featureflagsnativemodule -Xcc -I/Users/vinay/Documents/Github/FindFood/FindFood/FindFood-FE/ios/Pods/Headers/Public/React-graphics -Xcc -I/Users/vinay/Documents/Github/FindFood/FindFood/FindFood-FE/ios/Pods/Headers/Public/React-hermes -Xcc -I/Users/vinay/Documents/Github/FindFood/FindFood/FindFood-FE/ios/Pods/Headers/Public/React-idlecallbacksnativemodule -Xcc -I/Users/vinay/Documents/Github/FindFood/FindFood/FindFood-FE/ios/Pods/Headers/Public/React-jserrorhandler -Xcc -I/Users/vinay/Documents/Github/FindFood/FindFood/FindFood-FE/ios/Pods/Headers/Public/React-jsi -Xcc -I/Users/vinay/Documents/Github/FindFood/FindFood/FindFood-FE/ios/Pods/Headers/Public/React-jsiexecutor -Xcc -I/Users/vinay/Documents/Github/FindFood/FindFood/FindFood-FE/ios/Pods/Headers/Public/React-jsinspector -Xcc -I/Users/vinay/Documents/Github/FindFood/FindFood/FindFood-FE/ios/Pods/Headers/Public/React-jsinspectorcdp -Xcc -I/Users/vinay/Documents/Github/FindFood/FindFood/FindFood-FE/ios/Pods/Headers/Public/React-jsinspectornetwork -Xcc -I/Users/vinay/Documents/Github/FindFood/FindFood/FindFood-FE/ios/Pods/Headers/Public/React-jsinspectortracing -Xcc -I/Users/vinay/Documents/Github/FindFood/FindFood/FindFood-FE/ios/Pods/Headers/Public/React-jsitooling -Xcc -I/Users/vinay/Documents/Github/FindFood/FindFood/FindFood-FE/ios/Pods/Headers/Public/React-logger -Xcc -I/Users/vinay/Documents/Github/FindFood/FindFood/FindFood-FE/ios/Pods/Headers/Public/React-microtasksnativemodule -Xcc -I/Users/vinay/Documents/Github/FindFood/FindFood/FindFood-FE/ios/Pods/Headers/Public/React-oscompat -Xcc -I/Users/vinay/Documents/Github/FindFood/FindFood/FindFood-FE/ios/Pods/Headers/Public/React-perflogger -Xcc -I/Users/vinay/Documents/Github/FindFood/FindFood/FindFood-FE/ios/Pods/Headers/Public/React-performancetimeline -Xcc -I/Users/vinay/Documents/Github/FindFood/FindFood/FindFood-FE/ios/Pods/Headers/Public/React-rendererconsistency -Xcc -I/Users/vinay/Documents/Github/FindFood/FindFood/FindFood-FE/ios/Pods/Headers/Public/React-renderercss -Xcc -I/Users/vinay/Documents/Github/FindFood/FindFood/FindFood-FE/ios/Pods/Headers/Public/React-rendererdebug -Xcc -I/Users/vinay/Documents/Github/FindFood/FindFood/FindFood-FE/ios/Pods/Headers/Public/React-runtimeexecutor -Xcc -I/Users/vinay/Documents/Github/FindFood/FindFood/FindFood-FE/ios/Pods/Headers/Public/React-runtimescheduler -Xcc -I/Users/vinay/Documents/Github/FindFood/FindFood/FindFood-FE/ios/Pods/Headers/Public/React-timing -Xcc -I/Users/vinay/Documents/Github/FindFood/FindFood/FindFood-FE/ios/Pods/Headers/Public/React-utils -Xcc -I/Users/vinay/Documents/Github/FindFood/FindFood/FindFood-FE/ios/Pods/Headers/Public/ReactAppDependencyProvider -Xcc -I/Users/vinay/Documents/Github/FindFood/FindFood/FindFood-FE/ios/Pods/Headers/Public/ReactCodegen -Xcc -I/Users/vinay/Documents/Github/FindFood/FindFood/FindFood-FE/ios/Pods/Headers/Public/ReactCommon -Xcc -I/Users/vinay/Documents/Github/FindFood/FindFood/FindFood-FE/ios/Pods/Headers/Public/ReactNativeDependencies -Xcc -I/Users/vinay/Documents/Github/FindFood/FindFood/FindFood-FE/ios/Pods/Headers/Public/Yoga -Xcc -I/Users/vinay/Documents/Github/FindFood/FindFood/FindFood-FE/ios/Pods/Headers/Public/expo-dev-launcher -Xcc -I/Users/vinay/Documents/Github/FindFood/FindFood/FindFood-FE/ios/Pods/Headers/Public/expo-dev-menu -Xcc -I/Users/vinay/Documents/Github/FindFood/FindFood/FindFood-FE/ios/Pods/Headers/Public/hermes-engine -Xcc -I/Users/vinay/Documents/Github/FindFood/FindFood/FindFood-FE/ios/Pods/Headers/Public/react-native-maps -Xcc -I/Users/vinay/Documents/Github/FindFood/FindFood/FindFood-FE/ios/Pods/Headers/Public/react-native-safe-area-context -Xcc -I/Users/vinay/Library/Developer/Xcode/DerivedData/FindFood-ceewejdexqlrirddbceaqvuunhkx/Build/Products/Debug-iphonesimulator/EXManifests/Swift\ Compatibility\ Header -Xcc -I/Users/vinay/Library/Developer/Xcode/DerivedData/FindFood-ceewejdexqlrirddbceaqvuunhkx/Build/Products/Debug-iphonesimulator/EXUpdatesInterface/Swift\ Compatibility\ Header -Xcc -I/Users/vinay/Library/Developer/Xcode/DerivedData/FindFood-ceewejdexqlrirddbceaqvuunhkx/Build/Products/Debug-iphonesimulator/Expo/Swift\ Compatibility\ Header -Xcc -I/Users/vinay/Documents/Github/FindFood/FindFood/FindFood-FE/ios/Pods/Headers/Private/Yoga -Xcc -I/Users/vinay/Library/Developer/Xcode/DerivedData/FindFood-ceewejdexqlrirddbceaqvuunhkx/Build/Products/Debug-iphonesimulator/ExpoModulesCore/Swift\ Compatibility\ Header -Xcc -I/Users/vinay/Documents/Github/FindFood/FindFood/FindFood-FE/ios/Pods/Headers/Private/Yoga -Xcc -I/Users/vinay/Documents/Github/FindFood/FindFood/FindFood-FE/ios/Pods/Headers/Private/React-Core -Xcc -I/Users/vinay/Documents/Github/FindFood/FindFood/FindFood-FE/ios/Pods/Headers/Private/React-Core -Xcc -I/Users/vinay/Documents/Github/FindFood/FindFood/FindFood-FE/ios/Pods/Headers/Private/Yoga -Xcc -I/Users/vinay/Library/Developer/Xcode/DerivedData/FindFood-ceewejdexqlrirddbceaqvuunhkx/Build/Products/Debug-iphonesimulator/expo-dev-launcher/Swift\ Compatibility\ Header -Xcc -I/Users/vinay/Library/Developer/Xcode/DerivedData/FindFood-ceewejdexqlrirddbceaqvuunhkx/Build/Products/Debug-iphonesimulator/expo-dev-menu/Swift\ Compatibility\ Header -Xcc -I/Users/vinay/Library/Developer/Xcode/DerivedData/FindFood-ceewejdexqlrirddbceaqvuunhkx/Build/Products/Debug-iphonesimulator/expo-dev-menu-interface/Swift\ Compatibility\ Header -Xcc -I/Users/vinay/Library/Developer/Xcode/DerivedData/FindFood-ceewejdexqlrirddbceaqvuunhkx/Build/Intermediates.noindex/FindFood.build/Debug-iphonesimulator/FindFood.build/DerivedSources-normal/arm64 -Xcc -I/Users/vinay/Library/Developer/Xcode/DerivedData/FindFood-ceewejdexqlrirddbceaqvuunhkx/Build/Intermediates.noindex/FindFood.build/Debug-iphonesimulator/FindFood.build/DerivedSources/arm64 -Xcc -I/Users/vinay/Library/Developer/Xcode/DerivedData/FindFood-ceewejdexqlrirddbceaqvuunhkx/Build/Intermediates.noindex/FindFood.build/Debug-iphonesimulator/FindFood.build/DerivedSources -Xcc -DDEBUG\=1 -Xcc -DCOCOAPODS\=1 -Xcc -DEX_DEV_LAUNCHER_VERSION\=6.0.20 -Xcc -DEX_DEV_MENU_ENABLED\=1 -Xcc -DFB_SONARKIT_ENABLED\=1 -emit-objc-header -emit-objc-header-path /Users/vinay/Library/Developer/Xcode/DerivedData/FindFood-ceewejdexqlrirddbceaqvuunhkx/Build/Intermediates.noindex/FindFood.build/Debug-iphonesimulator/FindFood.build/Objects-normal/arm64/FindFood-Swift.h -import-objc-header /Users/vinay/Documents/Github/FindFood/FindFood/FindFood-FE/ios/FindFood/FindFood-Bridging-Header.h -pch-output-dir /Users/vinay/Library/Developer/Xcode/DerivedData/FindFood-ceewejdexqlrirddbceaqvuunhkx/Build/Intermediates.noindex/PrecompiledHeaders -working-directory /Users/vinay/Documents/Github/FindFood/FindFood/FindFood-FE/ios -experimental-emit-module-separately -disable-cmo

ProcessInfoPlistFile /Users/vinay/Library/Developer/Xcode/DerivedData/FindFood-ceewejdexqlrirddbceaqvuunhkx/Build/Products/Debug-iphonesimulator/FindFood.app/Info.plist /Users/vinay/Documents/Github/FindFood/FindFood/FindFood-FE/ios/FindFood/Info.plist (in target 'FindFood' from project 'FindFood')
    cd /Users/vinay/Documents/Github/FindFood/FindFood/FindFood-FE/ios
    builtin-infoPlistUtility /Users/vinay/Documents/Github/FindFood/FindFood/FindFood-FE/ios/FindFood/Info.plist -producttype com.apple.product-type.application -genpkginfo /Users/vinay/Library/Developer/Xcode/DerivedData/FindFood-ceewejdexqlrirddbceaqvuunhkx/Build/Products/Debug-iphonesimulator/FindFood.app/PkgInfo -expandbuildsettings -format binary -platform iphonesimulator -additionalcontentfile /Users/vinay/Library/Developer/Xcode/DerivedData/FindFood-ceewejdexqlrirddbceaqvuunhkx/Build/Intermediates.noindex/FindFood.build/Debug-iphonesimulator/FindFood.build/assetcatalog_generated_info.plist -additionalcontentfile /Users/vinay/Library/Developer/Xcode/DerivedData/FindFood-ceewejdexqlrirddbceaqvuunhkx/Build/Intermediates.noindex/FindFood.build/Debug-iphonesimulator/FindFood.build/SplashScreen-SBPartialInfo.plist -o /Users/vinay/Library/Developer/Xcode/DerivedData/FindFood-ceewejdexqlrirddbceaqvuunhkx/Build/Products/Debug-iphonesimulator/FindFood.app/Info.plist

SwiftGeneratePch normal arm64 Compiling\ bridging\ header (in target 'FindFood' from project 'FindFood')

PrecompileSwiftBridgingHeader normal arm64 (in target 'FindFood' from project 'FindFood')
    cd /Users/vinay/Documents/Github/FindFood/FindFood/FindFood-FE/ios
    

SwiftDriverJobDiscovery normal arm64 Compiling bridging header (in target 'FindFood' from project 'FindFood')

SwiftEmitModule normal arm64 Emitting\ module\ for\ FindFood (in target 'FindFood' from project 'FindFood')

EmitSwiftModule normal arm64 (in target 'FindFood' from project 'FindFood')
    cd /Users/vinay/Documents/Github/FindFood/FindFood/FindFood-FE/ios
    

SwiftCompile normal arm64 Compiling\ ExpoModulesProvider.swift /Users/vinay/Documents/Github/FindFood/FindFood/FindFood-FE/ios/Pods/Target\ Support\ Files/Pods-FindFood/ExpoModulesProvider.swift (in target 'FindFood' from project 'FindFood')

SwiftCompile normal arm64 /Users/vinay/Documents/Github/FindFood/FindFood/FindFood-FE/ios/Pods/Target\ Support\ Files/Pods-FindFood/ExpoModulesProvider.swift (in target 'FindFood' from project 'FindFood')
    cd /Users/vinay/Documents/Github/FindFood/FindFood/FindFood-FE/ios
    

SwiftDriverJobDiscovery normal arm64 Compiling ExpoModulesProvider.swift (in target 'FindFood' from project 'FindFood')

SwiftDriverJobDiscovery normal arm64 Emitting module for FindFood (in target 'FindFood' from project 'FindFood')

SwiftDriver\ Compilation FindFood normal arm64 com.apple.xcode.tools.swift.compiler (in target 'FindFood' from project 'FindFood')
    cd /Users/vinay/Documents/Github/FindFood/FindFood/FindFood-FE/ios
    builtin-Swift-Compilation -- /Applications/Xcode.app/Contents/Developer/Toolchains/XcodeDefault.xctoolchain/usr/bin/swiftc -module-name FindFood -Onone -enforce-exclusivity\=checked @/Users/vinay/Library/Developer/Xcode/DerivedData/FindFood-ceewejdexqlrirddbceaqvuunhkx/Build/Intermediates.noindex/FindFood.build/Debug-iphonesimulator/FindFood.build/Objects-normal/arm64/FindFood.SwiftFileList -DDEBUG -D COCOAPODS -Xcc -fmodule-map-file\=/Users/vinay/Library/Developer/Xcode/DerivedData/FindFood-ceewejdexqlrirddbceaqvuunhkx/Build/Products/Debug-iphonesimulator/EXConstants/EXConstants.modulemap -Xcc -fmodule-map-file\=/Users/vinay/Library/Developer/Xcode/DerivedData/FindFood-ceewejdexqlrirddbceaqvuunhkx/Build/Products/Debug-iphonesimulator/EXManifests/EXManifests.modulemap -Xcc -fmodule-map-file\=/Users/vinay/Library/Developer/Xcode/DerivedData/FindFood-ceewejdexqlrirddbceaqvuunhkx/Build/Products/Debug-iphonesimulator/EXUpdatesInterface/EXUpdatesInterface.modulemap -Xcc -fmodule-map-file\=/Users/vinay/Library/Developer/Xcode/DerivedData/FindFood-ceewejdexqlrirddbceaqvuunhkx/Build/Products/Debug-iphonesimulator/Expo/Expo.modulemap -Xcc -fmodule-map-file\=/Users/vinay/Library/Developer/Xcode/DerivedData/FindFood-ceewejdexqlrirddbceaqvuunhkx/Build/Products/Debug-iphonesimulator/ExpoAdapterGoogleSignIn/ExpoAdapterGoogleSignIn.modulemap -Xcc -fmodule-map-file\=/Users/vinay/Library/Developer/Xcode/DerivedData/FindFood-ceewejdexqlrirddbceaqvuunhkx/Build/Products/Debug-iphonesimulator/ExpoAsset/ExpoAsset.modulemap -Xcc -fmodule-map-file\=/Users/vinay/Library/Developer/Xcode/DerivedData/FindFood-ceewejdexqlrirddbceaqvuunhkx/Build/Products/Debug-iphonesimulator/ExpoFileSystem/ExpoFileSystem.modulemap -Xcc -fmodule-map-file\=/Users/vinay/Library/Developer/Xcode/DerivedData/FindFood-ceewejdexqlrirddbceaqvuunhkx/Build/Products/Debug-iphonesimulator/ExpoFont/ExpoFont.modulemap -Xcc -fmodule-map-file\=/Users/vinay/Library/Developer/Xcode/DerivedData/FindFood-ceewejdexqlrirddbceaqvuunhkx/Build/Products/Debug-iphonesimulator/ExpoKeepAwake/ExpoKeepAwake.modulemap -Xcc -fmodule-map-file\=/Users/vinay/Library/Developer/Xcode/DerivedData/FindFood-ceewejdexqlrirddbceaqvuunhkx/Build/Products/Debug-iphonesimulator/ExpoLocation/ExpoLocation.modulemap -Xcc -fmodule-map-file\=/Users/vinay/Library/Developer/Xcode/DerivedData/FindFood-ceewejdexqlrirddbceaqvuunhkx/Build/Products/Debug-iphonesimulator/ExpoModulesCore/ExpoModulesCore.modulemap -Xcc -fmodule-map-file\=/Users/vinay/Library/Developer/Xcode/DerivedData/FindFood-ceewejdexqlrirddbceaqvuunhkx/Build/Products/Debug-iphonesimulator/GTMAppAuth/GTMAppAuth.modulemap -Xcc -fmodule-map-file\=/Users/vinay/Library/Developer/Xcode/DerivedData/FindFood-ceewejdexqlrirddbceaqvuunhkx/Build/Products/Debug-iphonesimulator/expo-dev-launcher/EXDevLauncher.modulemap -Xcc -fmodule-map-file\=/Users/vinay/Library/Developer/Xcode/DerivedData/FindFood-ceewejdexqlrirddbceaqvuunhkx/Build/Products/Debug-iphonesimulator/expo-dev-menu-interface/EXDevMenuInterface.modulemap -Xcc -fmodule-map-file\=/Users/vinay/Library/Developer/Xcode/DerivedData/FindFood-ceewejdexqlrirddbceaqvuunhkx/Build/Products/Debug-iphonesimulator/expo-dev-menu/EXDevMenu.modulemap -Xcc -fmodule-map-file\=/Users/vinay/Documents/Github/FindFood/FindFood/FindFood-FE/ios/Pods/Headers/Public/AppAuth/AppAuth.modulemap -Xcc -fmodule-map-file\=/Users/vinay/Documents/Github/FindFood/FindFood/FindFood-FE/ios/Pods/Headers/Public/EXJSONUtils/EXJSONUtils.modulemap -Xcc -fmodule-map-file\=/Users/vinay/Documents/Github/FindFood/FindFood/FindFood-FE/ios/Pods/Headers/Public/FBLPromises/PromisesObjC.modulemap -Xcc -fmodule-map-file\=/Users/vinay/Documents/Github/FindFood/FindFood/FindFood-FE/ios/Pods/Headers/Public/GTMSessionFetcher/GTMSessionFetcher.modulemap -Xcc -fmodule-map-file\=/Users/vinay/Documents/Github/FindFood/FindFood/FindFood-FE/ios/Pods/Headers/Public/GoogleSignIn/GoogleSignIn.modulemap -Xcc -fmodule-map-file\=/Users/vinay/Documents/Github/FindFood/FindFood/FindFood-FE/ios/Pods/Headers/Public/ReactAppDependencyProvider/ReactAppDependencyProvider.modulemap -Xcc -fmodule-map-file\=/Users/vinay/Documents/Github/FindFood/FindFood/FindFood-FE/ios/Pods/Headers/Public/ReactCodegen/ReactCodegen.modulemap -DEX_DEV_MENU_ENABLED -D EXPO_CONFIGURATION_DEBUG -enable-bare-slash-regex -enable-experimental-feature DebugDescriptionMacro -sdk /Applications/Xcode.app/Contents/Developer/Platforms/iPhoneSimulator.platform/Developer/SDKs/iPhoneSimulator26.2.sdk -target arm64-apple-ios15.1-simulator -g -module-cache-path /Users/vinay/Library/Developer/Xcode/DerivedData/ModuleCache.noindex -Xfrontend -serialize-debugging-options -enable-testing -index-store-path /Users/vinay/Library/Developer/Xcode/DerivedData/FindFood-ceewejdexqlrirddbceaqvuunhkx/Index.noindex/DataStore -Xcc -D_LIBCPP_HARDENING_MODE\=_LIBCPP_HARDENING_MODE_DEBUG -swift-version 5 -I /Users/vinay/Library/Developer/Xcode/DerivedData/FindFood-ceewejdexqlrirddbceaqvuunhkx/Build/Products/Debug-iphonesimulator -I /Users/vinay/Library/Developer/Xcode/DerivedData/FindFood-ceewejdexqlrirddbceaqvuunhkx/Build/Products/Debug-iphonesimulator/EXConstants -I /Users/vinay/Library/Developer/Xcode/DerivedData/FindFood-ceewejdexqlrirddbceaqvuunhkx/Build/Products/Debug-iphonesimulator/EXManifests -I /Users/vinay/Library/Developer/Xcode/DerivedData/FindFood-ceewejdexqlrirddbceaqvuunhkx/Build/Products/Debug-iphonesimulator/EXUpdatesInterface -I /Users/vinay/Library/Developer/Xcode/DerivedData/FindFood-ceewejdexqlrirddbceaqvuunhkx/Build/Products/Debug-iphonesimulator/Expo -I /Users/vinay/Library/Developer/Xcode/DerivedData/FindFood-ceewejdexqlrirddbceaqvuunhkx/Build/Products/Debug-iphonesimulator/ExpoAdapterGoogleSignIn -I /Users/vinay/Library/Developer/Xcode/DerivedData/FindFood-ceewejdexqlrirddbceaqvuunhkx/Build/Products/Debug-iphonesimulator/ExpoAsset -I /Users/vinay/Library/Developer/Xcode/DerivedData/FindFood-ceewejdexqlrirddbceaqvuunhkx/Build/Products/Debug-iphonesimulator/ExpoFileSystem -I /Users/vinay/Library/Developer/Xcode/DerivedData/FindFood-ceewejdexqlrirddbceaqvuunhkx/Build/Products/Debug-iphonesimulator/ExpoFont -I /Users/vinay/Library/Developer/Xcode/DerivedData/FindFood-ceewejdexqlrirddbceaqvuunhkx/Build/Products/Debug-iphonesimulator/ExpoKeepAwake -I /Users/vinay/Library/Developer/Xcode/DerivedData/FindFood-ceewejdexqlrirddbceaqvuunhkx/Build/Products/Debug-iphonesimulator/ExpoLocation -I /Users/vinay/Library/Developer/Xcode/DerivedData/FindFood-ceewejdexqlrirddbceaqvuunhkx/Build/Products/Debug-iphonesimulator/ExpoModulesCore -I /Users/vinay/Library/Developer/Xcode/DerivedData/FindFood-ceewejdexqlrirddbceaqvuunhkx/Build/Products/Debug-iphonesimulator/GTMAppAuth -I /Users/vinay/Library/Developer/Xcode/DerivedData/FindFood-ceewejdexqlrirddbceaqvuunhkx/Build/Products/Debug-iphonesimulator/expo-dev-launcher -I /Users/vinay/Library/Developer/Xcode/DerivedData/FindFood-ceewejdexqlrirddbceaqvuunhkx/Build/Products/Debug-iphonesimulator/expo-dev-menu -I /Users/vinay/Library/Developer/Xcode/DerivedData/FindFood-ceewejdexqlrirddbceaqvuunhkx/Build/Products/Debug-iphonesimulator/expo-dev-menu-interface -F /Users/vinay/Library/Developer/Xcode/DerivedData/FindFood-ceewejdexqlrirddbceaqvuunhkx/Build/Products/Debug-iphonesimulator -F /Users/vinay/Documents/Github/FindFood/FindFood/FindFood-FE/ios/Pods/React-Core-prebuilt -F /Users/vinay/Documents/Github/FindFood/FindFood/FindFood-FE/ios/Pods/ReactNativeDependencies/framework/packages/react-native -F /Users/vinay/Documents/Github/FindFood/FindFood/FindFood-FE/ios/Pods/hermes-engine/destroot/Library/Frameworks/universal -F /Users/vinay/Library/Developer/Xcode/DerivedData/FindFood-ceewejdexqlrirddbceaqvuunhkx/Build/Products/Debug-iphonesimulator/XCFrameworkIntermediates/React-Core-prebuilt -F /Users/vinay/Library/Developer/Xcode/DerivedData/FindFood-ceewejdexqlrirddbceaqvuunhkx/Build/Products/Debug-iphonesimulator/XCFrameworkIntermediates/ReactNativeDependencies -F /Users/vinay/Library/Developer/Xcode/DerivedData/FindFood-ceewejdexqlrirddbceaqvuunhkx/Build/Products/Debug-iphonesimulator/XCFrameworkIntermediates/hermes-engine/Pre-built -c -j10 -enable-batch-mode -incremental -Xcc -ivfsstatcache -Xcc /Users/vinay/Library/Developer/Xcode/DerivedData/SDKStatCaches.noindex/iphonesimulator26.2-23C53-7d00a8b37fbd7999ea79df8ebc024bf0.sdkstatcache -output-file-map /Users/vinay/Library/Developer/Xcode/DerivedData/FindFood-ceewejdexqlrirddbceaqvuunhkx/Build/Intermediates.noindex/FindFood.build/Debug-iphonesimulator/FindFood.build/Objects-normal/arm64/FindFood-OutputFileMap.json -use-frontend-parseable-output -save-temps -no-color-diagnostics -serialize-diagnostics -emit-dependencies -emit-module -emit-module-path /Users/vinay/Library/Developer/Xcode/DerivedData/FindFood-ceewejdexqlrirddbceaqvuunhkx/Build/Intermediates.noindex/FindFood.build/Debug-iphonesimulator/FindFood.build/Objects-normal/arm64/FindFood.swiftmodule -validate-clang-modules-once -clang-build-session-file /Users/vinay/Library/Developer/Xcode/DerivedData/ModuleCache.noindex/Session.modulevalidation -Xcc -I/Users/vinay/Library/Developer/Xcode/DerivedData/FindFood-ceewejdexqlrirddbceaqvuunhkx/Build/Intermediates.noindex/FindFood.build/Debug-iphonesimulator/FindFood.build/swift-overrides.hmap -emit-const-values -Xfrontend -const-gather-protocols-file -Xfrontend /Users/vinay/Library/Developer/Xcode/DerivedData/FindFood-ceewejdexqlrirddbceaqvuunhkx/Build/Intermediates.noindex/FindFood.build/Debug-iphonesimulator/FindFood.build/Objects-normal/arm64/FindFood_const_extract_protocols.json -Xcc -iquote -Xcc /Users/vinay/Library/Developer/Xcode/DerivedData/FindFood-ceewejdexqlrirddbceaqvuunhkx/Build/Intermediates.noindex/FindFood.build/Debug-iphonesimulator/FindFood.build/FindFood-generated-files.hmap -Xcc -I/Users/vinay/Library/Developer/Xcode/DerivedData/FindFood-ceewejdexqlrirddbceaqvuunhkx/Build/Intermediates.noindex/FindFood.build/Debug-iphonesimulator/FindFood.build/FindFood-own-target-headers.hmap -Xcc -I/Users/vinay/Library/Developer/Xcode/DerivedData/FindFood-ceewejdexqlrirddbceaqvuunhkx/Build/Intermediates.noindex/FindFood.build/Debug-iphonesimulator/FindFood.build/FindFood-all-non-framework-target-headers.hmap -Xcc -ivfsoverlay -Xcc /Users/vinay/Library/Developer/Xcode/DerivedData/FindFood-ceewejdexqlrirddbceaqvuunhkx/Build/Intermediates.noindex/FindFood.build/Debug-iphonesimulator/FindFood-360dfa63a350b5be5ad76782e42e473a-VFS-iphonesimulator/all-product-headers.yaml -Xcc -iquote -Xcc /Users/vinay/Library/Developer/Xcode/DerivedData/FindFood-ceewejdexqlrirddbceaqvuunhkx/Build/Intermediates.noindex/FindFood.build/Debug-iphonesimulator/FindFood.build/FindFood-project-headers.hmap -Xcc -I/Users/vinay/Library/Developer/Xcode/DerivedData/FindFood-ceewejdexqlrirddbceaqvuunhkx/Build/Products/Debug-iphonesimulator/include -Xcc -I/Users/vinay/Documents/Github/FindFood/FindFood/FindFood-FE/ios/Pods/Headers/Public -Xcc -I/Users/vinay/Documents/Github/FindFood/FindFood/FindFood-FE/ios/Pods/Headers/Public/AppAuth -Xcc -I/Users/vinay/Documents/Github/FindFood/FindFood/FindFood-FE/ios/Pods/Headers/Public/AppCheckCore -Xcc -I/Users/vinay/Documents/Github/FindFood/FindFood/FindFood-FE/ios/Pods/Headers/Public/EXConstants -Xcc -I/Users/vinay/Documents/Github/FindFood/FindFood/FindFood-FE/ios/Pods/Headers/Public/EXJSONUtils -Xcc -I/Users/vinay/Documents/Github/FindFood/FindFood/FindFood-FE/ios/Pods/Headers/Public/Expo -Xcc -I/Users/vinay/Documents/Github/FindFood/FindFood/FindFood-FE/ios/Pods/Headers/Public/ExpoFileSystem -Xcc -I/Users/vinay/Documents/Github/FindFood/FindFood/FindFood-FE/ios/Pods/Headers/Public/ExpoLocation -Xcc -I/Users/vinay/Documents/Github/FindFood/FindFood/FindFood-FE/ios/Pods/Headers/Public/ExpoModulesCore -Xcc -I/Users/vinay/Documents/Github/FindFood/FindFood/FindFood-FE/ios/Pods/Headers/Public/FBLazyVector -Xcc -I/Users/vinay/Documents/Github/FindFood/FindFood/FindFood-FE/ios/Pods/Headers/Public/GTMSessionFetcher -Xcc -I/Users/vinay/Documents/Github/FindFood/FindFood/FindFood-FE/ios/Pods/Headers/Public/GoogleSignIn -Xcc -I/Users/vinay/Documents/Github/FindFood/FindFood/FindFood-FE/ios/Pods/Headers/Public/GoogleUtilities -Xcc -I/Users/vinay/Documents/Github/FindFood/FindFood/FindFood-FE/ios/Pods/Headers/Public/PromisesObjC -Xcc -I/Users/vinay/Documents/Github/FindFood/FindFood/FindFood-FE/ios/Pods/Headers/Public/RCTDeprecation -Xcc -I/Users/vinay/Documents/Github/FindFood/FindFood/FindFood-FE/ios/Pods/Headers/Public/RCTRequired -Xcc -I/Users/vinay/Documents/Github/FindFood/FindFood/FindFood-FE/ios/Pods/Headers/Public/RCTTypeSafety -Xcc -I/Users/vinay/Documents/Github/FindFood/FindFood/FindFood-FE/ios/Pods/Headers/Public/RNCAsyncStorage -Xcc -I/Users/vinay/Documents/Github/FindFood/FindFood/FindFood-FE/ios/Pods/Headers/Public/RNGestureHandler -Xcc -I/Users/vinay/Documents/Github/FindFood/FindFood/FindFood-FE/ios/Pods/Headers/Public/RNGoogleSignin -Xcc -I/Users/vinay/Documents/Github/FindFood/FindFood/FindFood-FE/ios/Pods/Headers/Public/RNSVG -Xcc -I/Users/vinay/Documents/Github/FindFood/FindFood/FindFood-FE/ios/Pods/Headers/Public/RNScreens -Xcc -I/Users/vinay/Documents/Github/FindFood/FindFood/FindFood-FE/ios/Pods/Headers/Public/React-Core -Xcc -I/Users/vinay/Documents/Github/FindFood/FindFood/FindFood-FE/ios/Pods/Headers/Public/React-Core-prebuilt -Xcc -I/Users/vinay/Documents/Github/FindFood/FindFood/FindFood-FE/ios/Pods/Headers/Public/React-CoreModules -Xcc -I/Users/vinay/Documents/Github/FindFood/FindFood/FindFood-FE/ios/Pods/Headers/Public/React-Fabric -Xcc -I/Users/vinay/Documents/Github/FindFood/FindFood/FindFood-FE/ios/Pods/Headers/Public/React-FabricComponents -Xcc -I/Users/vinay/Documents/Github/FindFood/FindFood/FindFood-FE/ios/Pods/Headers/Public/React-FabricImage -Xcc -I/Users/vinay/Documents/Github/FindFood/FindFood/FindFood-FE/ios/Pods/Headers/Public/React-ImageManager -Xcc -I/Users/vinay/Documents/Github/FindFood/FindFood/FindFood-FE/ios/Pods/Headers/Public/React-Mapbuffer -Xcc -I/Users/vinay/Documents/Github/FindFood/FindFood/FindFood-FE/ios/Pods/Headers/Public/React-NativeModulesApple -Xcc -I/Users/vinay/Documents/Github/FindFood/FindFood/FindFood-FE/ios/Pods/Headers/Public/React-RCTAnimation -Xcc -I/Users/vinay/Documents/Github/FindFood/FindFood/FindFood-FE/ios/Pods/Headers/Public/React-RCTAppDelegate -Xcc -I/Users/vinay/Documents/Github/FindFood/FindFood/FindFood-FE/ios/Pods/Headers/Public/React-RCTBlob -Xcc -I/Users/vinay/Documents/Github/FindFood/FindFood/FindFood-FE/ios/Pods/Headers/Public/React-RCTFBReactNativeSpec -Xcc -I/Users/vinay/Documents/Github/FindFood/FindFood/FindFood-FE/ios/Pods/Headers/Public/React-RCTFabric -Xcc -I/Users/vinay/Documents/Github/FindFood/FindFood/FindFood-FE/ios/Pods/Headers/Public/React-RCTImage -Xcc -I/Users/vinay/Documents/Github/FindFood/FindFood/FindFood-FE/ios/Pods/Headers/Public/React-RCTRuntime -Xcc -I/Users/vinay/Documents/Github/FindFood/FindFood/FindFood-FE/ios/Pods/Headers/Public/React-RCTSettings -Xcc -I/Users/vinay/Documents/Github/FindFood/FindFood/FindFood-FE/ios/Pods/Headers/Public/React-RCTText -Xcc -I/Users/vinay/Documents/Github/FindFood/FindFood/FindFood-FE/ios/Pods/Headers/Public/React-RCTVibration -Xcc -I/Users/vinay/Documents/Github/FindFood/FindFood/FindFood-FE/ios/Pods/Headers/Public/React-RuntimeApple -Xcc -I/Users/vinay/Documents/Github/FindFood/FindFood/FindFood-FE/ios/Pods/Headers/Public/React-RuntimeCore -Xcc -I/Users/vinay/Documents/Github/FindFood/FindFood/FindFood-FE/ios/Pods/Headers/Public/React-RuntimeHermes -Xcc -I/Users/vinay/Documents/Github/FindFood/FindFood/FindFood-FE/ios/Pods/Headers/Public/React-callinvoker -Xcc -I/Users/vinay/Documents/Github/FindFood/FindFood/FindFood-FE/ios/Pods/Headers/Public/React-cxxreact -Xcc -I/Users/vinay/Documents/Github/FindFood/FindFood/FindFood-FE/ios/Pods/Headers/Public/React-debug -Xcc -I/Users/vinay/Documents/Github/FindFood/FindFood/FindFood-FE/ios/Pods/Headers/Public/React-defaultsnativemodule -Xcc -I/Users/vinay/Documents/Github/FindFood/FindFood/FindFood-FE/ios/Pods/Headers/Public/React-domnativemodule -Xcc -I/Users/vinay/Documents/Github/FindFood/FindFood/FindFood-FE/ios/Pods/Headers/Public/React-featureflags -Xcc -I/Users/vinay/Documents/Github/FindFood/FindFood/FindFood-FE/ios/Pods/Headers/Public/React-featureflagsnativemodule -Xcc -I/Users/vinay/Documents/Github/FindFood/FindFood/FindFood-FE/ios/Pods/Headers/Public/React-graphics -Xcc -I/Users/vinay/Documents/Github/FindFood/FindFood/FindFood-FE/ios/Pods/Headers/Public/React-hermes -Xcc -I/Users/vinay/Documents/Github/FindFood/FindFood/FindFood-FE/ios/Pods/Headers/Public/React-idlecallbacksnativemodule -Xcc -I/Users/vinay/Documents/Github/FindFood/FindFood/FindFood-FE/ios/Pods/Headers/Public/React-jserrorhandler -Xcc -I/Users/vinay/Documents/Github/FindFood/FindFood/FindFood-FE/ios/Pods/Headers/Public/React-jsi -Xcc -I/Users/vinay/Documents/Github/FindFood/FindFood/FindFood-FE/ios/Pods/Headers/Public/React-jsiexecutor -Xcc -I/Users/vinay/Documents/Github/FindFood/FindFood/FindFood-FE/ios/Pods/Headers/Public/React-jsinspector -Xcc -I/Users/vinay/Documents/Github/FindFood/FindFood/FindFood-FE/ios/Pods/Headers/Public/React-jsinspectorcdp -Xcc -I/Users/vinay/Documents/Github/FindFood/FindFood/FindFood-FE/ios/Pods/Headers/Public/React-jsinspectornetwork -Xcc -I/Users/vinay/Documents/Github/FindFood/FindFood/FindFood-FE/ios/Pods/Headers/Public/React-jsinspectortracing -Xcc -I/Users/vinay/Documents/Github/FindFood/FindFood/FindFood-FE/ios/Pods/Headers/Public/React-jsitooling -Xcc -I/Users/vinay/Documents/Github/FindFood/FindFood/FindFood-FE/ios/Pods/Headers/Public/React-logger -Xcc -I/Users/vinay/Documents/Github/FindFood/FindFood/FindFood-FE/ios/Pods/Headers/Public/React-microtasksnativemodule -Xcc -I/Users/vinay/Documents/Github/FindFood/FindFood/FindFood-FE/ios/Pods/Headers/Public/React-oscompat -Xcc -I/Users/vinay/Documents/Github/FindFood/FindFood/FindFood-FE/ios/Pods/Headers/Public/React-perflogger -Xcc -I/Users/vinay/Documents/Github/FindFood/FindFood/FindFood-FE/ios/Pods/Headers/Public/React-performancetimeline -Xcc -I/Users/vinay/Documents/Github/FindFood/FindFood/FindFood-FE/ios/Pods/Headers/Public/React-rendererconsistency -Xcc -I/Users/vinay/Documents/Github/FindFood/FindFood/FindFood-FE/ios/Pods/Headers/Public/React-renderercss -Xcc -I/Users/vinay/Documents/Github/FindFood/FindFood/FindFood-FE/ios/Pods/Headers/Public/React-rendererdebug -Xcc -I/Users/vinay/Documents/Github/FindFood/FindFood/FindFood-FE/ios/Pods/Headers/Public/React-runtimeexecutor -Xcc -I/Users/vinay/Documents/Github/FindFood/FindFood/FindFood-FE/ios/Pods/Headers/Public/React-runtimescheduler -Xcc -I/Users/vinay/Documents/Github/FindFood/FindFood/FindFood-FE/ios/Pods/Headers/Public/React-timing -Xcc -I/Users/vinay/Documents/Github/FindFood/FindFood/FindFood-FE/ios/Pods/Headers/Public/React-utils -Xcc -I/Users/vinay/Documents/Github/FindFood/FindFood/FindFood-FE/ios/Pods/Headers/Public/ReactAppDependencyProvider -Xcc -I/Users/vinay/Documents/Github/FindFood/FindFood/FindFood-FE/ios/Pods/Headers/Public/ReactCodegen -Xcc -I/Users/vinay/Documents/Github/FindFood/FindFood/FindFood-FE/ios/Pods/Headers/Public/ReactCommon -Xcc -I/Users/vinay/Documents/Github/FindFood/FindFood/FindFood-FE/ios/Pods/Headers/Public/ReactNativeDependencies -Xcc -I/Users/vinay/Documents/Github/FindFood/FindFood/FindFood-FE/ios/Pods/Headers/Public/Yoga -Xcc -I/Users/vinay/Documents/Github/FindFood/FindFood/FindFood-FE/ios/Pods/Headers/Public/expo-dev-launcher -Xcc -I/Users/vinay/Documents/Github/FindFood/FindFood/FindFood-FE/ios/Pods/Headers/Public/expo-dev-menu -Xcc -I/Users/vinay/Documents/Github/FindFood/FindFood/FindFood-FE/ios/Pods/Headers/Public/hermes-engine -Xcc -I/Users/vinay/Documents/Github/FindFood/FindFood/FindFood-FE/ios/Pods/Headers/Public/react-native-maps -Xcc -I/Users/vinay/Documents/Github/FindFood/FindFood/FindFood-FE/ios/Pods/Headers/Public/react-native-safe-area-context -Xcc -I/Users/vinay/Library/Developer/Xcode/DerivedData/FindFood-ceewejdexqlrirddbceaqvuunhkx/Build/Products/Debug-iphonesimulator/EXManifests/Swift\ Compatibility\ Header -Xcc -I/Users/vinay/Library/Developer/Xcode/DerivedData/FindFood-ceewejdexqlrirddbceaqvuunhkx/Build/Products/Debug-iphonesimulator/EXUpdatesInterface/Swift\ Compatibility\ Header -Xcc -I/Users/vinay/Library/Developer/Xcode/DerivedData/FindFood-ceewejdexqlrirddbceaqvuunhkx/Build/Products/Debug-iphonesimulator/Expo/Swift\ Compatibility\ Header -Xcc -I/Users/vinay/Documents/Github/FindFood/FindFood/FindFood-FE/ios/Pods/Headers/Private/Yoga -Xcc -I/Users/vinay/Library/Developer/Xcode/DerivedData/FindFood-ceewejdexqlrirddbceaqvuunhkx/Build/Products/Debug-iphonesimulator/ExpoModulesCore/Swift\ Compatibility\ Header -Xcc -I/Users/vinay/Documents/Github/FindFood/FindFood/FindFood-FE/ios/Pods/Headers/Private/Yoga -Xcc -I/Users/vinay/Documents/Github/FindFood/FindFood/FindFood-FE/ios/Pods/Headers/Private/React-Core -Xcc -I/Users/vinay/Documents/Github/FindFood/FindFood/FindFood-FE/ios/Pods/Headers/Private/React-Core -Xcc -I/Users/vinay/Documents/Github/FindFood/FindFood/FindFood-FE/ios/Pods/Headers/Private/Yoga -Xcc -I/Users/vinay/Library/Developer/Xcode/DerivedData/FindFood-ceewejdexqlrirddbceaqvuunhkx/Build/Products/Debug-iphonesimulator/expo-dev-launcher/Swift\ Compatibility\ Header -Xcc -I/Users/vinay/Library/Developer/Xcode/DerivedData/FindFood-ceewejdexqlrirddbceaqvuunhkx/Build/Products/Debug-iphonesimulator/expo-dev-menu/Swift\ Compatibility\ Header -Xcc -I/Users/vinay/Library/Developer/Xcode/DerivedData/FindFood-ceewejdexqlrirddbceaqvuunhkx/Build/Products/Debug-iphonesimulator/expo-dev-menu-interface/Swift\ Compatibility\ Header -Xcc -I/Users/vinay/Library/Developer/Xcode/DerivedData/FindFood-ceewejdexqlrirddbceaqvuunhkx/Build/Intermediates.noindex/FindFood.build/Debug-iphonesimulator/FindFood.build/DerivedSources-normal/arm64 -Xcc -I/Users/vinay/Library/Developer/Xcode/DerivedData/FindFood-ceewejdexqlrirddbceaqvuunhkx/Build/Intermediates.noindex/FindFood.build/Debug-iphonesimulator/FindFood.build/DerivedSources/arm64 -Xcc -I/Users/vinay/Library/Developer/Xcode/DerivedData/FindFood-ceewejdexqlrirddbceaqvuunhkx/Build/Intermediates.noindex/FindFood.build/Debug-iphonesimulator/FindFood.build/DerivedSources -Xcc -DDEBUG\=1 -Xcc -DCOCOAPODS\=1 -Xcc -DEX_DEV_LAUNCHER_VERSION\=6.0.20 -Xcc -DEX_DEV_MENU_ENABLED\=1 -Xcc -DFB_SONARKIT_ENABLED\=1 -emit-objc-header -emit-objc-header-path /Users/vinay/Library/Developer/Xcode/DerivedData/FindFood-ceewejdexqlrirddbceaqvuunhkx/Build/Intermediates.noindex/FindFood.build/Debug-iphonesimulator/FindFood.build/Objects-normal/arm64/FindFood-Swift.h -import-objc-header /Users/vinay/Documents/Github/FindFood/FindFood/FindFood-FE/ios/FindFood/FindFood-Bridging-Header.h -pch-output-dir /Users/vinay/Library/Developer/Xcode/DerivedData/FindFood-ceewejdexqlrirddbceaqvuunhkx/Build/Intermediates.noindex/PrecompiledHeaders -working-directory /Users/vinay/Documents/Github/FindFood/FindFood/FindFood-FE/ios -experimental-emit-module-separately -disable-cmo

SwiftDriver\ Compilation\ Requirements FindFood normal arm64 com.apple.xcode.tools.swift.compiler (in target 'FindFood' from project 'FindFood')
    cd /Users/vinay/Documents/Github/FindFood/FindFood/FindFood-FE/ios
    builtin-Swift-Compilation-Requirements -- /Applications/Xcode.app/Contents/Developer/Toolchains/XcodeDefault.xctoolchain/usr/bin/swiftc -module-name FindFood -Onone -enforce-exclusivity\=checked @/Users/vinay/Library/Developer/Xcode/DerivedData/FindFood-ceewejdexqlrirddbceaqvuunhkx/Build/Intermediates.noindex/FindFood.build/Debug-iphonesimulator/FindFood.build/Objects-normal/arm64/FindFood.SwiftFileList -DDEBUG -D COCOAPODS -Xcc -fmodule-map-file\=/Users/vinay/Library/Developer/Xcode/DerivedData/FindFood-ceewejdexqlrirddbceaqvuunhkx/Build/Products/Debug-iphonesimulator/EXConstants/EXConstants.modulemap -Xcc -fmodule-map-file\=/Users/vinay/Library/Developer/Xcode/DerivedData/FindFood-ceewejdexqlrirddbceaqvuunhkx/Build/Products/Debug-iphonesimulator/EXManifests/EXManifests.modulemap -Xcc -fmodule-map-file\=/Users/vinay/Library/Developer/Xcode/DerivedData/FindFood-ceewejdexqlrirddbceaqvuunhkx/Build/Products/Debug-iphonesimulator/EXUpdatesInterface/EXUpdatesInterface.modulemap -Xcc -fmodule-map-file\=/Users/vinay/Library/Developer/Xcode/DerivedData/FindFood-ceewejdexqlrirddbceaqvuunhkx/Build/Products/Debug-iphonesimulator/Expo/Expo.modulemap -Xcc -fmodule-map-file\=/Users/vinay/Library/Developer/Xcode/DerivedData/FindFood-ceewejdexqlrirddbceaqvuunhkx/Build/Products/Debug-iphonesimulator/ExpoAdapterGoogleSignIn/ExpoAdapterGoogleSignIn.modulemap -Xcc -fmodule-map-file\=/Users/vinay/Library/Developer/Xcode/DerivedData/FindFood-ceewejdexqlrirddbceaqvuunhkx/Build/Products/Debug-iphonesimulator/ExpoAsset/ExpoAsset.modulemap -Xcc -fmodule-map-file\=/Users/vinay/Library/Developer/Xcode/DerivedData/FindFood-ceewejdexqlrirddbceaqvuunhkx/Build/Products/Debug-iphonesimulator/ExpoFileSystem/ExpoFileSystem.modulemap -Xcc -fmodule-map-file\=/Users/vinay/Library/Developer/Xcode/DerivedData/FindFood-ceewejdexqlrirddbceaqvuunhkx/Build/Products/Debug-iphonesimulator/ExpoFont/ExpoFont.modulemap -Xcc -fmodule-map-file\=/Users/vinay/Library/Developer/Xcode/DerivedData/FindFood-ceewejdexqlrirddbceaqvuunhkx/Build/Products/Debug-iphonesimulator/ExpoKeepAwake/ExpoKeepAwake.modulemap -Xcc -fmodule-map-file\=/Users/vinay/Library/Developer/Xcode/DerivedData/FindFood-ceewejdexqlrirddbceaqvuunhkx/Build/Products/Debug-iphonesimulator/ExpoLocation/ExpoLocation.modulemap -Xcc -fmodule-map-file\=/Users/vinay/Library/Developer/Xcode/DerivedData/FindFood-ceewejdexqlrirddbceaqvuunhkx/Build/Products/Debug-iphonesimulator/ExpoModulesCore/ExpoModulesCore.modulemap -Xcc -fmodule-map-file\=/Users/vinay/Library/Developer/Xcode/DerivedData/FindFood-ceewejdexqlrirddbceaqvuunhkx/Build/Products/Debug-iphonesimulator/GTMAppAuth/GTMAppAuth.modulemap -Xcc -fmodule-map-file\=/Users/vinay/Library/Developer/Xcode/DerivedData/FindFood-ceewejdexqlrirddbceaqvuunhkx/Build/Products/Debug-iphonesimulator/expo-dev-launcher/EXDevLauncher.modulemap -Xcc -fmodule-map-file\=/Users/vinay/Library/Developer/Xcode/DerivedData/FindFood-ceewejdexqlrirddbceaqvuunhkx/Build/Products/Debug-iphonesimulator/expo-dev-menu-interface/EXDevMenuInterface.modulemap -Xcc -fmodule-map-file\=/Users/vinay/Library/Developer/Xcode/DerivedData/FindFood-ceewejdexqlrirddbceaqvuunhkx/Build/Products/Debug-iphonesimulator/expo-dev-menu/EXDevMenu.modulemap -Xcc -fmodule-map-file\=/Users/vinay/Documents/Github/FindFood/FindFood/FindFood-FE/ios/Pods/Headers/Public/AppAuth/AppAuth.modulemap -Xcc -fmodule-map-file\=/Users/vinay/Documents/Github/FindFood/FindFood/FindFood-FE/ios/Pods/Headers/Public/EXJSONUtils/EXJSONUtils.modulemap -Xcc -fmodule-map-file\=/Users/vinay/Documents/Github/FindFood/FindFood/FindFood-FE/ios/Pods/Headers/Public/FBLPromises/PromisesObjC.modulemap -Xcc -fmodule-map-file\=/Users/vinay/Documents/Github/FindFood/FindFood/FindFood-FE/ios/Pods/Headers/Public/GTMSessionFetcher/GTMSessionFetcher.modulemap -Xcc -fmodule-map-file\=/Users/vinay/Documents/Github/FindFood/FindFood/FindFood-FE/ios/Pods/Headers/Public/GoogleSignIn/GoogleSignIn.modulemap -Xcc -fmodule-map-file\=/Users/vinay/Documents/Github/FindFood/FindFood/FindFood-FE/ios/Pods/Headers/Public/ReactAppDependencyProvider/ReactAppDependencyProvider.modulemap -Xcc -fmodule-map-file\=/Users/vinay/Documents/Github/FindFood/FindFood/FindFood-FE/ios/Pods/Headers/Public/ReactCodegen/ReactCodegen.modulemap -DEX_DEV_MENU_ENABLED -D EXPO_CONFIGURATION_DEBUG -enable-bare-slash-regex -enable-experimental-feature DebugDescriptionMacro -sdk /Applications/Xcode.app/Contents/Developer/Platforms/iPhoneSimulator.platform/Developer/SDKs/iPhoneSimulator26.2.sdk -target arm64-apple-ios15.1-simulator -g -module-cache-path /Users/vinay/Library/Developer/Xcode/DerivedData/ModuleCache.noindex -Xfrontend -serialize-debugging-options -enable-testing -index-store-path /Users/vinay/Library/Developer/Xcode/DerivedData/FindFood-ceewejdexqlrirddbceaqvuunhkx/Index.noindex/DataStore -Xcc -D_LIBCPP_HARDENING_MODE\=_LIBCPP_HARDENING_MODE_DEBUG -swift-version 5 -I /Users/vinay/Library/Developer/Xcode/DerivedData/FindFood-ceewejdexqlrirddbceaqvuunhkx/Build/Products/Debug-iphonesimulator -I /Users/vinay/Library/Developer/Xcode/DerivedData/FindFood-ceewejdexqlrirddbceaqvuunhkx/Build/Products/Debug-iphonesimulator/EXConstants -I /Users/vinay/Library/Developer/Xcode/DerivedData/FindFood-ceewejdexqlrirddbceaqvuunhkx/Build/Products/Debug-iphonesimulator/EXManifests -I /Users/vinay/Library/Developer/Xcode/DerivedData/FindFood-ceewejdexqlrirddbceaqvuunhkx/Build/Products/Debug-iphonesimulator/EXUpdatesInterface -I /Users/vinay/Library/Developer/Xcode/DerivedData/FindFood-ceewejdexqlrirddbceaqvuunhkx/Build/Products/Debug-iphonesimulator/Expo -I /Users/vinay/Library/Developer/Xcode/DerivedData/FindFood-ceewejdexqlrirddbceaqvuunhkx/Build/Products/Debug-iphonesimulator/ExpoAdapterGoogleSignIn -I /Users/vinay/Library/Developer/Xcode/DerivedData/FindFood-ceewejdexqlrirddbceaqvuunhkx/Build/Products/Debug-iphonesimulator/ExpoAsset -I /Users/vinay/Library/Developer/Xcode/DerivedData/FindFood-ceewejdexqlrirddbceaqvuunhkx/Build/Products/Debug-iphonesimulator/ExpoFileSystem -I /Users/vinay/Library/Developer/Xcode/DerivedData/FindFood-ceewejdexqlrirddbceaqvuunhkx/Build/Products/Debug-iphonesimulator/ExpoFont -I /Users/vinay/Library/Developer/Xcode/DerivedData/FindFood-ceewejdexqlrirddbceaqvuunhkx/Build/Products/Debug-iphonesimulator/ExpoKeepAwake -I /Users/vinay/Library/Developer/Xcode/DerivedData/FindFood-ceewejdexqlrirddbceaqvuunhkx/Build/Products/Debug-iphonesimulator/ExpoLocation -I /Users/vinay/Library/Developer/Xcode/DerivedData/FindFood-ceewejdexqlrirddbceaqvuunhkx/Build/Products/Debug-iphonesimulator/ExpoModulesCore -I /Users/vinay/Library/Developer/Xcode/DerivedData/FindFood-ceewejdexqlrirddbceaqvuunhkx/Build/Products/Debug-iphonesimulator/GTMAppAuth -I /Users/vinay/Library/Developer/Xcode/DerivedData/FindFood-ceewejdexqlrirddbceaqvuunhkx/Build/Products/Debug-iphonesimulator/expo-dev-launcher -I /Users/vinay/Library/Developer/Xcode/DerivedData/FindFood-ceewejdexqlrirddbceaqvuunhkx/Build/Products/Debug-iphonesimulator/expo-dev-menu -I /Users/vinay/Library/Developer/Xcode/DerivedData/FindFood-ceewejdexqlrirddbceaqvuunhkx/Build/Products/Debug-iphonesimulator/expo-dev-menu-interface -F /Users/vinay/Library/Developer/Xcode/DerivedData/FindFood-ceewejdexqlrirddbceaqvuunhkx/Build/Products/Debug-iphonesimulator -F /Users/vinay/Documents/Github/FindFood/FindFood/FindFood-FE/ios/Pods/React-Core-prebuilt -F /Users/vinay/Documents/Github/FindFood/FindFood/FindFood-FE/ios/Pods/ReactNativeDependencies/framework/packages/react-native -F /Users/vinay/Documents/Github/FindFood/FindFood/FindFood-FE/ios/Pods/hermes-engine/destroot/Library/Frameworks/universal -F /Users/vinay/Library/Developer/Xcode/DerivedData/FindFood-ceewejdexqlrirddbceaqvuunhkx/Build/Products/Debug-iphonesimulator/XCFrameworkIntermediates/React-Core-prebuilt -F /Users/vinay/Library/Developer/Xcode/DerivedData/FindFood-ceewejdexqlrirddbceaqvuunhkx/Build/Products/Debug-iphonesimulator/XCFrameworkIntermediates/ReactNativeDependencies -F /Users/vinay/Library/Developer/Xcode/DerivedData/FindFood-ceewejdexqlrirddbceaqvuunhkx/Build/Products/Debug-iphonesimulator/XCFrameworkIntermediates/hermes-engine/Pre-built -c -j10 -enable-batch-mode -incremental -Xcc -ivfsstatcache -Xcc /Users/vinay/Library/Developer/Xcode/DerivedData/SDKStatCaches.noindex/iphonesimulator26.2-23C53-7d00a8b37fbd7999ea79df8ebc024bf0.sdkstatcache -output-file-map /Users/vinay/Library/Developer/Xcode/DerivedData/FindFood-ceewejdexqlrirddbceaqvuunhkx/Build/Intermediates.noindex/FindFood.build/Debug-iphonesimulator/FindFood.build/Objects-normal/arm64/FindFood-OutputFileMap.json -use-frontend-parseable-output -save-temps -no-color-diagnostics -serialize-diagnostics -emit-dependencies -emit-module -emit-module-path /Users/vinay/Library/Developer/Xcode/DerivedData/FindFood-ceewejdexqlrirddbceaqvuunhkx/Build/Intermediates.noindex/FindFood.build/Debug-iphonesimulator/FindFood.build/Objects-normal/arm64/FindFood.swiftmodule -validate-clang-modules-once -clang-build-session-file /Users/vinay/Library/Developer/Xcode/DerivedData/ModuleCache.noindex/Session.modulevalidation -Xcc -I/Users/vinay/Library/Developer/Xcode/DerivedData/FindFood-ceewejdexqlrirddbceaqvuunhkx/Build/Intermediates.noindex/FindFood.build/Debug-iphonesimulator/FindFood.build/swift-overrides.hmap -emit-const-values -Xfrontend -const-gather-protocols-file -Xfrontend /Users/vinay/Library/Developer/Xcode/DerivedData/FindFood-ceewejdexqlrirddbceaqvuunhkx/Build/Intermediates.noindex/FindFood.build/Debug-iphonesimulator/FindFood.build/Objects-normal/arm64/FindFood_const_extract_protocols.json -Xcc -iquote -Xcc /Users/vinay/Library/Developer/Xcode/DerivedData/FindFood-ceewejdexqlrirddbceaqvuunhkx/Build/Intermediates.noindex/FindFood.build/Debug-iphonesimulator/FindFood.build/FindFood-generated-files.hmap -Xcc -I/Users/vinay/Library/Developer/Xcode/DerivedData/FindFood-ceewejdexqlrirddbceaqvuunhkx/Build/Intermediates.noindex/FindFood.build/Debug-iphonesimulator/FindFood.build/FindFood-own-target-headers.hmap -Xcc -I/Users/vinay/Library/Developer/Xcode/DerivedData/FindFood-ceewejdexqlrirddbceaqvuunhkx/Build/Intermediates.noindex/FindFood.build/Debug-iphonesimulator/FindFood.build/FindFood-all-non-framework-target-headers.hmap -Xcc -ivfsoverlay -Xcc /Users/vinay/Library/Developer/Xcode/DerivedData/FindFood-ceewejdexqlrirddbceaqvuunhkx/Build/Intermediates.noindex/FindFood.build/Debug-iphonesimulator/FindFood-360dfa63a350b5be5ad76782e42e473a-VFS-iphonesimulator/all-product-headers.yaml -Xcc -iquote -Xcc /Users/vinay/Library/Developer/Xcode/DerivedData/FindFood-ceewejdexqlrirddbceaqvuunhkx/Build/Intermediates.noindex/FindFood.build/Debug-iphonesimulator/FindFood.build/FindFood-project-headers.hmap -Xcc -I/Users/vinay/Library/Developer/Xcode/DerivedData/FindFood-ceewejdexqlrirddbceaqvuunhkx/Build/Products/Debug-iphonesimulator/include -Xcc -I/Users/vinay/Documents/Github/FindFood/FindFood/FindFood-FE/ios/Pods/Headers/Public -Xcc -I/Users/vinay/Documents/Github/FindFood/FindFood/FindFood-FE/ios/Pods/Headers/Public/AppAuth -Xcc -I/Users/vinay/Documents/Github/FindFood/FindFood/FindFood-FE/ios/Pods/Headers/Public/AppCheckCore -Xcc -I/Users/vinay/Documents/Github/FindFood/FindFood/FindFood-FE/ios/Pods/Headers/Public/EXConstants -Xcc -I/Users/vinay/Documents/Github/FindFood/FindFood/FindFood-FE/ios/Pods/Headers/Public/EXJSONUtils -Xcc -I/Users/vinay/Documents/Github/FindFood/FindFood/FindFood-FE/ios/Pods/Headers/Public/Expo -Xcc -I/Users/vinay/Documents/Github/FindFood/FindFood/FindFood-FE/ios/Pods/Headers/Public/ExpoFileSystem -Xcc -I/Users/vinay/Documents/Github/FindFood/FindFood/FindFood-FE/ios/Pods/Headers/Public/ExpoLocation -Xcc -I/Users/vinay/Documents/Github/FindFood/FindFood/FindFood-FE/ios/Pods/Headers/Public/ExpoModulesCore -Xcc -I/Users/vinay/Documents/Github/FindFood/FindFood/FindFood-FE/ios/Pods/Headers/Public/FBLazyVector -Xcc -I/Users/vinay/Documents/Github/FindFood/FindFood/FindFood-FE/ios/Pods/Headers/Public/GTMSessionFetcher -Xcc -I/Users/vinay/Documents/Github/FindFood/FindFood/FindFood-FE/ios/Pods/Headers/Public/GoogleSignIn -Xcc -I/Users/vinay/Documents/Github/FindFood/FindFood/FindFood-FE/ios/Pods/Headers/Public/GoogleUtilities -Xcc -I/Users/vinay/Documents/Github/FindFood/FindFood/FindFood-FE/ios/Pods/Headers/Public/PromisesObjC -Xcc -I/Users/vinay/Documents/Github/FindFood/FindFood/FindFood-FE/ios/Pods/Headers/Public/RCTDeprecation -Xcc -I/Users/vinay/Documents/Github/FindFood/FindFood/FindFood-FE/ios/Pods/Headers/Public/RCTRequired -Xcc -I/Users/vinay/Documents/Github/FindFood/FindFood/FindFood-FE/ios/Pods/Headers/Public/RCTTypeSafety -Xcc -I/Users/vinay/Documents/Github/FindFood/FindFood/FindFood-FE/ios/Pods/Headers/Public/RNCAsyncStorage -Xcc -I/Users/vinay/Documents/Github/FindFood/FindFood/FindFood-FE/ios/Pods/Headers/Public/RNGestureHandler -Xcc -I/Users/vinay/Documents/Github/FindFood/FindFood/FindFood-FE/ios/Pods/Headers/Public/RNGoogleSignin -Xcc -I/Users/vinay/Documents/Github/FindFood/FindFood/FindFood-FE/ios/Pods/Headers/Public/RNSVG -Xcc -I/Users/vinay/Documents/Github/FindFood/FindFood/FindFood-FE/ios/Pods/Headers/Public/RNScreens -Xcc -I/Users/vinay/Documents/Github/FindFood/FindFood/FindFood-FE/ios/Pods/Headers/Public/React-Core -Xcc -I/Users/vinay/Documents/Github/FindFood/FindFood/FindFood-FE/ios/Pods/Headers/Public/React-Core-prebuilt -Xcc -I/Users/vinay/Documents/Github/FindFood/FindFood/FindFood-FE/ios/Pods/Headers/Public/React-CoreModules -Xcc -I/Users/vinay/Documents/Github/FindFood/FindFood/FindFood-FE/ios/Pods/Headers/Public/React-Fabric -Xcc -I/Users/vinay/Documents/Github/FindFood/FindFood/FindFood-FE/ios/Pods/Headers/Public/React-FabricComponents -Xcc -I/Users/vinay/Documents/Github/FindFood/FindFood/FindFood-FE/ios/Pods/Headers/Public/React-FabricImage -Xcc -I/Users/vinay/Documents/Github/FindFood/FindFood/FindFood-FE/ios/Pods/Headers/Public/React-ImageManager -Xcc -I/Users/vinay/Documents/Github/FindFood/FindFood/FindFood-FE/ios/Pods/Headers/Public/React-Mapbuffer -Xcc -I/Users/vinay/Documents/Github/FindFood/FindFood/FindFood-FE/ios/Pods/Headers/Public/React-NativeModulesApple -Xcc -I/Users/vinay/Documents/Github/FindFood/FindFood/FindFood-FE/ios/Pods/Headers/Public/React-RCTAnimation -Xcc -I/Users/vinay/Documents/Github/FindFood/FindFood/FindFood-FE/ios/Pods/Headers/Public/React-RCTAppDelegate -Xcc -I/Users/vinay/Documents/Github/FindFood/FindFood/FindFood-FE/ios/Pods/Headers/Public/React-RCTBlob -Xcc -I/Users/vinay/Documents/Github/FindFood/FindFood/FindFood-FE/ios/Pods/Headers/Public/React-RCTFBReactNativeSpec -Xcc -I/Users/vinay/Documents/Github/FindFood/FindFood/FindFood-FE/ios/Pods/Headers/Public/React-RCTFabric -Xcc -I/Users/vinay/Documents/Github/FindFood/FindFood/FindFood-FE/ios/Pods/Headers/Public/React-RCTImage -Xcc -I/Users/vinay/Documents/Github/FindFood/FindFood/FindFood-FE/ios/Pods/Headers/Public/React-RCTRuntime -Xcc -I/Users/vinay/Documents/Github/FindFood/FindFood/FindFood-FE/ios/Pods/Headers/Public/React-RCTSettings -Xcc -I/Users/vinay/Documents/Github/FindFood/FindFood/FindFood-FE/ios/Pods/Headers/Public/React-RCTText -Xcc -I/Users/vinay/Documents/Github/FindFood/FindFood/FindFood-FE/ios/Pods/Headers/Public/React-RCTVibration -Xcc -I/Users/vinay/Documents/Github/FindFood/FindFood/FindFood-FE/ios/Pods/Headers/Public/React-RuntimeApple -Xcc -I/Users/vinay/Documents/Github/FindFood/FindFood/FindFood-FE/ios/Pods/Headers/Public/React-RuntimeCore -Xcc -I/Users/vinay/Documents/Github/FindFood/FindFood/FindFood-FE/ios/Pods/Headers/Public/React-RuntimeHermes -Xcc -I/Users/vinay/Documents/Github/FindFood/FindFood/FindFood-FE/ios/Pods/Headers/Public/React-callinvoker -Xcc -I/Users/vinay/Documents/Github/FindFood/FindFood/FindFood-FE/ios/Pods/Headers/Public/React-cxxreact -Xcc -I/Users/vinay/Documents/Github/FindFood/FindFood/FindFood-FE/ios/Pods/Headers/Public/React-debug -Xcc -I/Users/vinay/Documents/Github/FindFood/FindFood/FindFood-FE/ios/Pods/Headers/Public/React-defaultsnativemodule -Xcc -I/Users/vinay/Documents/Github/FindFood/FindFood/FindFood-FE/ios/Pods/Headers/Public/React-domnativemodule -Xcc -I/Users/vinay/Documents/Github/FindFood/FindFood/FindFood-FE/ios/Pods/Headers/Public/React-featureflags -Xcc -I/Users/vinay/Documents/Github/FindFood/FindFood/FindFood-FE/ios/Pods/Headers/Public/React-featureflagsnativemodule -Xcc -I/Users/vinay/Documents/Github/FindFood/FindFood/FindFood-FE/ios/Pods/Headers/Public/React-graphics -Xcc -I/Users/vinay/Documents/Github/FindFood/FindFood/FindFood-FE/ios/Pods/Headers/Public/React-hermes -Xcc -I/Users/vinay/Documents/Github/FindFood/FindFood/FindFood-FE/ios/Pods/Headers/Public/React-idlecallbacksnativemodule -Xcc -I/Users/vinay/Documents/Github/FindFood/FindFood/FindFood-FE/ios/Pods/Headers/Public/React-jserrorhandler -Xcc -I/Users/vinay/Documents/Github/FindFood/FindFood/FindFood-FE/ios/Pods/Headers/Public/React-jsi -Xcc -I/Users/vinay/Documents/Github/FindFood/FindFood/FindFood-FE/ios/Pods/Headers/Public/React-jsiexecutor -Xcc -I/Users/vinay/Documents/Github/FindFood/FindFood/FindFood-FE/ios/Pods/Headers/Public/React-jsinspector -Xcc -I/Users/vinay/Documents/Github/FindFood/FindFood/FindFood-FE/ios/Pods/Headers/Public/React-jsinspectorcdp -Xcc -I/Users/vinay/Documents/Github/FindFood/FindFood/FindFood-FE/ios/Pods/Headers/Public/React-jsinspectornetwork -Xcc -I/Users/vinay/Documents/Github/FindFood/FindFood/FindFood-FE/ios/Pods/Headers/Public/React-jsinspectortracing -Xcc -I/Users/vinay/Documents/Github/FindFood/FindFood/FindFood-FE/ios/Pods/Headers/Public/React-jsitooling -Xcc -I/Users/vinay/Documents/Github/FindFood/FindFood/FindFood-FE/ios/Pods/Headers/Public/React-logger -Xcc -I/Users/vinay/Documents/Github/FindFood/FindFood/FindFood-FE/ios/Pods/Headers/Public/React-microtasksnativemodule -Xcc -I/Users/vinay/Documents/Github/FindFood/FindFood/FindFood-FE/ios/Pods/Headers/Public/React-oscompat -Xcc -I/Users/vinay/Documents/Github/FindFood/FindFood/FindFood-FE/ios/Pods/Headers/Public/React-perflogger -Xcc -I/Users/vinay/Documents/Github/FindFood/FindFood/FindFood-FE/ios/Pods/Headers/Public/React-performancetimeline -Xcc -I/Users/vinay/Documents/Github/FindFood/FindFood/FindFood-FE/ios/Pods/Headers/Public/React-rendererconsistency -Xcc -I/Users/vinay/Documents/Github/FindFood/FindFood/FindFood-FE/ios/Pods/Headers/Public/React-renderercss -Xcc -I/Users/vinay/Documents/Github/FindFood/FindFood/FindFood-FE/ios/Pods/Headers/Public/React-rendererdebug -Xcc -I/Users/vinay/Documents/Github/FindFood/FindFood/FindFood-FE/ios/Pods/Headers/Public/React-runtimeexecutor -Xcc -I/Users/vinay/Documents/Github/FindFood/FindFood/FindFood-FE/ios/Pods/Headers/Public/React-runtimescheduler -Xcc -I/Users/vinay/Documents/Github/FindFood/FindFood/FindFood-FE/ios/Pods/Headers/Public/React-timing -Xcc -I/Users/vinay/Documents/Github/FindFood/FindFood/FindFood-FE/ios/Pods/Headers/Public/React-utils -Xcc -I/Users/vinay/Documents/Github/FindFood/FindFood/FindFood-FE/ios/Pods/Headers/Public/ReactAppDependencyProvider -Xcc -I/Users/vinay/Documents/Github/FindFood/FindFood/FindFood-FE/ios/Pods/Headers/Public/ReactCodegen -Xcc -I/Users/vinay/Documents/Github/FindFood/FindFood/FindFood-FE/ios/Pods/Headers/Public/ReactCommon -Xcc -I/Users/vinay/Documents/Github/FindFood/FindFood/FindFood-FE/ios/Pods/Headers/Public/ReactNativeDependencies -Xcc -I/Users/vinay/Documents/Github/FindFood/FindFood/FindFood-FE/ios/Pods/Headers/Public/Yoga -Xcc -I/Users/vinay/Documents/Github/FindFood/FindFood/FindFood-FE/ios/Pods/Headers/Public/expo-dev-launcher -Xcc -I/Users/vinay/Documents/Github/FindFood/FindFood/FindFood-FE/ios/Pods/Headers/Public/expo-dev-menu -Xcc -I/Users/vinay/Documents/Github/FindFood/FindFood/FindFood-FE/ios/Pods/Headers/Public/hermes-engine -Xcc -I/Users/vinay/Documents/Github/FindFood/FindFood/FindFood-FE/ios/Pods/Headers/Public/react-native-maps -Xcc -I/Users/vinay/Documents/Github/FindFood/FindFood/FindFood-FE/ios/Pods/Headers/Public/react-native-safe-area-context -Xcc -I/Users/vinay/Library/Developer/Xcode/DerivedData/FindFood-ceewejdexqlrirddbceaqvuunhkx/Build/Products/Debug-iphonesimulator/EXManifests/Swift\ Compatibility\ Header -Xcc -I/Users/vinay/Library/Developer/Xcode/DerivedData/FindFood-ceewejdexqlrirddbceaqvuunhkx/Build/Products/Debug-iphonesimulator/EXUpdatesInterface/Swift\ Compatibility\ Header -Xcc -I/Users/vinay/Library/Developer/Xcode/DerivedData/FindFood-ceewejdexqlrirddbceaqvuunhkx/Build/Products/Debug-iphonesimulator/Expo/Swift\ Compatibility\ Header -Xcc -I/Users/vinay/Documents/Github/FindFood/FindFood/FindFood-FE/ios/Pods/Headers/Private/Yoga -Xcc -I/Users/vinay/Library/Developer/Xcode/DerivedData/FindFood-ceewejdexqlrirddbceaqvuunhkx/Build/Products/Debug-iphonesimulator/ExpoModulesCore/Swift\ Compatibility\ Header -Xcc -I/Users/vinay/Documents/Github/FindFood/FindFood/FindFood-FE/ios/Pods/Headers/Private/Yoga -Xcc -I/Users/vinay/Documents/Github/FindFood/FindFood/FindFood-FE/ios/Pods/Headers/Private/React-Core -Xcc -I/Users/vinay/Documents/Github/FindFood/FindFood/FindFood-FE/ios/Pods/Headers/Private/React-Core -Xcc -I/Users/vinay/Documents/Github/FindFood/FindFood/FindFood-FE/ios/Pods/Headers/Private/Yoga -Xcc -I/Users/vinay/Library/Developer/Xcode/DerivedData/FindFood-ceewejdexqlrirddbceaqvuunhkx/Build/Products/Debug-iphonesimulator/expo-dev-launcher/Swift\ Compatibility\ Header -Xcc -I/Users/vinay/Library/Developer/Xcode/DerivedData/FindFood-ceewejdexqlrirddbceaqvuunhkx/Build/Products/Debug-iphonesimulator/expo-dev-menu/Swift\ Compatibility\ Header -Xcc -I/Users/vinay/Library/Developer/Xcode/DerivedData/FindFood-ceewejdexqlrirddbceaqvuunhkx/Build/Products/Debug-iphonesimulator/expo-dev-menu-interface/Swift\ Compatibility\ Header -Xcc -I/Users/vinay/Library/Developer/Xcode/DerivedData/FindFood-ceewejdexqlrirddbceaqvuunhkx/Build/Intermediates.noindex/FindFood.build/Debug-iphonesimulator/FindFood.build/DerivedSources-normal/arm64 -Xcc -I/Users/vinay/Library/Developer/Xcode/DerivedData/FindFood-ceewejdexqlrirddbceaqvuunhkx/Build/Intermediates.noindex/FindFood.build/Debug-iphonesimulator/FindFood.build/DerivedSources/arm64 -Xcc -I/Users/vinay/Library/Developer/Xcode/DerivedData/FindFood-ceewejdexqlrirddbceaqvuunhkx/Build/Intermediates.noindex/FindFood.build/Debug-iphonesimulator/FindFood.build/DerivedSources -Xcc -DDEBUG\=1 -Xcc -DCOCOAPODS\=1 -Xcc -DEX_DEV_LAUNCHER_VERSION\=6.0.20 -Xcc -DEX_DEV_MENU_ENABLED\=1 -Xcc -DFB_SONARKIT_ENABLED\=1 -emit-objc-header -emit-objc-header-path /Users/vinay/Library/Developer/Xcode/DerivedData/FindFood-ceewejdexqlrirddbceaqvuunhkx/Build/Intermediates.noindex/FindFood.build/Debug-iphonesimulator/FindFood.build/Objects-normal/arm64/FindFood-Swift.h -import-objc-header /Users/vinay/Documents/Github/FindFood/FindFood/FindFood-FE/ios/FindFood/FindFood-Bridging-Header.h -pch-output-dir /Users/vinay/Library/Developer/Xcode/DerivedData/FindFood-ceewejdexqlrirddbceaqvuunhkx/Build/Intermediates.noindex/PrecompiledHeaders -working-directory /Users/vinay/Documents/Github/FindFood/FindFood/FindFood-FE/ios -experimental-emit-module-separately -disable-cmo

Copy /Users/vinay/Library/Developer/Xcode/DerivedData/FindFood-ceewejdexqlrirddbceaqvuunhkx/Build/Products/Debug-iphonesimulator/FindFood.swiftmodule/arm64-apple-ios-simulator.abi.json /Users/vinay/Library/Developer/Xcode/DerivedData/FindFood-ceewejdexqlrirddbceaqvuunhkx/Build/Intermediates.noindex/FindFood.build/Debug-iphonesimulator/FindFood.build/Objects-normal/arm64/FindFood.abi.json (in target 'FindFood' from project 'FindFood')
    cd /Users/vinay/Documents/Github/FindFood/FindFood/FindFood-FE/ios
    builtin-copy -exclude .DS_Store -exclude CVS -exclude .svn -exclude .git -exclude .hg -resolve-src-symlinks -rename /Users/vinay/Library/Developer/Xcode/DerivedData/FindFood-ceewejdexqlrirddbceaqvuunhkx/Build/Intermediates.noindex/FindFood.build/Debug-iphonesimulator/FindFood.build/Objects-normal/arm64/FindFood.abi.json /Users/vinay/Library/Developer/Xcode/DerivedData/FindFood-ceewejdexqlrirddbceaqvuunhkx/Build/Products/Debug-iphonesimulator/FindFood.swiftmodule/arm64-apple-ios-simulator.abi.json

Copy /Users/vinay/Library/Developer/Xcode/DerivedData/FindFood-ceewejdexqlrirddbceaqvuunhkx/Build/Products/Debug-iphonesimulator/FindFood.swiftmodule/Project/arm64-apple-ios-simulator.swiftsourceinfo /Users/vinay/Library/Developer/Xcode/DerivedData/FindFood-ceewejdexqlrirddbceaqvuunhkx/Build/Intermediates.noindex/FindFood.build/Debug-iphonesimulator/FindFood.build/Objects-normal/arm64/FindFood.swiftsourceinfo (in target 'FindFood' from project 'FindFood')
    cd /Users/vinay/Documents/Github/FindFood/FindFood/FindFood-FE/ios
    builtin-copy -exclude .DS_Store -exclude CVS -exclude .svn -exclude .git -exclude .hg -resolve-src-symlinks -rename /Users/vinay/Library/Developer/Xcode/DerivedData/FindFood-ceewejdexqlrirddbceaqvuunhkx/Build/Intermediates.noindex/FindFood.build/Debug-iphonesimulator/FindFood.build/Objects-normal/arm64/FindFood.swiftsourceinfo /Users/vinay/Library/Developer/Xcode/DerivedData/FindFood-ceewejdexqlrirddbceaqvuunhkx/Build/Products/Debug-iphonesimulator/FindFood.swiftmodule/Project/arm64-apple-ios-simulator.swiftsourceinfo

Ld /Users/vinay/Library/Developer/Xcode/DerivedData/FindFood-ceewejdexqlrirddbceaqvuunhkx/Build/Products/Debug-iphonesimulator/FindFood.app/FindFood.debug.dylib normal (in target 'FindFood' from project 'FindFood')
    cd /Users/vinay/Documents/Github/FindFood/FindFood/FindFood-FE/ios
    /Applications/Xcode.app/Contents/Developer/Toolchains/XcodeDefault.xctoolchain/usr/bin/clang -Xlinker -reproducible -target arm64-apple-ios15.1-simulator -dynamiclib -isysroot /Applications/Xcode.app/Contents/Developer/Platforms/iPhoneSimulator.platform/Developer/SDKs/iPhoneSimulator26.2.sdk -O0 -L/Users/vinay/Library/Developer/Xcode/DerivedData/FindFood-ceewejdexqlrirddbceaqvuunhkx/Build/Intermediates.noindex/EagerLinkingTBDs/Debug-iphonesimulator -L/Users/vinay/Library/Developer/Xcode/DerivedData/FindFood-ceewejdexqlrirddbceaqvuunhkx/Build/Products/Debug-iphonesimulator -L/Applications/Xcode.app/Contents/Developer/Platforms/iPhoneSimulator.platform/Developer/SDKs/iPhoneSimulator26.2.sdk/usr/lib/swift -L/Users/vinay/Library/Developer/Xcode/DerivedData/FindFood-ceewejdexqlrirddbceaqvuunhkx/Build/Products/Debug-iphonesimulator/AppAuth -L/Users/vinay/Library/Developer/Xcode/DerivedData/FindFood-ceewejdexqlrirddbceaqvuunhkx/Build/Products/Debug-iphonesimulator/AppCheckCore -L/Users/vinay/Library/Developer/Xcode/DerivedData/FindFood-ceewejdexqlrirddbceaqvuunhkx/Build/Products/Debug-iphonesimulator/EXConstants -L/Users/vinay/Library/Developer/Xcode/DerivedData/FindFood-ceewejdexqlrirddbceaqvuunhkx/Build/Products/Debug-iphonesimulator/EXJSONUtils -L/Users/vinay/Library/Developer/Xcode/DerivedData/FindFood-ceewejdexqlrirddbceaqvuunhkx/Build/Products/Debug-iphonesimulator/EXManifests -L/Users/vinay/Library/Developer/Xcode/DerivedData/FindFood-ceewejdexqlrirddbceaqvuunhkx/Build/Products/Debug-iphonesimulator/EXUpdatesInterface -L/Users/vinay/Library/Developer/Xcode/DerivedData/FindFood-ceewejdexqlrirddbceaqvuunhkx/Build/Products/Debug-iphonesimulator/Expo -L/Users/vinay/Library/Developer/Xcode/DerivedData/FindFood-ceewejdexqlrirddbceaqvuunhkx/Build/Products/Debug-iphonesimulator/ExpoAdapterGoogleSignIn -L/Users/vinay/Library/Developer/Xcode/DerivedData/FindFood-ceewejdexqlrirddbceaqvuunhkx/Build/Products/Debug-iphonesimulator/ExpoAsset -L/Users/vinay/Library/Developer/Xcode/DerivedData/FindFood-ceewejdexqlrirddbceaqvuunhkx/Build/Products/Debug-iphonesimulator/ExpoFileSystem -L/Users/vinay/Library/Developer/Xcode/DerivedData/FindFood-ceewejdexqlrirddbceaqvuunhkx/Build/Products/Debug-iphonesimulator/ExpoFont -L/Users/vinay/Library/Developer/Xcode/DerivedData/FindFood-ceewejdexqlrirddbceaqvuunhkx/Build/Products/Debug-iphonesimulator/ExpoKeepAwake -L/Users/vinay/Library/Developer/Xcode/DerivedData/FindFood-ceewejdexqlrirddbceaqvuunhkx/Build/Products/Debug-iphonesimulator/ExpoLocation -L/Users/vinay/Library/Developer/Xcode/DerivedData/FindFood-ceewejdexqlrirddbceaqvuunhkx/Build/Products/Debug-iphonesimulator/ExpoModulesCore -L/Users/vinay/Library/Developer/Xcode/DerivedData/FindFood-ceewejdexqlrirddbceaqvuunhkx/Build/Products/Debug-iphonesimulator/GTMAppAuth -L/Users/vinay/Library/Developer/Xcode/DerivedData/FindFood-ceewejdexqlrirddbceaqvuunhkx/Build/Products/Debug-iphonesimulator/GTMSessionFetcher -L/Users/vinay/Library/Developer/Xcode/DerivedData/FindFood-ceewejdexqlrirddbceaqvuunhkx/Build/Products/Debug-iphonesimulator/GoogleSignIn -L/Users/vinay/Library/Developer/Xcode/DerivedData/FindFood-ceewejdexqlrirddbceaqvuunhkx/Build/Products/Debug-iphonesimulator/GoogleUtilities -L/Users/vinay/Library/Developer/Xcode/DerivedData/FindFood-ceewejdexqlrirddbceaqvuunhkx/Build/Products/Debug-iphonesimulator/PromisesObjC -L/Users/vinay/Library/Developer/Xcode/DerivedData/FindFood-ceewejdexqlrirddbceaqvuunhkx/Build/Products/Debug-iphonesimulator/RNCAsyncStorage -L/Users/vinay/Library/Developer/Xcode/DerivedData/FindFood-ceewejdexqlrirddbceaqvuunhkx/Build/Products/Debug-iphonesimulator/RNGestureHandler -L/Users/vinay/Library/Developer/Xcode/DerivedData/FindFood-ceewejdexqlrirddbceaqvuunhkx/Build/Products/Debug-iphonesimulator/RNGoogleSignin -L/Users/vinay/Library/Developer/Xcode/DerivedData/FindFood-ceewejdexqlrirddbceaqvuunhkx/Build/Products/Debug-iphonesimulator/RNSVG -L/Users/vinay/Library/Developer/Xcode/DerivedData/FindFood-ceewejdexqlrirddbceaqvuunhkx/Build/Products/Debug-iphonesimulator/RNScreens -L/Users/vinay/Library/Developer/Xcode/DerivedData/FindFood-ceewejdexqlrirddbceaqvuunhkx/Build/Products/Debug-iphonesimulator/ReactAppDependencyProvider -L/Users/vinay/Library/Developer/Xcode/DerivedData/FindFood-ceewejdexqlrirddbceaqvuunhkx/Build/Products/Debug-iphonesimulator/ReactCodegen -L/Users/vinay/Library/Developer/Xcode/DerivedData/FindFood-ceewejdexqlrirddbceaqvuunhkx/Build/Products/Debug-iphonesimulator/expo-dev-launcher -L/Users/vinay/Library/Developer/Xcode/DerivedData/FindFood-ceewejdexqlrirddbceaqvuunhkx/Build/Products/Debug-iphonesimulator/expo-dev-menu -L/Users/vinay/Library/Developer/Xcode/DerivedData/FindFood-ceewejdexqlrirddbceaqvuunhkx/Build/Products/Debug-iphonesimulator/expo-dev-menu-interface -L/Users/vinay/Library/Developer/Xcode/DerivedData/FindFood-ceewejdexqlrirddbceaqvuunhkx/Build/Products/Debug-iphonesimulator/react-native-maps -L/Users/vinay/Library/Developer/Xcode/DerivedData/FindFood-ceewejdexqlrirddbceaqvuunhkx/Build/Products/Debug-iphonesimulator/react-native-safe-area-context -L/Applications/Xcode.app/Contents/Developer/Toolchains/XcodeDefault.xctoolchain/usr/lib/swift/iphonesimulator -L/Applications/Xcode.app/Contents/Developer/Platforms/iPhoneSimulator.platform/Developer/SDKs/iPhoneSimulator26.2.sdk/usr/lib/swift -F/Users/vinay/Library/Developer/Xcode/DerivedData/FindFood-ceewejdexqlrirddbceaqvuunhkx/Build/Intermediates.noindex/EagerLinkingTBDs/Debug-iphonesimulator -F/Users/vinay/Library/Developer/Xcode/DerivedData/FindFood-ceewejdexqlrirddbceaqvuunhkx/Build/Products/Debug-iphonesimulator -F/Users/vinay/Documents/Github/FindFood/FindFood/FindFood-FE/ios/Pods/React-Core-prebuilt -F/Users/vinay/Documents/Github/FindFood/FindFood/FindFood-FE/ios/Pods/ReactNativeDependencies/framework/packages/react-native -F/Users/vinay/Documents/Github/FindFood/FindFood/FindFood-FE/ios/Pods/hermes-engine/destroot/Library/Frameworks/universal -F/Users/vinay/Library/Developer/Xcode/DerivedData/FindFood-ceewejdexqlrirddbceaqvuunhkx/Build/Products/Debug-iphonesimulator/XCFrameworkIntermediates/React-Core-prebuilt -F/Users/vinay/Library/Developer/Xcode/DerivedData/FindFood-ceewejdexqlrirddbceaqvuunhkx/Build/Products/Debug-iphonesimulator/XCFrameworkIntermediates/ReactNativeDependencies -F/Users/vinay/Library/Developer/Xcode/DerivedData/FindFood-ceewejdexqlrirddbceaqvuunhkx/Build/Products/Debug-iphonesimulator/XCFrameworkIntermediates/hermes-engine/Pre-built -filelist /Users/vinay/Library/Developer/Xcode/DerivedData/FindFood-ceewejdexqlrirddbceaqvuunhkx/Build/Intermediates.noindex/FindFood.build/Debug-iphonesimulator/FindFood.build/Objects-normal/arm64/FindFood.LinkFileList -install_name @rpath/FindFood.debug.dylib -Xlinker -rpath -Xlinker /usr/lib/swift -Xlinker -rpath -Xlinker @executable_path/Frameworks -Xlinker -rpath -Xlinker @loader_path/Frameworks -dead_strip -Xlinker -object_path_lto -Xlinker /Users/vinay/Library/Developer/Xcode/DerivedData/FindFood-ceewejdexqlrirddbceaqvuunhkx/Build/Intermediates.noindex/FindFood.build/Debug-iphonesimulator/FindFood.build/Objects-normal/arm64/FindFood_lto.o -rdynamic -Xlinker -no_deduplicate -Xlinker -objc_abi_version -Xlinker 2 -Xlinker -dependency_info -Xlinker /Users/vinay/Library/Developer/Xcode/DerivedData/FindFood-ceewejdexqlrirddbceaqvuunhkx/Build/Intermediates.noindex/FindFood.build/Debug-iphonesimulator/FindFood.build/Objects-normal/arm64/FindFood_dependency_info.dat -fobjc-link-runtime -L/Applications/Xcode.app/Contents/Developer/Toolchains/XcodeDefault.xctoolchain/usr/lib/swift/iphonesimulator -L/usr/lib/swift -Xlinker -add_ast_path -Xlinker /Users/vinay/Library/Developer/Xcode/DerivedData/FindFood-ceewejdexqlrirddbceaqvuunhkx/Build/Intermediates.noindex/FindFood.build/Debug-iphonesimulator/FindFood.build/Objects-normal/arm64/FindFood.swiftmodule -ObjC -lAppAuth -lAppCheckCore -lEXConstants -lEXJSONUtils -lEXManifests -lEXUpdatesInterface -lExpo -lExpoAdapterGoogleSignIn -lExpoAsset -lExpoFileSystem -lExpoFont -lExpoKeepAwake -lExpoLocation -lExpoModulesCore -lGTMAppAuth -lGTMSessionFetcher -lGoogleSignIn -lGoogleUtilities -lPromisesObjC -lRNCAsyncStorage -lRNGestureHandler -lRNGoogleSignin -lRNSVG -lRNScreens -lReactAppDependencyProvider -lReactCodegen -lexpo-dev-launcher -lexpo-dev-menu -lexpo-dev-menu-interface -lreact-native-maps -lreact-native-safe-area-context -framework Accelerate -framework AudioToolbox -framework CoreGraphics -framework CoreText -framework Foundation -framework ImageIO -framework LocalAuthentication -framework MobileCoreServices -framework QuartzCore -framework React -framework ReactNativeDependencies -framework SafariServices -framework Security -framework UIKit -framework hermes -weak_framework AuthenticationServices -weak_framework DeviceCheck -weak_framework JavaScriptCore -ObjC -lc++ -Xlinker -alias -Xlinker _main -Xlinker ___debug_main_executable_dylib_entry_point -lPods-FindFood -Xlinker -no_adhoc_codesign -o /Users/vinay/Library/Developer/Xcode/DerivedData/FindFood-ceewejdexqlrirddbceaqvuunhkx/Build/Products/Debug-iphonesimulator/FindFood.app/FindFood.debug.dylib

ConstructStubExecutorLinkFileList /Users/vinay/Library/Developer/Xcode/DerivedData/FindFood-ceewejdexqlrirddbceaqvuunhkx/Build/Intermediates.noindex/FindFood.build/Debug-iphonesimulator/FindFood.build/FindFood-ExecutorLinkFileList-normal-arm64.txt (in target 'FindFood' from project 'FindFood')
    cd /Users/vinay/Documents/Github/FindFood/FindFood/FindFood-FE/ios
    construct-stub-executor-link-file-list /Users/vinay/Library/Developer/Xcode/DerivedData/FindFood-ceewejdexqlrirddbceaqvuunhkx/Build/Products/Debug-iphonesimulator/FindFood.app/FindFood.debug.dylib /Applications/Xcode.app/Contents/Developer/Platforms/iPhoneSimulator.platform/Developer/usr/lib/libPreviewsJITStubExecutor_no_swift_entry_point.a /Applications/Xcode.app/Contents/Developer/Platforms/iPhoneSimulator.platform/Developer/usr/lib/libPreviewsJITStubExecutor.a --output /Users/vinay/Library/Developer/Xcode/DerivedData/FindFood-ceewejdexqlrirddbceaqvuunhkx/Build/Intermediates.noindex/FindFood.build/Debug-iphonesimulator/FindFood.build/FindFood-ExecutorLinkFileList-normal-arm64.txt
note: Using stub executor library with Swift entry point. (in target 'FindFood' from project 'FindFood')

GenerateDSYMFile /Users/vinay/Library/Developer/Xcode/DerivedData/FindFood-ceewejdexqlrirddbceaqvuunhkx/Build/Products/Debug-iphonesimulator/FindFood.app.dSYM /Users/vinay/Library/Developer/Xcode/DerivedData/FindFood-ceewejdexqlrirddbceaqvuunhkx/Build/Products/Debug-iphonesimulator/FindFood.app/FindFood.debug.dylib (in target 'FindFood' from project 'FindFood')
    cd /Users/vinay/Documents/Github/FindFood/FindFood/FindFood-FE/ios
    /Applications/Xcode.app/Contents/Developer/Toolchains/XcodeDefault.xctoolchain/usr/bin/dsymutil /Users/vinay/Library/Developer/Xcode/DerivedData/FindFood-ceewejdexqlrirddbceaqvuunhkx/Build/Products/Debug-iphonesimulator/FindFood.app/FindFood.debug.dylib -o /Users/vinay/Library/Developer/Xcode/DerivedData/FindFood-ceewejdexqlrirddbceaqvuunhkx/Build/Products/Debug-iphonesimulator/FindFood.app.dSYM

Ld /Users/vinay/Library/Developer/Xcode/DerivedData/FindFood-ceewejdexqlrirddbceaqvuunhkx/Build/Products/Debug-iphonesimulator/FindFood.app/FindFood normal (in target 'FindFood' from project 'FindFood')
    cd /Users/vinay/Documents/Github/FindFood/FindFood/FindFood-FE/ios
    /Applications/Xcode.app/Contents/Developer/Toolchains/XcodeDefault.xctoolchain/usr/bin/clang -Xlinker -reproducible -target arm64-apple-ios15.1-simulator -isysroot /Applications/Xcode.app/Contents/Developer/Platforms/iPhoneSimulator.platform/Developer/SDKs/iPhoneSimulator26.2.sdk -O0 -L/Users/vinay/Library/Developer/Xcode/DerivedData/FindFood-ceewejdexqlrirddbceaqvuunhkx/Build/Products/Debug-iphonesimulator -L/Applications/Xcode.app/Contents/Developer/Platforms/iPhoneSimulator.platform/Developer/SDKs/iPhoneSimulator26.2.sdk/usr/lib/swift -L/Users/vinay/Library/Developer/Xcode/DerivedData/FindFood-ceewejdexqlrirddbceaqvuunhkx/Build/Products/Debug-iphonesimulator/AppAuth -L/Users/vinay/Library/Developer/Xcode/DerivedData/FindFood-ceewejdexqlrirddbceaqvuunhkx/Build/Products/Debug-iphonesimulator/AppCheckCore -L/Users/vinay/Library/Developer/Xcode/DerivedData/FindFood-ceewejdexqlrirddbceaqvuunhkx/Build/Products/Debug-iphonesimulator/EXConstants -L/Users/vinay/Library/Developer/Xcode/DerivedData/FindFood-ceewejdexqlrirddbceaqvuunhkx/Build/Products/Debug-iphonesimulator/EXJSONUtils -L/Users/vinay/Library/Developer/Xcode/DerivedData/FindFood-ceewejdexqlrirddbceaqvuunhkx/Build/Products/Debug-iphonesimulator/EXManifests -L/Users/vinay/Library/Developer/Xcode/DerivedData/FindFood-ceewejdexqlrirddbceaqvuunhkx/Build/Products/Debug-iphonesimulator/EXUpdatesInterface -L/Users/vinay/Library/Developer/Xcode/DerivedData/FindFood-ceewejdexqlrirddbceaqvuunhkx/Build/Products/Debug-iphonesimulator/Expo -L/Users/vinay/Library/Developer/Xcode/DerivedData/FindFood-ceewejdexqlrirddbceaqvuunhkx/Build/Products/Debug-iphonesimulator/ExpoAdapterGoogleSignIn -L/Users/vinay/Library/Developer/Xcode/DerivedData/FindFood-ceewejdexqlrirddbceaqvuunhkx/Build/Products/Debug-iphonesimulator/ExpoAsset -L/Users/vinay/Library/Developer/Xcode/DerivedData/FindFood-ceewejdexqlrirddbceaqvuunhkx/Build/Products/Debug-iphonesimulator/ExpoFileSystem -L/Users/vinay/Library/Developer/Xcode/DerivedData/FindFood-ceewejdexqlrirddbceaqvuunhkx/Build/Products/Debug-iphonesimulator/ExpoFont -L/Users/vinay/Library/Developer/Xcode/DerivedData/FindFood-ceewejdexqlrirddbceaqvuunhkx/Build/Products/Debug-iphonesimulator/ExpoKeepAwake -L/Users/vinay/Library/Developer/Xcode/DerivedData/FindFood-ceewejdexqlrirddbceaqvuunhkx/Build/Products/Debug-iphonesimulator/ExpoLocation -L/Users/vinay/Library/Developer/Xcode/DerivedData/FindFood-ceewejdexqlrirddbceaqvuunhkx/Build/Products/Debug-iphonesimulator/ExpoModulesCore -L/Users/vinay/Library/Developer/Xcode/DerivedData/FindFood-ceewejdexqlrirddbceaqvuunhkx/Build/Products/Debug-iphonesimulator/GTMAppAuth -L/Users/vinay/Library/Developer/Xcode/DerivedData/FindFood-ceewejdexqlrirddbceaqvuunhkx/Build/Products/Debug-iphonesimulator/GTMSessionFetcher -L/Users/vinay/Library/Developer/Xcode/DerivedData/FindFood-ceewejdexqlrirddbceaqvuunhkx/Build/Products/Debug-iphonesimulator/GoogleSignIn -L/Users/vinay/Library/Developer/Xcode/DerivedData/FindFood-ceewejdexqlrirddbceaqvuunhkx/Build/Products/Debug-iphonesimulator/GoogleUtilities -L/Users/vinay/Library/Developer/Xcode/DerivedData/FindFood-ceewejdexqlrirddbceaqvuunhkx/Build/Products/Debug-iphonesimulator/PromisesObjC -L/Users/vinay/Library/Developer/Xcode/DerivedData/FindFood-ceewejdexqlrirddbceaqvuunhkx/Build/Products/Debug-iphonesimulator/RNCAsyncStorage -L/Users/vinay/Library/Developer/Xcode/DerivedData/FindFood-ceewejdexqlrirddbceaqvuunhkx/Build/Products/Debug-iphonesimulator/RNGestureHandler -L/Users/vinay/Library/Developer/Xcode/DerivedData/FindFood-ceewejdexqlrirddbceaqvuunhkx/Build/Products/Debug-iphonesimulator/RNGoogleSignin -L/Users/vinay/Library/Developer/Xcode/DerivedData/FindFood-ceewejdexqlrirddbceaqvuunhkx/Build/Products/Debug-iphonesimulator/RNSVG -L/Users/vinay/Library/Developer/Xcode/DerivedData/FindFood-ceewejdexqlrirddbceaqvuunhkx/Build/Products/Debug-iphonesimulator/RNScreens -L/Users/vinay/Library/Developer/Xcode/DerivedData/FindFood-ceewejdexqlrirddbceaqvuunhkx/Build/Products/Debug-iphonesimulator/ReactAppDependencyProvider -L/Users/vinay/Library/Developer/Xcode/DerivedData/FindFood-ceewejdexqlrirddbceaqvuunhkx/Build/Products/Debug-iphonesimulator/ReactCodegen -L/Users/vinay/Library/Developer/Xcode/DerivedData/FindFood-ceewejdexqlrirddbceaqvuunhkx/Build/Products/Debug-iphonesimulator/expo-dev-launcher -L/Users/vinay/Library/Developer/Xcode/DerivedData/FindFood-ceewejdexqlrirddbceaqvuunhkx/Build/Products/Debug-iphonesimulator/expo-dev-menu -L/Users/vinay/Library/Developer/Xcode/DerivedData/FindFood-ceewejdexqlrirddbceaqvuunhkx/Build/Products/Debug-iphonesimulator/expo-dev-menu-interface -L/Users/vinay/Library/Developer/Xcode/DerivedData/FindFood-ceewejdexqlrirddbceaqvuunhkx/Build/Products/Debug-iphonesimulator/react-native-maps -L/Users/vinay/Library/Developer/Xcode/DerivedData/FindFood-ceewejdexqlrirddbceaqvuunhkx/Build/Products/Debug-iphonesimulator/react-native-safe-area-context -L/Applications/Xcode.app/Contents/Developer/Toolchains/XcodeDefault.xctoolchain/usr/lib/swift/iphonesimulator -L/Applications/Xcode.app/Contents/Developer/Platforms/iPhoneSimulator.platform/Developer/SDKs/iPhoneSimulator26.2.sdk/usr/lib/swift -F/Users/vinay/Library/Developer/Xcode/DerivedData/FindFood-ceewejdexqlrirddbceaqvuunhkx/Build/Products/Debug-iphonesimulator -F/Users/vinay/Documents/Github/FindFood/FindFood/FindFood-FE/ios/Pods/React-Core-prebuilt -F/Users/vinay/Documents/Github/FindFood/FindFood/FindFood-FE/ios/Pods/ReactNativeDependencies/framework/packages/react-native -F/Users/vinay/Documents/Github/FindFood/FindFood/FindFood-FE/ios/Pods/hermes-engine/destroot/Library/Frameworks/universal -F/Users/vinay/Library/Developer/Xcode/DerivedData/FindFood-ceewejdexqlrirddbceaqvuunhkx/Build/Products/Debug-iphonesimulator/XCFrameworkIntermediates/React-Core-prebuilt -F/Users/vinay/Library/Developer/Xcode/DerivedData/FindFood-ceewejdexqlrirddbceaqvuunhkx/Build/Products/Debug-iphonesimulator/XCFrameworkIntermediates/ReactNativeDependencies -F/Users/vinay/Library/Developer/Xcode/DerivedData/FindFood-ceewejdexqlrirddbceaqvuunhkx/Build/Products/Debug-iphonesimulator/XCFrameworkIntermediates/hermes-engine/Pre-built -Xlinker -rpath -Xlinker @executable_path -Xlinker -rpath -Xlinker /usr/lib/swift -Xlinker -rpath -Xlinker @executable_path/Frameworks -Xlinker -rpath -Xlinker @loader_path/Frameworks -rdynamic -Xlinker -no_deduplicate -Xlinker -objc_abi_version -Xlinker 2 -e ___debug_blank_executor_main -Xlinker -sectcreate -Xlinker __TEXT -Xlinker __debug_dylib -Xlinker /Users/vinay/Library/Developer/Xcode/DerivedData/FindFood-ceewejdexqlrirddbceaqvuunhkx/Build/Intermediates.noindex/FindFood.build/Debug-iphonesimulator/FindFood.build/FindFood-DebugDylibPath-normal-arm64.txt -Xlinker -sectcreate -Xlinker __TEXT -Xlinker __debug_instlnm -Xlinker /Users/vinay/Library/Developer/Xcode/DerivedData/FindFood-ceewejdexqlrirddbceaqvuunhkx/Build/Intermediates.noindex/FindFood.build/Debug-iphonesimulator/FindFood.build/FindFood-DebugDylibInstallName-normal-arm64.txt -Xlinker -filelist -Xlinker /Users/vinay/Library/Developer/Xcode/DerivedData/FindFood-ceewejdexqlrirddbceaqvuunhkx/Build/Intermediates.noindex/FindFood.build/Debug-iphonesimulator/FindFood.build/FindFood-ExecutorLinkFileList-normal-arm64.txt -Xlinker -sectcreate -Xlinker __TEXT -Xlinker __entitlements -Xlinker /Users/vinay/Library/Developer/Xcode/DerivedData/FindFood-ceewejdexqlrirddbceaqvuunhkx/Build/Intermediates.noindex/FindFood.build/Debug-iphonesimulator/FindFood.build/FindFood.app-Simulated.xcent -Xlinker -sectcreate -Xlinker __TEXT -Xlinker __ents_der -Xlinker /Users/vinay/Library/Developer/Xcode/DerivedData/FindFood-ceewejdexqlrirddbceaqvuunhkx/Build/Intermediates.noindex/FindFood.build/Debug-iphonesimulator/FindFood.build/FindFood.app-Simulated.xcent.der /Users/vinay/Library/Developer/Xcode/DerivedData/FindFood-ceewejdexqlrirddbceaqvuunhkx/Build/Products/Debug-iphonesimulator/FindFood.app/FindFood.debug.dylib -Xlinker -no_adhoc_codesign -o /Users/vinay/Library/Developer/Xcode/DerivedData/FindFood-ceewejdexqlrirddbceaqvuunhkx/Build/Products/Debug-iphonesimulator/FindFood.app/FindFood

GenerateDSYMFile /Users/vinay/Library/Developer/Xcode/DerivedData/FindFood-ceewejdexqlrirddbceaqvuunhkx/Build/Products/Debug-iphonesimulator/FindFood.app.dSYM /Users/vinay/Library/Developer/Xcode/DerivedData/FindFood-ceewejdexqlrirddbceaqvuunhkx/Build/Products/Debug-iphonesimulator/FindFood.app/FindFood (in target 'FindFood' from project 'FindFood')
    cd /Users/vinay/Documents/Github/FindFood/FindFood/FindFood-FE/ios
    /Applications/Xcode.app/Contents/Developer/Toolchains/XcodeDefault.xctoolchain/usr/bin/dsymutil -q /Users/vinay/Library/Developer/Xcode/DerivedData/FindFood-ceewejdexqlrirddbceaqvuunhkx/Build/Products/Debug-iphonesimulator/FindFood.app/FindFood -o /Users/vinay/Library/Developer/Xcode/DerivedData/FindFood-ceewejdexqlrirddbceaqvuunhkx/Build/Products/Debug-iphonesimulator/FindFood.app.dSYM

PhaseScriptExecution Bundle\ React\ Native\ code\ and\ images /Users/vinay/Library/Developer/Xcode/DerivedData/FindFood-ceewejdexqlrirddbceaqvuunhkx/Build/Intermediates.noindex/FindFood.build/Debug-iphonesimulator/FindFood.build/Script-00DD1BFF1BD5951E006B06BC.sh (in target 'FindFood' from project 'FindFood')
    cd /Users/vinay/Documents/Github/FindFood/FindFood/FindFood-FE/ios
    export ACTION\=build
    export AD_HOC_CODE_SIGNING_ALLOWED\=YES
    export AGGREGATE_TRACKED_DOMAINS\=YES
    export ALLOW_BUILD_REQUEST_OVERRIDES\=NO
    export ALLOW_TARGET_PLATFORM_SPECIALIZATION\=NO
    export ALTERNATE_GROUP\=staff
    export ALTERNATE_MODE\=u+w,go-w,a+rX
    export ALTERNATE_OWNER\=vinay
    export ALTERNATIVE_DISTRIBUTION_WEB\=NO
    export ALWAYS_EMBED_SWIFT_STANDARD_LIBRARIES\=YES
    export ALWAYS_SEARCH_USER_PATHS\=NO
    export ALWAYS_USE_SEPARATE_HEADERMAPS\=NO
    export APPLICATION_EXTENSION_API_ONLY\=NO
    export APPLY_RULES_IN_COPY_FILES\=NO
    export APPLY_RULES_IN_COPY_HEADERS\=NO
    export APP_SHORTCUTS_ENABLE_FLEXIBLE_MATCHING\=YES
    export ARCHS\=arm64
    export ARCHS_STANDARD\=arm64\ x86_64
    export ARCHS_STANDARD_32_64_BIT\=arm64\ x86_64
    export ARCHS_STANDARD_64_BIT\=arm64\ x86_64
    export ARCHS_STANDARD_INCLUDING_64_BIT\=arm64\ x86_64
    export ARCHS_UNIVERSAL_IPHONE_OS\=arm64\ x86_64
    export ASSETCATALOG_COMPILER_APPICON_NAME\=AppIcon
    export ASSETCATALOG_FILTER_FOR_DEVICE_MODEL\=iPhone18,1
    export ASSETCATALOG_FILTER_FOR_DEVICE_OS_VERSION\=26.2
    export ASSETCATALOG_FILTER_FOR_THINNING_DEVICE_CONFIGURATION\=iPhone18,1
    export AUTOMATICALLY_MERGE_DEPENDENCIES\=NO
    export AUTOMATION_APPLE_EVENTS\=NO
    export AVAILABLE_PLATFORMS\=android\ appletvos\ appletvsimulator\ driverkit\ iphoneos\ iphonesimulator\ macosx\ qnx\ watchos\ watchsimulator\ webassembly\ xros\ xrsimulator
    export AppIdentifierPrefix\=FAKETEAMID.
    export BUILD_ACTIVE_RESOURCES_ONLY\=YES
    export BUILD_COMPONENTS\=headers\ build
    export BUILD_DIR\=/Users/vinay/Library/Developer/Xcode/DerivedData/FindFood-ceewejdexqlrirddbceaqvuunhkx/Build/Products
    export BUILD_LIBRARY_FOR_DISTRIBUTION\=NO
    export BUILD_ROOT\=/Users/vinay/Library/Developer/Xcode/DerivedData/FindFood-ceewejdexqlrirddbceaqvuunhkx/Build/Products
    export BUILD_STYLE\=
    export BUILD_VARIANTS\=normal
    export BUILT_PRODUCTS_DIR\=/Users/vinay/Library/Developer/Xcode/DerivedData/FindFood-ceewejdexqlrirddbceaqvuunhkx/Build/Products/Debug-iphonesimulator
    export BUNDLE_CONTENTS_FOLDER_PATH_deep\=Contents/
    export BUNDLE_EXECUTABLE_FOLDER_NAME_deep\=MacOS
    export BUNDLE_EXTENSIONS_FOLDER_PATH\=Extensions
    export BUNDLE_FORMAT\=shallow
    export BUNDLE_FRAMEWORKS_FOLDER_PATH\=Frameworks
    export BUNDLE_PLUGINS_FOLDER_PATH\=PlugIns
    export BUNDLE_PRIVATE_HEADERS_FOLDER_PATH\=PrivateHeaders
    export BUNDLE_PUBLIC_HEADERS_FOLDER_PATH\=Headers
    export CACHE_ROOT\=/var/folders/06/_s174lw542d0bq70l6m4_t8r0000gn/C/com.apple.DeveloperTools/26.2-17C52/Xcode
    export CCHROOT\=/var/folders/06/_s174lw542d0bq70l6m4_t8r0000gn/C/com.apple.DeveloperTools/26.2-17C52/Xcode
    export CHMOD\=/bin/chmod
    export CHOWN\=/usr/sbin/chown
    export CLANG_ANALYZER_LOCALIZABILITY_NONLOCALIZED\=YES
    export CLANG_CACHE_FINE_GRAINED_OUTPUTS\=YES
    export CLANG_CXX_LANGUAGE_STANDARD\=c++20
    export CLANG_CXX_LIBRARY\=libc++
    export CLANG_ENABLE_EXPLICIT_MODULES\=YES
    export CLANG_ENABLE_MODULES\=YES
    export CLANG_ENABLE_OBJC_ARC\=YES
    export CLANG_MODULES_BUILD_SESSION_FILE\=/Users/vinay/Library/Developer/Xcode/DerivedData/ModuleCache.noindex/Session.modulevalidation
    export CLANG_WARN_BLOCK_CAPTURE_AUTORELEASING\=YES
    export CLANG_WARN_BOOL_CONVERSION\=YES
    export CLANG_WARN_COMMA\=YES
    export CLANG_WARN_CONSTANT_CONVERSION\=YES
    export CLANG_WARN_DEPRECATED_OBJC_IMPLEMENTATIONS\=YES
    export CLANG_WARN_DIRECT_OBJC_ISA_USAGE\=YES_ERROR
    export CLANG_WARN_EMPTY_BODY\=YES
    export CLANG_WARN_ENUM_CONVERSION\=YES
    export CLANG_WARN_INFINITE_RECURSION\=YES
    export CLANG_WARN_INT_CONVERSION\=YES
    export CLANG_WARN_NON_LITERAL_NULL_CONVERSION\=YES
    export CLANG_WARN_OBJC_IMPLICIT_RETAIN_SELF\=YES
    export CLANG_WARN_OBJC_LITERAL_CONVERSION\=YES
    export CLANG_WARN_OBJC_ROOT_CLASS\=YES_ERROR
    export CLANG_WARN_QUOTED_INCLUDE_IN_FRAMEWORK_HEADER\=NO
    export CLANG_WARN_RANGE_LOOP_ANALYSIS\=YES
    export CLANG_WARN_STRICT_PROTOTYPES\=YES
    export CLANG_WARN_SUSPICIOUS_MOVE\=YES
    export CLANG_WARN_UNREACHABLE_CODE\=YES
    export CLANG_WARN__DUPLICATE_METHOD_MATCH\=YES
    export CLASS_FILE_DIR\=/Users/vinay/Library/Developer/Xcode/DerivedData/FindFood-ceewejdexqlrirddbceaqvuunhkx/Build/Intermediates.noindex/FindFood.build/Debug-iphonesimulator/FindFood.build/JavaClasses
    export CLEAN_PRECOMPS\=YES
    export CLONE_HEADERS\=NO
    export CODESIGNING_FOLDER_PATH\=/Users/vinay/Library/Developer/Xcode/DerivedData/FindFood-ceewejdexqlrirddbceaqvuunhkx/Build/Products/Debug-iphonesimulator/FindFood.app
    export CODE_SIGNING_ALLOWED\=YES
    export CODE_SIGNING_REQUIRED\=YES
    export CODE_SIGN_CONTEXT_CLASS\=XCiPhoneSimulatorCodeSignContext
    export CODE_SIGN_ENTITLEMENTS\=FindFood/FindFood.entitlements
    export CODE_SIGN_IDENTITY\=-
    export CODE_SIGN_INJECT_BASE_ENTITLEMENTS\=YES
    export COLOR_DIAGNOSTICS\=NO
    export COMBINE_HIDPI_IMAGES\=NO
    export COMPILATION_CACHE_CAS_PATH\=/Users/vinay/Library/Developer/Xcode/DerivedData/CompilationCache.noindex
    export COMPILATION_CACHE_KEEP_CAS_DIRECTORY\=YES
    export COMPILER_INDEX_STORE_ENABLE\=Default
    export COMPOSITE_SDK_DIRS\=/Users/vinay/Library/Developer/Xcode/DerivedData/FindFood-ceewejdexqlrirddbceaqvuunhkx/Build/Intermediates.noindex/CompositeSDKs
    export COMPRESS_PNG_FILES\=YES
    export CONFIGURATION\=Debug
    export CONFIGURATION_BUILD_DIR\=/Users/vinay/Library/Developer/Xcode/DerivedData/FindFood-ceewejdexqlrirddbceaqvuunhkx/Build/Products/Debug-iphonesimulator
    export CONFIGURATION_TEMP_DIR\=/Users/vinay/Library/Developer/Xcode/DerivedData/FindFood-ceewejdexqlrirddbceaqvuunhkx/Build/Intermediates.noindex/FindFood.build/Debug-iphonesimulator
    export CONTENTS_FOLDER_PATH\=FindFood.app
    export CONTENTS_FOLDER_PATH_SHALLOW_BUNDLE_NO\=FindFood.app/Contents
    export CONTENTS_FOLDER_PATH_SHALLOW_BUNDLE_YES\=FindFood.app
    export COPYING_PRESERVES_HFS_DATA\=NO
    export COPY_HEADERS_RUN_UNIFDEF\=NO
    export COPY_PHASE_STRIP\=NO
    export CORRESPONDING_DEVICE_PLATFORM_DIR\=/Applications/Xcode.app/Contents/Developer/Platforms/iPhoneOS.platform
    export CORRESPONDING_DEVICE_PLATFORM_NAME\=iphoneos
    export CORRESPONDING_DEVICE_SDK_DIR\=/Applications/Xcode.app/Contents/Developer/Platforms/iPhoneOS.platform/Developer/SDKs/iPhoneOS26.2.sdk
    export CORRESPONDING_DEVICE_SDK_NAME\=iphoneos26.2
    export CP\=/bin/cp
    export CREATE_INFOPLIST_SECTION_IN_BINARY\=NO
    export CURRENT_ARCH\=undefined_arch
    export CURRENT_PROJECT_VERSION\=1
    export CURRENT_VARIANT\=normal
    export DEAD_CODE_STRIPPING\=YES
    export DEBUGGING_SYMBOLS\=YES
    export DEBUG_INFORMATION_FORMAT\=dwarf-with-dsym
    export DEBUG_INFORMATION_VERSION\=compiler-default
    export DEFAULT_COMPILER\=com.apple.compilers.llvm.clang.1_0
    export DEFAULT_DEXT_INSTALL_PATH\=/System/Library/DriverExtensions
    export DEFAULT_KEXT_INSTALL_PATH\=/System/Library/Extensions
    export DEFINES_MODULE\=NO
    export DEPLOYMENT_LOCATION\=NO
    export DEPLOYMENT_POSTPROCESSING\=NO
    export DEPLOYMENT_TARGET_SETTING_NAME\=IPHONEOS_DEPLOYMENT_TARGET
    export DEPLOYMENT_TARGET_SUGGESTED_VALUES\=12.0\ 12.1\ 12.2\ 12.3\ 12.4\ 13.0\ 13.1\ 13.2\ 13.3\ 13.4\ 13.5\ 13.6\ 14.0\ 14.1\ 14.2\ 14.3\ 14.4\ 14.5\ 14.6\ 14.7\ 15.0\ 15.1\ 15.2\ 15.3\ 15.4\ 15.5\ 15.6\ 16.0\ 16.1\ 16.2\ 16.3\ 16.4\ 16.5\ 16.6\ 17.0\ 17.1\ 17.2\ 17.3\ 17.4\ 17.5\ 17.6\ 18.0\ 18.1\ 18.2\ 18.3\ 18.4\ 18.5\ 18.6\ 26.0\ 26.1\ 26.2
    export DERIVED_FILES_DIR\=/Users/vinay/Library/Developer/Xcode/DerivedData/FindFood-ceewejdexqlrirddbceaqvuunhkx/Build/Intermediates.noindex/FindFood.build/Debug-iphonesimulator/FindFood.build/DerivedSources
    export DERIVED_FILE_DIR\=/Users/vinay/Library/Developer/Xcode/DerivedData/FindFood-ceewejdexqlrirddbceaqvuunhkx/Build/Intermediates.noindex/FindFood.build/Debug-iphonesimulator/FindFood.build/DerivedSources
    export DERIVED_SOURCES_DIR\=/Users/vinay/Library/Developer/Xcode/DerivedData/FindFood-ceewejdexqlrirddbceaqvuunhkx/Build/Intermediates.noindex/FindFood.build/Debug-iphonesimulator/FindFood.build/DerivedSources
    export DEVELOPER_APPLICATIONS_DIR\=/Applications/Xcode.app/Contents/Developer/Applications
    export DEVELOPER_BIN_DIR\=/Applications/Xcode.app/Contents/Developer/usr/bin
    export DEVELOPER_DIR\=/Applications/Xcode.app/Contents/Developer
    export DEVELOPER_FRAMEWORKS_DIR\=/Applications/Xcode.app/Contents/Developer/Library/Frameworks
    export DEVELOPER_FRAMEWORKS_DIR_QUOTED\=/Applications/Xcode.app/Contents/Developer/Library/Frameworks
    export DEVELOPER_LIBRARY_DIR\=/Applications/Xcode.app/Contents/Developer/Library
    export DEVELOPER_SDK_DIR\=/Applications/Xcode.app/Contents/Developer/Platforms/MacOSX.platform/Developer/SDKs
    export DEVELOPER_TOOLS_DIR\=/Applications/Xcode.app/Contents/Developer/Tools
    export DEVELOPER_USR_DIR\=/Applications/Xcode.app/Contents/Developer/usr
    export DEVELOPMENT_LANGUAGE\=en
    export DIAGNOSE_MISSING_TARGET_DEPENDENCIES\=YES
    export DIFF\=/usr/bin/diff
    export DOCUMENTATION_FOLDER_PATH\=FindFood.app/en.lproj/Documentation
    export DONT_GENERATE_INFOPLIST_FILE\=NO
    export DSTROOT\=/tmp/FindFood.dst
    export DT_TOOLCHAIN_DIR\=/Applications/Xcode.app/Contents/Developer/Toolchains/XcodeDefault.xctoolchain
    export DWARF_DSYM_FILE_NAME\=FindFood.app.dSYM
    export DWARF_DSYM_FILE_SHOULD_ACCOMPANY_PRODUCT\=NO
    export DWARF_DSYM_FOLDER_PATH\=/Users/vinay/Library/Developer/Xcode/DerivedData/FindFood-ceewejdexqlrirddbceaqvuunhkx/Build/Products/Debug-iphonesimulator
    export DYNAMIC_LIBRARY_EXTENSION\=dylib
    export EAGER_COMPILATION_ALLOW_SCRIPTS\=NO
    export EAGER_LINKING\=NO
    export EFFECTIVE_PLATFORM_NAME\=-iphonesimulator
    export EMBEDDED_CONTENT_CONTAINS_SWIFT\=NO
    export EMBED_ASSET_PACKS_IN_PRODUCT_BUNDLE\=NO
    export ENABLE_APP_SANDBOX\=NO
    export ENABLE_BITCODE\=NO
    export ENABLE_CODE_COVERAGE\=YES
    export ENABLE_CPLUSPLUS_BOUNDS_SAFE_BUFFERS\=NO
    export ENABLE_C_BOUNDS_SAFETY\=NO
    export ENABLE_DEBUG_DYLIB\=YES
    export ENABLE_DEFAULT_HEADER_SEARCH_PATHS\=YES
    export ENABLE_DEFAULT_SEARCH_PATHS\=YES
    export ENABLE_ENHANCED_SECURITY\=NO
    export ENABLE_HARDENED_RUNTIME\=NO
    export ENABLE_HEADER_DEPENDENCIES\=YES
    export ENABLE_INCOMING_NETWORK_CONNECTIONS\=NO
    export ENABLE_ON_DEMAND_RESOURCES\=YES
    export ENABLE_OUTGOING_NETWORK_CONNECTIONS\=NO
    export ENABLE_POINTER_AUTHENTICATION\=NO
    export ENABLE_PREVIEWS\=NO
    export ENABLE_RESOURCE_ACCESS_AUDIO_INPUT\=NO
    export ENABLE_RESOURCE_ACCESS_BLUETOOTH\=NO
    export ENABLE_RESOURCE_ACCESS_CALENDARS\=NO
    export ENABLE_RESOURCE_ACCESS_CAMERA\=NO
    export ENABLE_RESOURCE_ACCESS_CONTACTS\=NO
    export ENABLE_RESOURCE_ACCESS_LOCATION\=NO
    export ENABLE_RESOURCE_ACCESS_PHOTO_LIBRARY\=NO
    export ENABLE_RESOURCE_ACCESS_PRINTING\=NO
    export ENABLE_RESOURCE_ACCESS_USB\=NO
    export ENABLE_SDK_IMPORTS\=NO
    export ENABLE_SECURITY_COMPILER_WARNINGS\=NO
    export ENABLE_STRICT_OBJC_MSGSEND\=YES
    export ENABLE_TESTABILITY\=YES
    export ENABLE_TESTING_SEARCH_PATHS\=NO
    export ENABLE_USER_SCRIPT_SANDBOXING\=NO
    export ENABLE_XOJIT_PREVIEWS\=YES
    export ENFORCE_VALID_ARCHS\=YES
    export ENTITLEMENTS_ALLOWED\=NO
    export ENTITLEMENTS_DESTINATION\=__entitlements
    export ENTITLEMENTS_REQUIRED\=NO
    export EXCLUDED_INSTALLSRC_SUBDIRECTORY_PATTERNS\=.DS_Store\ .svn\ .git\ .hg\ CVS
    export EXCLUDED_RECURSIVE_SEARCH_PATH_SUBDIRECTORIES\=\*.nib\ \*.lproj\ \*.framework\ \*.gch\ \*.xcode\*\ \*.xcassets\ \*.icon\ \(\*\)\ .DS_Store\ CVS\ .svn\ .git\ .hg\ \*.pbproj\ \*.pbxproj
    export EXECUTABLES_FOLDER_PATH\=FindFood.app/Executables
    export EXECUTABLE_BLANK_INJECTION_DYLIB_PATH\=FindFood.app/__preview.dylib
    export EXECUTABLE_DEBUG_DYLIB_INSTALL_NAME\=@rpath/FindFood.debug.dylib
    export EXECUTABLE_DEBUG_DYLIB_PATH\=FindFood.app/FindFood.debug.dylib
    export EXECUTABLE_FOLDER_PATH\=FindFood.app
    export EXECUTABLE_FOLDER_PATH_SHALLOW_BUNDLE_NO\=FindFood.app/MacOS
    export EXECUTABLE_FOLDER_PATH_SHALLOW_BUNDLE_YES\=FindFood.app
    export EXECUTABLE_NAME\=FindFood
    export EXECUTABLE_PATH\=FindFood.app/FindFood
    export EXPANDED_CODE_SIGN_IDENTITY\=-
    export EXPANDED_CODE_SIGN_IDENTITY_NAME\=Sign\ to\ Run\ Locally
    export EXTENSIONS_FOLDER_PATH\=FindFood.app/Extensions
    export FILE_LIST\=/Users/vinay/Library/Developer/Xcode/DerivedData/FindFood-ceewejdexqlrirddbceaqvuunhkx/Build/Intermediates.noindex/FindFood.build/Debug-iphonesimulator/FindFood.build/Objects/LinkFileList
    export FIXED_FILES_DIR\=/Users/vinay/Library/Developer/Xcode/DerivedData/FindFood-ceewejdexqlrirddbceaqvuunhkx/Build/Intermediates.noindex/FindFood.build/Debug-iphonesimulator/FindFood.build/FixedFiles
    export FRAMEWORKS_FOLDER_PATH\=FindFood.app/Frameworks
    export FRAMEWORK_FLAG_PREFIX\=-framework
    export FRAMEWORK_SEARCH_PATHS\=/Users/vinay/Library/Developer/Xcode/DerivedData/FindFood-ceewejdexqlrirddbceaqvuunhkx/Build/Products/Debug-iphonesimulator\ \ \"/Users/vinay/Documents/Github/FindFood/FindFood/FindFood-FE/ios/Pods/React-Core-prebuilt\"\ \"/Users/vinay/Documents/Github/FindFood/FindFood/FindFood-FE/ios/Pods/ReactNativeDependencies/framework/packages/react-native\"\ \"/Users/vinay/Documents/Github/FindFood/FindFood/FindFood-FE/ios/Pods/hermes-engine/destroot/Library/Frameworks/universal\"\ \"/Users/vinay/Library/Developer/Xcode/DerivedData/FindFood-ceewejdexqlrirddbceaqvuunhkx/Build/Products/Debug-iphonesimulator/XCFrameworkIntermediates/React-Core-prebuilt\"\ \"/Users/vinay/Library/Developer/Xcode/DerivedData/FindFood-ceewejdexqlrirddbceaqvuunhkx/Build/Products/Debug-iphonesimulator/XCFrameworkIntermediates/ReactNativeDependencies\"\ \"/Users/vinay/Library/Developer/Xcode/DerivedData/FindFood-ceewejdexqlrirddbceaqvuunhkx/Build/Products/Debug-iphonesimulator/XCFrameworkIntermediates/hermes-engine/Pre-built\"
    export FRAMEWORK_VERSION\=A
    export FULL_PRODUCT_NAME\=FindFood.app
    export FUSE_BUILD_PHASES\=YES
    export FUSE_BUILD_SCRIPT_PHASES\=NO
    export GCC3_VERSION\=3.3
    export GCC_C_LANGUAGE_STANDARD\=gnu99
    export GCC_DYNAMIC_NO_PIC\=NO
    export GCC_INLINES_ARE_PRIVATE_EXTERN\=YES
    export GCC_NO_COMMON_BLOCKS\=YES
    export GCC_OBJC_LEGACY_DISPATCH\=YES
    export GCC_OPTIMIZATION_LEVEL\=0
    export GCC_PFE_FILE_C_DIALECTS\=c\ objective-c\ c++\ objective-c++
    export GCC_PREPROCESSOR_DEFINITIONS\=DEBUG\=1\ \ COCOAPODS\=1\ EX_DEV_LAUNCHER_VERSION\=6.0.20\ EX_DEV_MENU_ENABLED\=1\ FB_SONARKIT_ENABLED\=1
    export GCC_SYMBOLS_PRIVATE_EXTERN\=NO
    export GCC_TREAT_WARNINGS_AS_ERRORS\=NO
    export GCC_VERSION\=com.apple.compilers.llvm.clang.1_0
    export GCC_VERSION_IDENTIFIER\=com_apple_compilers_llvm_clang_1_0
    export GCC_WARN_64_TO_32_BIT_CONVERSION\=YES
    export GCC_WARN_ABOUT_RETURN_TYPE\=YES_ERROR
    export GCC_WARN_UNDECLARED_SELECTOR\=YES
    export GCC_WARN_UNINITIALIZED_AUTOS\=YES_AGGRESSIVE
    export GCC_WARN_UNUSED_FUNCTION\=YES
    export GCC_WARN_UNUSED_VARIABLE\=YES
    export GENERATED_MODULEMAP_DIR\=/Users/vinay/Library/Developer/Xcode/DerivedData/FindFood-ceewejdexqlrirddbceaqvuunhkx/Build/Intermediates.noindex/GeneratedModuleMaps-iphonesimulator
    export GENERATE_INFOPLIST_FILE\=NO
    export GENERATE_INTERMEDIATE_TEXT_BASED_STUBS\=YES
    export GENERATE_PKGINFO_FILE\=YES
    export GENERATE_PRELINK_OBJECT_FILE\=NO
    export GENERATE_PROFILING_CODE\=NO
    export GENERATE_TEXT_BASED_STUBS\=NO
    export GID\=20
    export GROUP\=staff
    export HEADERMAP_INCLUDES_FLAT_ENTRIES_FOR_TARGET_BEING_BUILT\=YES
    export HEADERMAP_INCLUDES_FRAMEWORK_ENTRIES_FOR_ALL_PRODUCT_TYPES\=YES
    export HEADERMAP_INCLUDES_FRAMEWORK_ENTRIES_FOR_TARGETS_NOT_BEING_BUILT\=YES
    export HEADERMAP_INCLUDES_NONPUBLIC_NONPRIVATE_HEADERS\=YES
    export HEADERMAP_INCLUDES_PROJECT_HEADERS\=YES
    export HEADERMAP_USES_FRAMEWORK_PREFIX_ENTRIES\=YES
    export HEADERMAP_USES_VFS\=NO
    export HEADER_SEARCH_PATHS\=/Users/vinay/Library/Developer/Xcode/DerivedData/FindFood-ceewejdexqlrirddbceaqvuunhkx/Build/Products/Debug-iphonesimulator/include\ \ \"/Users/vinay/Documents/Github/FindFood/FindFood/FindFood-FE/ios/Pods/Headers/Public\"\ \"/Users/vinay/Documents/Github/FindFood/FindFood/FindFood-FE/ios/Pods/Headers/Public/AppAuth\"\ \"/Users/vinay/Documents/Github/FindFood/FindFood/FindFood-FE/ios/Pods/Headers/Public/AppCheckCore\"\ \"/Users/vinay/Documents/Github/FindFood/FindFood/FindFood-FE/ios/Pods/Headers/Public/EXConstants\"\ \"/Users/vinay/Documents/Github/FindFood/FindFood/FindFood-FE/ios/Pods/Headers/Public/EXJSONUtils\"\ \"/Users/vinay/Documents/Github/FindFood/FindFood/FindFood-FE/ios/Pods/Headers/Public/Expo\"\ \"/Users/vinay/Documents/Github/FindFood/FindFood/FindFood-FE/ios/Pods/Headers/Public/ExpoFileSystem\"\ \"/Users/vinay/Documents/Github/FindFood/FindFood/FindFood-FE/ios/Pods/Headers/Public/ExpoLocation\"\ \"/Users/vinay/Documents/Github/FindFood/FindFood/FindFood-FE/ios/Pods/Headers/Public/ExpoModulesCore\"\ \"/Users/vinay/Documents/Github/FindFood/FindFood/FindFood-FE/ios/Pods/Headers/Public/FBLazyVector\"\ \"/Users/vinay/Documents/Github/FindFood/FindFood/FindFood-FE/ios/Pods/Headers/Public/GTMSessionFetcher\"\ \"/Users/vinay/Documents/Github/FindFood/FindFood/FindFood-FE/ios/Pods/Headers/Public/GoogleSignIn\"\ \"/Users/vinay/Documents/Github/FindFood/FindFood/FindFood-FE/ios/Pods/Headers/Public/GoogleUtilities\"\ \"/Users/vinay/Documents/Github/FindFood/FindFood/FindFood-FE/ios/Pods/Headers/Public/PromisesObjC\"\ \"/Users/vinay/Documents/Github/FindFood/FindFood/FindFood-FE/ios/Pods/Headers/Public/RCTDeprecation\"\ \"/Users/vinay/Documents/Github/FindFood/FindFood/FindFood-FE/ios/Pods/Headers/Public/RCTRequired\"\ \"/Users/vinay/Documents/Github/FindFood/FindFood/FindFood-FE/ios/Pods/Headers/Public/RCTTypeSafety\"\ \"/Users/vinay/Documents/Github/FindFood/FindFood/FindFood-FE/ios/Pods/Headers/Public/RNCAsyncStorage\"\ \"/Users/vinay/Documents/Github/FindFood/FindFood/FindFood-FE/ios/Pods/Headers/Public/RNGestureHandler\"\ \"/Users/vinay/Documents/Github/FindFood/FindFood/FindFood-FE/ios/Pods/Headers/Public/RNGoogleSignin\"\ \"/Users/vinay/Documents/Github/FindFood/FindFood/FindFood-FE/ios/Pods/Headers/Public/RNSVG\"\ \"/Users/vinay/Documents/Github/FindFood/FindFood/FindFood-FE/ios/Pods/Headers/Public/RNScreens\"\ \"/Users/vinay/Documents/Github/FindFood/FindFood/FindFood-FE/ios/Pods/Headers/Public/React-Core\"\ \"/Users/vinay/Documents/Github/FindFood/FindFood/FindFood-FE/ios/Pods/Headers/Public/React-Core-prebuilt\"\ \"/Users/vinay/Documents/Github/FindFood/FindFood/FindFood-FE/ios/Pods/Headers/Public/React-CoreModules\"\ \"/Users/vinay/Documents/Github/FindFood/FindFood/FindFood-FE/ios/Pods/Headers/Public/React-Fabric\"\ \"/Users/vinay/Documents/Github/FindFood/FindFood/FindFood-FE/ios/Pods/Headers/Public/React-FabricComponents\"\ \"/Users/vinay/Documents/Github/FindFood/FindFood/FindFood-FE/ios/Pods/Headers/Public/React-FabricImage\"\ \"/Users/vinay/Documents/Github/FindFood/FindFood/FindFood-FE/ios/Pods/Headers/Public/React-ImageManager\"\ \"/Users/vinay/Documents/Github/FindFood/FindFood/FindFood-FE/ios/Pods/Headers/Public/React-Mapbuffer\"\ \"/Users/vinay/Documents/Github/FindFood/FindFood/FindFood-FE/ios/Pods/Headers/Public/React-NativeModulesApple\"\ \"/Users/vinay/Documents/Github/FindFood/FindFood/FindFood-FE/ios/Pods/Headers/Public/React-RCTAnimation\"\ \"/Users/vinay/Documents/Github/FindFood/FindFood/FindFood-FE/ios/Pods/Headers/Public/React-RCTAppDelegate\"\ \"/Users/vinay/Documents/Github/FindFood/FindFood/FindFood-FE/ios/Pods/Headers/Public/React-RCTBlob\"\ \"/Users/vinay/Documents/Github/FindFood/FindFood/FindFood-FE/ios/Pods/Headers/Public/React-RCTFBReactNativeSpec\"\ \"/Users/vinay/Documents/Github/FindFood/FindFood/FindFood-FE/ios/Pods/Headers/Public/React-RCTFabric\"\ \"/Users/vinay/Documents/Github/FindFood/FindFood/FindFood-FE/ios/Pods/Headers/Public/React-RCTImage\"\ \"/Users/vinay/Documents/Github/FindFood/FindFood/FindFood-FE/ios/Pods/Headers/Public/React-RCTRuntime\"\ \"/Users/vinay/Documents/Github/FindFood/FindFood/FindFood-FE/ios/Pods/Headers/Public/React-RCTSettings\"\ \"/Users/vinay/Documents/Github/FindFood/FindFood/FindFood-FE/ios/Pods/Headers/Public/React-RCTText\"\ \"/Users/vinay/Documents/Github/FindFood/FindFood/FindFood-FE/ios/Pods/Headers/Public/React-RCTVibration\"\ \"/Users/vinay/Documents/Github/FindFood/FindFood/FindFood-FE/ios/Pods/Headers/Public/React-RuntimeApple\"\ \"/Users/vinay/Documents/Github/FindFood/FindFood/FindFood-FE/ios/Pods/Headers/Public/React-RuntimeCore\"\ \"/Users/vinay/Documents/Github/FindFood/FindFood/FindFood-FE/ios/Pods/Headers/Public/React-RuntimeHermes\"\ \"/Users/vinay/Documents/Github/FindFood/FindFood/FindFood-FE/ios/Pods/Headers/Public/React-callinvoker\"\ \"/Users/vinay/Documents/Github/FindFood/FindFood/FindFood-FE/ios/Pods/Headers/Public/React-cxxreact\"\ \"/Users/vinay/Documents/Github/FindFood/FindFood/FindFood-FE/ios/Pods/Headers/Public/React-debug\"\ \"/Users/vinay/Documents/Github/FindFood/FindFood/FindFood-FE/ios/Pods/Headers/Public/React-defaultsnativemodule\"\ \"/Users/vinay/Documents/Github/FindFood/FindFood/FindFood-FE/ios/Pods/Headers/Public/React-domnativemodule\"\ \"/Users/vinay/Documents/Github/FindFood/FindFood/FindFood-FE/ios/Pods/Headers/Public/React-featureflags\"\ \"/Users/vinay/Documents/Github/FindFood/FindFood/FindFood-FE/ios/Pods/Headers/Public/React-featureflagsnativemodule\"\ \"/Users/vinay/Documents/Github/FindFood/FindFood/FindFood-FE/ios/Pods/Headers/Public/React-graphics\"\ \"/Users/vinay/Documents/Github/FindFood/FindFood/FindFood-FE/ios/Pods/Headers/Public/React-hermes\"\ \"/Users/vinay/Documents/Github/FindFood/FindFood/FindFood-FE/ios/Pods/Headers/Public/React-idlecallbacksnativemodule\"\ \"/Users/vinay/Documents/Github/FindFood/FindFood/FindFood-FE/ios/Pods/Headers/Public/React-jserrorhandler\"\ \"/Users/vinay/Documents/Github/FindFood/FindFood/FindFood-FE/ios/Pods/Headers/Public/React-jsi\"\ \"/Users/vinay/Documents/Github/FindFood/FindFood/FindFood-FE/ios/Pods/Headers/Public/React-jsiexecutor\"\ \"/Users/vinay/Documents/Github/FindFood/FindFood/FindFood-FE/ios/Pods/Headers/Public/React-jsinspector\"\ \"/Users/vinay/Documents/Github/FindFood/FindFood/FindFood-FE/ios/Pods/Headers/Public/React-jsinspectorcdp\"\ \"/Users/vinay/Documents/Github/FindFood/FindFood/FindFood-FE/ios/Pods/Headers/Public/React-jsinspectornetwork\"\ \"/Users/vinay/Documents/Github/FindFood/FindFood/FindFood-FE/ios/Pods/Headers/Public/React-jsinspectortracing\"\ \"/Users/vinay/Documents/Github/FindFood/FindFood/FindFood-FE/ios/Pods/Headers/Public/React-jsitooling\"\ \"/Users/vinay/Documents/Github/FindFood/FindFood/FindFood-FE/ios/Pods/Headers/Public/React-logger\"\ \"/Users/vinay/Documents/Github/FindFood/FindFood/FindFood-FE/ios/Pods/Headers/Public/React-microtasksnativemodule\"\ \"/Users/vinay/Documents/Github/FindFood/FindFood/FindFood-FE/ios/Pods/Headers/Public/React-oscompat\"\ \"/Users/vinay/Documents/Github/FindFood/FindFood/FindFood-FE/ios/Pods/Headers/Public/React-perflogger\"\ \"/Users/vinay/Documents/Github/FindFood/FindFood/FindFood-FE/ios/Pods/Headers/Public/React-performancetimeline\"\ \"/Users/vinay/Documents/Github/FindFood/FindFood/FindFood-FE/ios/Pods/Headers/Public/React-rendererconsistency\"\ \"/Users/vinay/Documents/Github/FindFood/FindFood/FindFood-FE/ios/Pods/Headers/Public/React-renderercss\"\ \"/Users/vinay/Documents/Github/FindFood/FindFood/FindFood-FE/ios/Pods/Headers/Public/React-rendererdebug\"\ \"/Users/vinay/Documents/Github/FindFood/FindFood/FindFood-FE/ios/Pods/Headers/Public/React-runtimeexecutor\"\ \"/Users/vinay/Documents/Github/FindFood/FindFood/FindFood-FE/ios/Pods/Headers/Public/React-runtimescheduler\"\ \"/Users/vinay/Documents/Github/FindFood/FindFood/FindFood-FE/ios/Pods/Headers/Public/React-timing\"\ \"/Users/vinay/Documents/Github/FindFood/FindFood/FindFood-FE/ios/Pods/Headers/Public/React-utils\"\ \"/Users/vinay/Documents/Github/FindFood/FindFood/FindFood-FE/ios/Pods/Headers/Public/ReactAppDependencyProvider\"\ \"/Users/vinay/Documents/Github/FindFood/FindFood/FindFood-FE/ios/Pods/Headers/Public/ReactCodegen\"\ \"/Users/vinay/Documents/Github/FindFood/FindFood/FindFood-FE/ios/Pods/Headers/Public/ReactCommon\"\ \"/Users/vinay/Documents/Github/FindFood/FindFood/FindFood-FE/ios/Pods/Headers/Public/ReactNativeDependencies\"\ \"/Users/vinay/Documents/Github/FindFood/FindFood/FindFood-FE/ios/Pods/Headers/Public/Yoga\"\ \"/Users/vinay/Documents/Github/FindFood/FindFood/FindFood-FE/ios/Pods/Headers/Public/expo-dev-launcher\"\ \"/Users/vinay/Documents/Github/FindFood/FindFood/FindFood-FE/ios/Pods/Headers/Public/expo-dev-menu\"\ \"/Users/vinay/Documents/Github/FindFood/FindFood/FindFood-FE/ios/Pods/Headers/Public/hermes-engine\"\ \"/Users/vinay/Documents/Github/FindFood/FindFood/FindFood-FE/ios/Pods/Headers/Public/react-native-maps\"\ \"/Users/vinay/Documents/Github/FindFood/FindFood/FindFood-FE/ios/Pods/Headers/Public/react-native-safe-area-context\"\ \"/Users/vinay/Library/Developer/Xcode/DerivedData/FindFood-ceewejdexqlrirddbceaqvuunhkx/Build/Products/Debug-iphonesimulator/EXManifests/Swift\ Compatibility\ Header\"\ \"/Users/vinay/Library/Developer/Xcode/DerivedData/FindFood-ceewejdexqlrirddbceaqvuunhkx/Build/Products/Debug-iphonesimulator/EXUpdatesInterface/Swift\ Compatibility\ Header\"\ \"/Users/vinay/Library/Developer/Xcode/DerivedData/FindFood-ceewejdexqlrirddbceaqvuunhkx/Build/Products/Debug-iphonesimulator/Expo/Swift\ Compatibility\ Header\"\ \"/Users/vinay/Documents/Github/FindFood/FindFood/FindFood-FE/ios/Pods/Headers/Private/Yoga\"\ \"/Users/vinay/Library/Developer/Xcode/DerivedData/FindFood-ceewejdexqlrirddbceaqvuunhkx/Build/Products/Debug-iphonesimulator/ExpoModulesCore/Swift\ Compatibility\ Header\"\ \"/Users/vinay/Documents/Github/FindFood/FindFood/FindFood-FE/ios/Pods/Headers/Private/Yoga\"\ \"/Users/vinay/Documents/Github/FindFood/FindFood/FindFood-FE/ios/Pods/Headers/Private/React-Core\"\ \"/Users/vinay/Documents/Github/FindFood/FindFood/FindFood-FE/ios/Pods/Headers/Private/React-Core\"\ \"/Users/vinay/Documents/Github/FindFood/FindFood/FindFood-FE/ios/Pods/Headers/Private/Yoga\"\ \"/Users/vinay/Library/Developer/Xcode/DerivedData/FindFood-ceewejdexqlrirddbceaqvuunhkx/Build/Products/Debug-iphonesimulator/expo-dev-launcher/Swift\ Compatibility\ Header\"\ \"/Users/vinay/Library/Developer/Xcode/DerivedData/FindFood-ceewejdexqlrirddbceaqvuunhkx/Build/Products/Debug-iphonesimulator/expo-dev-menu/Swift\ Compatibility\ Header\"\ \"/Users/vinay/Library/Developer/Xcode/DerivedData/FindFood-ceewejdexqlrirddbceaqvuunhkx/Build/Products/Debug-iphonesimulator/expo-dev-menu-interface/Swift\ Compatibility\ Header\"
    export HOME\=/Users/vinay
    export HOST_ARCH\=arm64
    export HOST_PLATFORM\=macosx
    export ICONV\=/usr/bin/iconv
    export IMPLICIT_DEPENDENCY_DOMAIN\=default
    export INFOPLIST_ENABLE_CFBUNDLEICONS_MERGE\=YES
    export INFOPLIST_EXPAND_BUILD_SETTINGS\=YES
    export INFOPLIST_FILE\=FindFood/Info.plist
    export INFOPLIST_OUTPUT_FORMAT\=binary
    export INFOPLIST_PATH\=FindFood.app/Info.plist
    export INFOPLIST_PREPROCESS\=NO
    export INFOSTRINGS_PATH\=FindFood.app/en.lproj/InfoPlist.strings
    export INLINE_PRIVATE_FRAMEWORKS\=NO
    export INSTALLAPI_IGNORE_SKIP_INSTALL\=YES
    export INSTALLHDRS_COPY_PHASE\=NO
    export INSTALLHDRS_SCRIPT_PHASE\=NO
    export INSTALL_DIR\=/tmp/FindFood.dst/Applications
    export INSTALL_GROUP\=staff
    export INSTALL_MODE_FLAG\=u+w,go-w,a+rX
    export INSTALL_OWNER\=vinay
    export INSTALL_PATH\=/Applications
    export INSTALL_ROOT\=/tmp/FindFood.dst
    export IPHONEOS_DEPLOYMENT_TARGET\=15.1
    export IS_UNOPTIMIZED_BUILD\=YES
    export JAVAC_DEFAULT_FLAGS\=-J-Xms64m\ -J-XX:NewSize\=4M\ -J-Dfile.encoding\=UTF8
    export JAVA_APP_STUB\=/System/Library/Frameworks/JavaVM.framework/Resources/MacOS/JavaApplicationStub
    export JAVA_ARCHIVE_CLASSES\=YES
    export JAVA_ARCHIVE_TYPE\=JAR
    export JAVA_COMPILER\=/usr/bin/javac
    export JAVA_FOLDER_PATH\=FindFood.app/Java
    export JAVA_FRAMEWORK_RESOURCES_DIRS\=Resources
    export JAVA_JAR_FLAGS\=cv
    export JAVA_SOURCE_SUBDIR\=.
    export JAVA_USE_DEPENDENCIES\=YES
    export JAVA_ZIP_FLAGS\=-urg
    export JIKES_DEFAULT_FLAGS\=+E\ +OLDCSO
    export KEEP_PRIVATE_EXTERNS\=NO
    export LD_DEPENDENCY_INFO_FILE\=/Users/vinay/Library/Developer/Xcode/DerivedData/FindFood-ceewejdexqlrirddbceaqvuunhkx/Build/Intermediates.noindex/FindFood.build/Debug-iphonesimulator/FindFood.build/Objects-normal/undefined_arch/FindFood_dependency_info.dat
    export LD_ENTITLEMENTS_SECTION\=/Users/vinay/Library/Developer/Xcode/DerivedData/FindFood-ceewejdexqlrirddbceaqvuunhkx/Build/Intermediates.noindex/FindFood.build/Debug-iphonesimulator/FindFood.build/FindFood.app-Simulated.xcent
    export LD_ENTITLEMENTS_SECTION_DER\=/Users/vinay/Library/Developer/Xcode/DerivedData/FindFood-ceewejdexqlrirddbceaqvuunhkx/Build/Intermediates.noindex/FindFood.build/Debug-iphonesimulator/FindFood.build/FindFood.app-Simulated.xcent.der
    export LD_EXPORT_SYMBOLS\=YES
    export LD_GENERATE_MAP_FILE\=NO
    export LD_MAP_FILE_PATH\=/Users/vinay/Library/Developer/Xcode/DerivedData/FindFood-ceewejdexqlrirddbceaqvuunhkx/Build/Intermediates.noindex/FindFood.build/Debug-iphonesimulator/FindFood.build/FindFood-LinkMap-normal-undefined_arch.txt
    export LD_NO_PIE\=NO
    export LD_QUOTE_LINKER_ARGUMENTS_FOR_COMPILER_DRIVER\=YES
    export LD_RUNPATH_SEARCH_PATHS\=/usr/lib/swift\ \ /usr/lib/swift\ \'@executable_path/Frameworks\'\ \'@loader_path/Frameworks\'\ @executable_path/Frameworks
    export LD_RUNPATH_SEARCH_PATHS_YES\=@loader_path/../Frameworks
    export LD_SHARED_CACHE_ELIGIBLE\=Automatic
    export LD_WARN_DUPLICATE_LIBRARIES\=NO
    export LD_WARN_UNUSED_DYLIBS\=NO
    export LEGACY_DEVELOPER_DIR\=/Applications/Xcode.app/Contents/PlugIns/Xcode3Core.ideplugin/Contents/SharedSupport/Developer
    export LEX\=lex
    export LIBRARY_DEXT_INSTALL_PATH\=/Library/DriverExtensions
    export LIBRARY_FLAG_NOSPACE\=YES
    export LIBRARY_FLAG_PREFIX\=-l
    export LIBRARY_KEXT_INSTALL_PATH\=/Library/Extensions
    export LIBRARY_SEARCH_PATHS\=/Users/vinay/Library/Developer/Xcode/DerivedData/FindFood-ceewejdexqlrirddbceaqvuunhkx/Build/Products/Debug-iphonesimulator\ /Applications/Xcode.app/Contents/Developer/Platforms/iPhoneSimulator.platform/Developer/SDKs/iPhoneSimulator26.2.sdk/usr/lib/swift\ /Users/vinay/Library/Developer/Xcode/DerivedData/FindFood-ceewejdexqlrirddbceaqvuunhkx/Build/Products/Debug-iphonesimulator/AppAuth\ /Users/vinay/Library/Developer/Xcode/DerivedData/FindFood-ceewejdexqlrirddbceaqvuunhkx/Build/Products/Debug-iphonesimulator/AppCheckCore\ /Users/vinay/Library/Developer/Xcode/DerivedData/FindFood-ceewejdexqlrirddbceaqvuunhkx/Build/Products/Debug-iphonesimulator/EXConstants\ /Users/vinay/Library/Developer/Xcode/DerivedData/FindFood-ceewejdexqlrirddbceaqvuunhkx/Build/Products/Debug-iphonesimulator/EXJSONUtils\ /Users/vinay/Library/Developer/Xcode/DerivedData/FindFood-ceewejdexqlrirddbceaqvuunhkx/Build/Products/Debug-iphonesimulator/EXManifests\ /Users/vinay/Library/Developer/Xcode/DerivedData/FindFood-ceewejdexqlrirddbceaqvuunhkx/Build/Products/Debug-iphonesimulator/EXUpdatesInterface\ /Users/vinay/Library/Developer/Xcode/DerivedData/FindFood-ceewejdexqlrirddbceaqvuunhkx/Build/Products/Debug-iphonesimulator/Expo\ /Users/vinay/Library/Developer/Xcode/DerivedData/FindFood-ceewejdexqlrirddbceaqvuunhkx/Build/Products/Debug-iphonesimulator/ExpoAdapterGoogleSignIn\ /Users/vinay/Library/Developer/Xcode/DerivedData/FindFood-ceewejdexqlrirddbceaqvuunhkx/Build/Products/Debug-iphonesimulator/ExpoAsset\ /Users/vinay/Library/Developer/Xcode/DerivedData/FindFood-ceewejdexqlrirddbceaqvuunhkx/Build/Products/Debug-iphonesimulator/ExpoFileSystem\ /Users/vinay/Library/Developer/Xcode/DerivedData/FindFood-ceewejdexqlrirddbceaqvuunhkx/Build/Products/Debug-iphonesimulator/ExpoFont\ /Users/vinay/Library/Developer/Xcode/DerivedData/FindFood-ceewejdexqlrirddbceaqvuunhkx/Build/Products/Debug-iphonesimulator/ExpoKeepAwake\ /Users/vinay/Library/Developer/Xcode/DerivedData/FindFood-ceewejdexqlrirddbceaqvuunhkx/Build/Products/Debug-iphonesimulator/ExpoLocation\ /Users/vinay/Library/Developer/Xcode/DerivedData/FindFood-ceewejdexqlrirddbceaqvuunhkx/Build/Products/Debug-iphonesimulator/ExpoModulesCore\ /Users/vinay/Library/Developer/Xcode/DerivedData/FindFood-ceewejdexqlrirddbceaqvuunhkx/Build/Products/Debug-iphonesimulator/GTMAppAuth\ /Users/vinay/Library/Developer/Xcode/DerivedData/FindFood-ceewejdexqlrirddbceaqvuunhkx/Build/Products/Debug-iphonesimulator/GTMSessionFetcher\ /Users/vinay/Library/Developer/Xcode/DerivedData/FindFood-ceewejdexqlrirddbceaqvuunhkx/Build/Products/Debug-iphonesimulator/GoogleSignIn\ /Users/vinay/Library/Developer/Xcode/DerivedData/FindFood-ceewejdexqlrirddbceaqvuunhkx/Build/Products/Debug-iphonesimulator/GoogleUtilities\ /Users/vinay/Library/Developer/Xcode/DerivedData/FindFood-ceewejdexqlrirddbceaqvuunhkx/Build/Products/Debug-iphonesimulator/PromisesObjC\ /Users/vinay/Library/Developer/Xcode/DerivedData/FindFood-ceewejdexqlrirddbceaqvuunhkx/Build/Products/Debug-iphonesimulator/RNCAsyncStorage\ /Users/vinay/Library/Developer/Xcode/DerivedData/FindFood-ceewejdexqlrirddbceaqvuunhkx/Build/Products/Debug-iphonesimulator/RNGestureHandler\ /Users/vinay/Library/Developer/Xcode/DerivedData/FindFood-ceewejdexqlrirddbceaqvuunhkx/Build/Products/Debug-iphonesimulator/RNGoogleSignin\ /Users/vinay/Library/Developer/Xcode/DerivedData/FindFood-ceewejdexqlrirddbceaqvuunhkx/Build/Products/Debug-iphonesimulator/RNSVG\ /Users/vinay/Library/Developer/Xcode/DerivedData/FindFood-ceewejdexqlrirddbceaqvuunhkx/Build/Products/Debug-iphonesimulator/RNScreens\ /Users/vinay/Library/Developer/Xcode/DerivedData/FindFood-ceewejdexqlrirddbceaqvuunhkx/Build/Products/Debug-iphonesimulator/ReactAppDependencyProvider\ /Users/vinay/Library/Developer/Xcode/DerivedData/FindFood-ceewejdexqlrirddbceaqvuunhkx/Build/Products/Debug-iphonesimulator/ReactCodegen\ /Users/vinay/Library/Developer/Xcode/DerivedData/FindFood-ceewejdexqlrirddbceaqvuunhkx/Build/Products/Debug-iphonesimulator/expo-dev-launcher\ /Users/vinay/Library/Developer/Xcode/DerivedData/FindFood-ceewejdexqlrirddbceaqvuunhkx/Build/Products/Debug-iphonesimulator/expo-dev-menu\ /Users/vinay/Library/Developer/Xcode/DerivedData/FindFood-ceewejdexqlrirddbceaqvuunhkx/Build/Products/Debug-iphonesimulator/expo-dev-menu-interface\ /Users/vinay/Library/Developer/Xcode/DerivedData/FindFood-ceewejdexqlrirddbceaqvuunhkx/Build/Products/Debug-iphonesimulator/react-native-maps\ /Users/vinay/Library/Developer/Xcode/DerivedData/FindFood-ceewejdexqlrirddbceaqvuunhkx/Build/Products/Debug-iphonesimulator/react-native-safe-area-context\ /Applications/Xcode.app/Contents/Developer/Toolchains/XcodeDefault.xctoolchain/usr/lib/swift/iphonesimulator\ /Applications/Xcode.app/Contents/Developer/Platforms/iPhoneSimulator.platform/Developer/SDKs/iPhoneSimulator26.2.sdk/usr/lib/swift
    export LINKER_DISPLAYS_MANGLED_NAMES\=NO
    export LINK_FILE_LIST_normal_arm64\=/Users/vinay/Library/Developer/Xcode/DerivedData/FindFood-ceewejdexqlrirddbceaqvuunhkx/Build/Intermediates.noindex/FindFood.build/Debug-iphonesimulator/FindFood.build/Objects-normal/arm64/FindFood.LinkFileList
    export LINK_OBJC_RUNTIME\=YES
    export LINK_WITH_STANDARD_LIBRARIES\=YES
    export LLVM_TARGET_TRIPLE_OS_VERSION\=ios15.1
    export LLVM_TARGET_TRIPLE_SUFFIX\=-simulator
    export LLVM_TARGET_TRIPLE_VENDOR\=apple
    export LM_AUX_CONST_METADATA_LIST_PATH_normal_arm64\=/Users/vinay/Library/Developer/Xcode/DerivedData/FindFood-ceewejdexqlrirddbceaqvuunhkx/Build/Intermediates.noindex/FindFood.build/Debug-iphonesimulator/FindFood.build/Objects-normal/arm64/FindFood.SwiftConstValuesFileList
    export LOCALIZATION_EXPORT_SUPPORTED\=YES
    export LOCALIZATION_PREFERS_STRING_CATALOGS\=NO
    export LOCALIZED_RESOURCES_FOLDER_PATH\=FindFood.app/en.lproj
    export LOCALIZED_STRING_MACRO_NAMES\=NSLocalizedString\ CFCopyLocalizedString
    export LOCALIZED_STRING_SWIFTUI_SUPPORT\=YES
    export LOCAL_ADMIN_APPS_DIR\=/Applications/Utilities
    export LOCAL_APPS_DIR\=/Applications
    export LOCAL_DEVELOPER_DIR\=/Library/Developer
    export LOCAL_LIBRARY_DIR\=/Library
    export LOCROOT\=/Users/vinay/Documents/Github/FindFood/FindFood/FindFood-FE/ios
    export LOCSYMROOT\=/Users/vinay/Documents/Github/FindFood/FindFood/FindFood-FE/ios
    export MACH_O_TYPE\=mh_execute
    export MAC_OS_X_PRODUCT_BUILD_VERSION\=25C56
    export MAC_OS_X_VERSION_ACTUAL\=260200
    export MAC_OS_X_VERSION_MAJOR\=260000
    export MAC_OS_X_VERSION_MINOR\=260200
    export MAKE_MERGEABLE\=NO
    export MARKETING_VERSION\=1.0
    export MERGEABLE_LIBRARY\=NO
    export MERGED_BINARY_TYPE\=none
    export MERGE_LINKED_LIBRARIES\=NO
    export METAL_LIBRARY_FILE_BASE\=default
    export METAL_LIBRARY_OUTPUT_DIR\=/Users/vinay/Library/Developer/Xcode/DerivedData/FindFood-ceewejdexqlrirddbceaqvuunhkx/Build/Products/Debug-iphonesimulator/FindFood.app
    export MODULES_FOLDER_PATH\=FindFood.app/Modules
    export MODULE_CACHE_DIR\=/Users/vinay/Library/Developer/Xcode/DerivedData/ModuleCache.noindex
    export MTL_ENABLE_DEBUG_INFO\=YES
    export NATIVE_ARCH\=arm64
    export NATIVE_ARCH_32_BIT\=arm
    export NATIVE_ARCH_64_BIT\=arm64
    export NATIVE_ARCH_ACTUAL\=arm64
    export NO_COMMON\=YES
    export OBJC_ABI_VERSION\=2
    export OBJECT_FILE_DIR\=/Users/vinay/Library/Developer/Xcode/DerivedData/FindFood-ceewejdexqlrirddbceaqvuunhkx/Build/Intermediates.noindex/FindFood.build/Debug-iphonesimulator/FindFood.build/Objects
    export OBJECT_FILE_DIR_normal\=/Users/vinay/Library/Developer/Xcode/DerivedData/FindFood-ceewejdexqlrirddbceaqvuunhkx/Build/Intermediates.noindex/FindFood.build/Debug-iphonesimulator/FindFood.build/Objects-normal
    export OBJROOT\=/Users/vinay/Library/Developer/Xcode/DerivedData/FindFood-ceewejdexqlrirddbceaqvuunhkx/Build/Intermediates.noindex
    export ONLY_ACTIVE_ARCH\=YES
    export OS\=MACOS
    export OSAC\=/usr/bin/osacompile
    export OTHER_CFLAGS\=\ -fmodule-map-file\=\"/Users/vinay/Library/Developer/Xcode/DerivedData/FindFood-ceewejdexqlrirddbceaqvuunhkx/Build/Products/Debug-iphonesimulator/EXConstants/EXConstants.modulemap\"\ -fmodule-map-file\=\"/Users/vinay/Library/Developer/Xcode/DerivedData/FindFood-ceewejdexqlrirddbceaqvuunhkx/Build/Products/Debug-iphonesimulator/EXManifests/EXManifests.modulemap\"\ -fmodule-map-file\=\"/Users/vinay/Library/Developer/Xcode/DerivedData/FindFood-ceewejdexqlrirddbceaqvuunhkx/Build/Products/Debug-iphonesimulator/EXUpdatesInterface/EXUpdatesInterface.modulemap\"\ -fmodule-map-file\=\"/Users/vinay/Library/Developer/Xcode/DerivedData/FindFood-ceewejdexqlrirddbceaqvuunhkx/Build/Products/Debug-iphonesimulator/Expo/Expo.modulemap\"\ -fmodule-map-file\=\"/Users/vinay/Library/Developer/Xcode/DerivedData/FindFood-ceewejdexqlrirddbceaqvuunhkx/Build/Products/Debug-iphonesimulator/ExpoAdapterGoogleSignIn/ExpoAdapterGoogleSignIn.modulemap\"\ -fmodule-map-file\=\"/Users/vinay/Library/Developer/Xcode/DerivedData/FindFood-ceewejdexqlrirddbceaqvuunhkx/Build/Products/Debug-iphonesimulator/ExpoAsset/ExpoAsset.modulemap\"\ -fmodule-map-file\=\"/Users/vinay/Library/Developer/Xcode/DerivedData/FindFood-ceewejdexqlrirddbceaqvuunhkx/Build/Products/Debug-iphonesimulator/ExpoFileSystem/ExpoFileSystem.modulemap\"\ -fmodule-map-file\=\"/Users/vinay/Library/Developer/Xcode/DerivedData/FindFood-ceewejdexqlrirddbceaqvuunhkx/Build/Products/Debug-iphonesimulator/ExpoFont/ExpoFont.modulemap\"\ -fmodule-map-file\=\"/Users/vinay/Library/Developer/Xcode/DerivedData/FindFood-ceewejdexqlrirddbceaqvuunhkx/Build/Products/Debug-iphonesimulator/ExpoKeepAwake/ExpoKeepAwake.modulemap\"\ -fmodule-map-file\=\"/Users/vinay/Library/Developer/Xcode/DerivedData/FindFood-ceewejdexqlrirddbceaqvuunhkx/Build/Products/Debug-iphonesimulator/ExpoLocation/ExpoLocation.modulemap\"\ -fmodule-map-file\=\"/Users/vinay/Library/Developer/Xcode/DerivedData/FindFood-ceewejdexqlrirddbceaqvuunhkx/Build/Products/Debug-iphonesimulator/ExpoModulesCore/ExpoModulesCore.modulemap\"\ -fmodule-map-file\=\"/Users/vinay/Library/Developer/Xcode/DerivedData/FindFood-ceewejdexqlrirddbceaqvuunhkx/Build/Products/Debug-iphonesimulator/GTMAppAuth/GTMAppAuth.modulemap\"\ -fmodule-map-file\=\"/Users/vinay/Library/Developer/Xcode/DerivedData/FindFood-ceewejdexqlrirddbceaqvuunhkx/Build/Products/Debug-iphonesimulator/expo-dev-launcher/EXDevLauncher.modulemap\"\ -fmodule-map-file\=\"/Users/vinay/Library/Developer/Xcode/DerivedData/FindFood-ceewejdexqlrirddbceaqvuunhkx/Build/Products/Debug-iphonesimulator/expo-dev-menu-interface/EXDevMenuInterface.modulemap\"\ -fmodule-map-file\=\"/Users/vinay/Library/Developer/Xcode/DerivedData/FindFood-ceewejdexqlrirddbceaqvuunhkx/Build/Products/Debug-iphonesimulator/expo-dev-menu/EXDevMenu.modulemap\"\ -fmodule-map-file\=\"/Users/vinay/Documents/Github/FindFood/FindFood/FindFood-FE/ios/Pods/Headers/Public/AppAuth/AppAuth.modulemap\"\ -fmodule-map-file\=\"/Users/vinay/Documents/Github/FindFood/FindFood/FindFood-FE/ios/Pods/Headers/Public/EXJSONUtils/EXJSONUtils.modulemap\"\ -fmodule-map-file\=\"/Users/vinay/Documents/Github/FindFood/FindFood/FindFood-FE/ios/Pods/Headers/Public/FBLPromises/PromisesObjC.modulemap\"\ -fmodule-map-file\=\"/Users/vinay/Documents/Github/FindFood/FindFood/FindFood-FE/ios/Pods/Headers/Public/GTMSessionFetcher/GTMSessionFetcher.modulemap\"\ -fmodule-map-file\=\"/Users/vinay/Documents/Github/FindFood/FindFood/FindFood-FE/ios/Pods/Headers/Public/GoogleSignIn/GoogleSignIn.modulemap\"\ -fmodule-map-file\=\"/Users/vinay/Documents/Github/FindFood/FindFood/FindFood-FE/ios/Pods/Headers/Public/ReactAppDependencyProvider/ReactAppDependencyProvider.modulemap\"\ -fmodule-map-file\=\"/Users/vinay/Documents/Github/FindFood/FindFood/FindFood-FE/ios/Pods/Headers/Public/ReactCodegen/ReactCodegen.modulemap\"\ \ \ -DREACT_NATIVE_MINOR_VERSION\=81\ \ -DREACT_NATIVE_MINOR_VERSION\=81\ \ -DREACT_NATIVE_TARGET_VERSION\=81\ -DUSE_HERMES\ -DRN_FABRIC_ENABLED\ -DRCT_NEW_ARCH_ENABLED
    export OTHER_CPLUSPLUSFLAGS\=\ -fmodule-map-file\=\"/Users/vinay/Library/Developer/Xcode/DerivedData/FindFood-ceewejdexqlrirddbceaqvuunhkx/Build/Products/Debug-iphonesimulator/EXConstants/EXConstants.modulemap\"\ -fmodule-map-file\=\"/Users/vinay/Library/Developer/Xcode/DerivedData/FindFood-ceewejdexqlrirddbceaqvuunhkx/Build/Products/Debug-iphonesimulator/EXManifests/EXManifests.modulemap\"\ -fmodule-map-file\=\"/Users/vinay/Library/Developer/Xcode/DerivedData/FindFood-ceewejdexqlrirddbceaqvuunhkx/Build/Products/Debug-iphonesimulator/EXUpdatesInterface/EXUpdatesInterface.modulemap\"\ -fmodule-map-file\=\"/Users/vinay/Library/Developer/Xcode/DerivedData/FindFood-ceewejdexqlrirddbceaqvuunhkx/Build/Products/Debug-iphonesimulator/Expo/Expo.modulemap\"\ -fmodule-map-file\=\"/Users/vinay/Library/Developer/Xcode/DerivedData/FindFood-ceewejdexqlrirddbceaqvuunhkx/Build/Products/Debug-iphonesimulator/ExpoAdapterGoogleSignIn/ExpoAdapterGoogleSignIn.modulemap\"\ -fmodule-map-file\=\"/Users/vinay/Library/Developer/Xcode/DerivedData/FindFood-ceewejdexqlrirddbceaqvuunhkx/Build/Products/Debug-iphonesimulator/ExpoAsset/ExpoAsset.modulemap\"\ -fmodule-map-file\=\"/Users/vinay/Library/Developer/Xcode/DerivedData/FindFood-ceewejdexqlrirddbceaqvuunhkx/Build/Products/Debug-iphonesimulator/ExpoFileSystem/ExpoFileSystem.modulemap\"\ -fmodule-map-file\=\"/Users/vinay/Library/Developer/Xcode/DerivedData/FindFood-ceewejdexqlrirddbceaqvuunhkx/Build/Products/Debug-iphonesimulator/ExpoFont/ExpoFont.modulemap\"\ -fmodule-map-file\=\"/Users/vinay/Library/Developer/Xcode/DerivedData/FindFood-ceewejdexqlrirddbceaqvuunhkx/Build/Products/Debug-iphonesimulator/ExpoKeepAwake/ExpoKeepAwake.modulemap\"\ -fmodule-map-file\=\"/Users/vinay/Library/Developer/Xcode/DerivedData/FindFood-ceewejdexqlrirddbceaqvuunhkx/Build/Products/Debug-iphonesimulator/ExpoLocation/ExpoLocation.modulemap\"\ -fmodule-map-file\=\"/Users/vinay/Library/Developer/Xcode/DerivedData/FindFood-ceewejdexqlrirddbceaqvuunhkx/Build/Products/Debug-iphonesimulator/ExpoModulesCore/ExpoModulesCore.modulemap\"\ -fmodule-map-file\=\"/Users/vinay/Library/Developer/Xcode/DerivedData/FindFood-ceewejdexqlrirddbceaqvuunhkx/Build/Products/Debug-iphonesimulator/GTMAppAuth/GTMAppAuth.modulemap\"\ -fmodule-map-file\=\"/Users/vinay/Library/Developer/Xcode/DerivedData/FindFood-ceewejdexqlrirddbceaqvuunhkx/Build/Products/Debug-iphonesimulator/expo-dev-launcher/EXDevLauncher.modulemap\"\ -fmodule-map-file\=\"/Users/vinay/Library/Developer/Xcode/DerivedData/FindFood-ceewejdexqlrirddbceaqvuunhkx/Build/Products/Debug-iphonesimulator/expo-dev-menu-interface/EXDevMenuInterface.modulemap\"\ -fmodule-map-file\=\"/Users/vinay/Library/Developer/Xcode/DerivedData/FindFood-ceewejdexqlrirddbceaqvuunhkx/Build/Products/Debug-iphonesimulator/expo-dev-menu/EXDevMenu.modulemap\"\ -fmodule-map-file\=\"/Users/vinay/Documents/Github/FindFood/FindFood/FindFood-FE/ios/Pods/Headers/Public/AppAuth/AppAuth.modulemap\"\ -fmodule-map-file\=\"/Users/vinay/Documents/Github/FindFood/FindFood/FindFood-FE/ios/Pods/Headers/Public/EXJSONUtils/EXJSONUtils.modulemap\"\ -fmodule-map-file\=\"/Users/vinay/Documents/Github/FindFood/FindFood/FindFood-FE/ios/Pods/Headers/Public/FBLPromises/PromisesObjC.modulemap\"\ -fmodule-map-file\=\"/Users/vinay/Documents/Github/FindFood/FindFood/FindFood-FE/ios/Pods/Headers/Public/GTMSessionFetcher/GTMSessionFetcher.modulemap\"\ -fmodule-map-file\=\"/Users/vinay/Documents/Github/FindFood/FindFood/FindFood-FE/ios/Pods/Headers/Public/GoogleSignIn/GoogleSignIn.modulemap\"\ -fmodule-map-file\=\"/Users/vinay/Documents/Github/FindFood/FindFood/FindFood-FE/ios/Pods/Headers/Public/ReactAppDependencyProvider/ReactAppDependencyProvider.modulemap\"\ -fmodule-map-file\=\"/Users/vinay/Documents/Github/FindFood/FindFood/FindFood-FE/ios/Pods/Headers/Public/ReactCodegen/ReactCodegen.modulemap\"\ \ \ -DREACT_NATIVE_MINOR_VERSION\=81\ \ -DREACT_NATIVE_MINOR_VERSION\=81\ \ -DREACT_NATIVE_TARGET_VERSION\=81\ -DUSE_HERMES\ -DRN_FABRIC_ENABLED\ -DRCT_NEW_ARCH_ENABLED\ -DRCT_NEW_ARCH_ENABLED\=1
    export OTHER_LDFLAGS\=\ -ObjC\ -l\"AppAuth\"\ -l\"AppCheckCore\"\ -l\"EXConstants\"\ -l\"EXJSONUtils\"\ -l\"EXManifests\"\ -l\"EXUpdatesInterface\"\ -l\"Expo\"\ -l\"ExpoAdapterGoogleSignIn\"\ -l\"ExpoAsset\"\ -l\"ExpoFileSystem\"\ -l\"ExpoFont\"\ -l\"ExpoKeepAwake\"\ -l\"ExpoLocation\"\ -l\"ExpoModulesCore\"\ -l\"GTMAppAuth\"\ -l\"GTMSessionFetcher\"\ -l\"GoogleSignIn\"\ -l\"GoogleUtilities\"\ -l\"PromisesObjC\"\ -l\"RNCAsyncStorage\"\ -l\"RNGestureHandler\"\ -l\"RNGoogleSignin\"\ -l\"RNSVG\"\ -l\"RNScreens\"\ -l\"ReactAppDependencyProvider\"\ -l\"ReactCodegen\"\ -l\"expo-dev-launcher\"\ -l\"expo-dev-menu\"\ -l\"expo-dev-menu-interface\"\ -l\"react-native-maps\"\ -l\"react-native-safe-area-context\"\ -framework\ \"Accelerate\"\ -framework\ \"AudioToolbox\"\ -framework\ \"CoreGraphics\"\ -framework\ \"CoreText\"\ -framework\ \"Foundation\"\ -framework\ \"ImageIO\"\ -framework\ \"LocalAuthentication\"\ -framework\ \"MobileCoreServices\"\ -framework\ \"QuartzCore\"\ -framework\ \"React\"\ -framework\ \"ReactNativeDependencies\"\ -framework\ \"SafariServices\"\ -framework\ \"Security\"\ -framework\ \"UIKit\"\ -framework\ \"hermes\"\ -weak_framework\ \"AuthenticationServices\"\ -weak_framework\ \"DeviceCheck\"\ -weak_framework\ \"JavaScriptCore\"\ -ObjC\ -lc++
    export OTHER_MODULE_VERIFIER_FLAGS\=\ \"-F/Users/vinay/Library/Developer/Xcode/DerivedData/FindFood-ceewejdexqlrirddbceaqvuunhkx/Build/Products/Debug-iphonesimulator/AppAuth\"\ \"-F/Users/vinay/Library/Developer/Xcode/DerivedData/FindFood-ceewejdexqlrirddbceaqvuunhkx/Build/Products/Debug-iphonesimulator/AppCheckCore\"\ \"-F/Users/vinay/Library/Developer/Xcode/DerivedData/FindFood-ceewejdexqlrirddbceaqvuunhkx/Build/Products/Debug-iphonesimulator/EXConstants\"\ \"-F/Users/vinay/Library/Developer/Xcode/DerivedData/FindFood-ceewejdexqlrirddbceaqvuunhkx/Build/Products/Debug-iphonesimulator/EXJSONUtils\"\ \"-F/Users/vinay/Library/Developer/Xcode/DerivedData/FindFood-ceewejdexqlrirddbceaqvuunhkx/Build/Products/Debug-iphonesimulator/EXManifests\"\ \"-F/Users/vinay/Library/Developer/Xcode/DerivedData/FindFood-ceewejdexqlrirddbceaqvuunhkx/Build/Products/Debug-iphonesimulator/EXUpdatesInterface\"\ \"-F/Users/vinay/Library/Developer/Xcode/DerivedData/FindFood-ceewejdexqlrirddbceaqvuunhkx/Build/Products/Debug-iphonesimulator/Expo\"\ \"-F/Users/vinay/Library/Developer/Xcode/DerivedData/FindFood-ceewejdexqlrirddbceaqvuunhkx/Build/Products/Debug-iphonesimulator/ExpoAdapterGoogleSignIn\"\ \"-F/Users/vinay/Library/Developer/Xcode/DerivedData/FindFood-ceewejdexqlrirddbceaqvuunhkx/Build/Products/Debug-iphonesimulator/ExpoAsset\"\ \"-F/Users/vinay/Library/Developer/Xcode/DerivedData/FindFood-ceewejdexqlrirddbceaqvuunhkx/Build/Products/Debug-iphonesimulator/ExpoFileSystem\"\ \"-F/Users/vinay/Library/Developer/Xcode/DerivedData/FindFood-ceewejdexqlrirddbceaqvuunhkx/Build/Products/Debug-iphonesimulator/ExpoFont\"\ \"-F/Users/vinay/Library/Developer/Xcode/DerivedData/FindFood-ceewejdexqlrirddbceaqvuunhkx/Build/Products/Debug-iphonesimulator/ExpoKeepAwake\"\ \"-F/Users/vinay/Library/Developer/Xcode/DerivedData/FindFood-ceewejdexqlrirddbceaqvuunhkx/Build/Products/Debug-iphonesimulator/ExpoLocation\"\ \"-F/Users/vinay/Library/Developer/Xcode/DerivedData/FindFood-ceewejdexqlrirddbceaqvuunhkx/Build/Products/Debug-iphonesimulator/ExpoModulesCore\"\ \"-F/Users/vinay/Library/Developer/Xcode/DerivedData/FindFood-ceewejdexqlrirddbceaqvuunhkx/Build/Products/Debug-iphonesimulator/FBLazyVector\"\ \"-F/Users/vinay/Library/Developer/Xcode/DerivedData/FindFood-ceewejdexqlrirddbceaqvuunhkx/Build/Products/Debug-iphonesimulator/GTMAppAuth\"\ \"-F/Users/vinay/Library/Developer/Xcode/DerivedData/FindFood-ceewejdexqlrirddbceaqvuunhkx/Build/Products/Debug-iphonesimulator/GTMSessionFetcher\"\ \"-F/Users/vinay/Library/Developer/Xcode/DerivedData/FindFood-ceewejdexqlrirddbceaqvuunhkx/Build/Products/Debug-iphonesimulator/GoogleSignIn\"\ \"-F/Users/vinay/Library/Developer/Xcode/DerivedData/FindFood-ceewejdexqlrirddbceaqvuunhkx/Build/Products/Debug-iphonesimulator/GoogleUtilities\"\ \"-F/Users/vinay/Library/Developer/Xcode/DerivedData/FindFood-ceewejdexqlrirddbceaqvuunhkx/Build/Products/Debug-iphonesimulator/PromisesObjC\"\ \"-F/Users/vinay/Library/Developer/Xcode/DerivedData/FindFood-ceewejdexqlrirddbceaqvuunhkx/Build/Products/Debug-iphonesimulator/RCTDeprecation\"\ \"-F/Users/vinay/Library/Developer/Xcode/DerivedData/FindFood-ceewejdexqlrirddbceaqvuunhkx/Build/Products/Debug-iphonesimulator/RCTRequired\"\ \"-F/Users/vinay/Library/Developer/Xcode/DerivedData/FindFood-ceewejdexqlrirddbceaqvuunhkx/Build/Products/Debug-iphonesimulator/RCTTypeSafety\"\ \"-F/Users/vinay/Library/Developer/Xcode/DerivedData/FindFood-ceewejdexqlrirddbceaqvuunhkx/Build/Products/Debug-iphonesimulator/RNCAsyncStorage\"\ \"-F/Users/vinay/Library/Developer/Xcode/DerivedData/FindFood-ceewejdexqlrirddbceaqvuunhkx/Build/Products/Debug-iphonesimulator/RNGestureHandler\"\ \"-F/Users/vinay/Library/Developer/Xcode/DerivedData/FindFood-ceewejdexqlrirddbceaqvuunhkx/Build/Products/Debug-iphonesimulator/RNGoogleSignin\"\ \"-F/Users/vinay/Library/Developer/Xcode/DerivedData/FindFood-ceewejdexqlrirddbceaqvuunhkx/Build/Products/Debug-iphonesimulator/RNSVG\"\ \"-F/Users/vinay/Library/Developer/Xcode/DerivedData/FindFood-ceewejdexqlrirddbceaqvuunhkx/Build/Products/Debug-iphonesimulator/RNScreens\"\ \"-F/Users/vinay/Library/Developer/Xcode/DerivedData/FindFood-ceewejdexqlrirddbceaqvuunhkx/Build/Products/Debug-iphonesimulator/React\"\ \"-F/Users/vinay/Library/Developer/Xcode/DerivedData/FindFood-ceewejdexqlrirddbceaqvuunhkx/Build/Products/Debug-iphonesimulator/React-Core\"\ \"-F/Users/vinay/Library/Developer/Xcode/DerivedData/FindFood-ceewejdexqlrirddbceaqvuunhkx/Build/Products/Debug-iphonesimulator/React-Core-prebuilt\"\ \"-F/Users/vinay/Library/Developer/Xcode/DerivedData/FindFood-ceewejdexqlrirddbceaqvuunhkx/Build/Products/Debug-iphonesimulator/React-CoreModules\"\ \"-F/Users/vinay/Library/Developer/Xcode/DerivedData/FindFood-ceewejdexqlrirddbceaqvuunhkx/Build/Products/Debug-iphonesimulator/React-Fabric\"\ \"-F/Users/vinay/Library/Developer/Xcode/DerivedData/FindFood-ceewejdexqlrirddbceaqvuunhkx/Build/Products/Debug-iphonesimulator/React-FabricComponents\"\ \"-F/Users/vinay/Library/Developer/Xcode/DerivedData/FindFood-ceewejdexqlrirddbceaqvuunhkx/Build/Products/Debug-iphonesimulator/React-FabricImage\"\ \"-F/Users/vinay/Library/Developer/Xcode/DerivedData/FindFood-ceewejdexqlrirddbceaqvuunhkx/Build/Products/Debug-iphonesimulator/React-ImageManager\"\ \"-F/Users/vinay/Library/Developer/Xcode/DerivedData/FindFood-ceewejdexqlrirddbceaqvuunhkx/Build/Products/Debug-iphonesimulator/React-Mapbuffer\"\ \"-F/Users/vinay/Library/Developer/Xcode/DerivedData/FindFood-ceewejdexqlrirddbceaqvuunhkx/Build/Products/Debug-iphonesimulator/React-NativeModulesApple\"\ \"-F/Users/vinay/Library/Developer/Xcode/DerivedData/FindFood-ceewejdexqlrirddbceaqvuunhkx/Build/Products/Debug-iphonesimulator/React-RCTActionSheet\"\ \"-F/Users/vinay/Library/Developer/Xcode/DerivedData/FindFood-ceewejdexqlrirddbceaqvuunhkx/Build/Products/Debug-iphonesimulator/React-RCTAnimation\"\ \"-F/Users/vinay/Library/Developer/Xcode/DerivedData/FindFood-ceewejdexqlrirddbceaqvuunhkx/Build/Products/Debug-iphonesimulator/React-RCTAppDelegate\"\ \"-F/Users/vinay/Library/Developer/Xcode/DerivedData/FindFood-ceewejdexqlrirddbceaqvuunhkx/Build/Products/Debug-iphonesimulator/React-RCTBlob\"\ \"-F/Users/vinay/Library/Developer/Xcode/DerivedData/FindFood-ceewejdexqlrirddbceaqvuunhkx/Build/Products/Debug-iphonesimulator/React-RCTFBReactNativeSpec\"\ \"-F/Users/vinay/Library/Developer/Xcode/DerivedData/FindFood-ceewejdexqlrirddbceaqvuunhkx/Build/Products/Debug-iphonesimulator/React-RCTFabric\"\ \"-F/Users/vinay/Library/Developer/Xcode/DerivedData/FindFood-ceewejdexqlrirddbceaqvuunhkx/Build/Products/Debug-iphonesimulator/React-RCTImage\"\ \"-F/Users/vinay/Library/Developer/Xcode/DerivedData/FindFood-ceewejdexqlrirddbceaqvuunhkx/Build/Products/Debug-iphonesimulator/React-RCTLinking\"\ \"-F/Users/vinay/Library/Developer/Xcode/DerivedData/FindFood-ceewejdexqlrirddbceaqvuunhkx/Build/Products/Debug-iphonesimulator/React-RCTNetwork\"\ \"-F/Users/vinay/Library/Developer/Xcode/DerivedData/FindFood-ceewejdexqlrirddbceaqvuunhkx/Build/Products/Debug-iphonesimulator/React-RCTRuntime\"\ \"-F/Users/vinay/Library/Developer/Xcode/DerivedData/FindFood-ceewejdexqlrirddbceaqvuunhkx/Build/Products/Debug-iphonesimulator/React-RCTSettings\"\ \"-F/Users/vinay/Library/Developer/Xcode/DerivedData/FindFood-ceewejdexqlrirddbceaqvuunhkx/Build/Products/Debug-iphonesimulator/React-RCTText\"\ \"-F/Users/vinay/Library/Developer/Xcode/DerivedData/FindFood-ceewejdexqlrirddbceaqvuunhkx/Build/Products/Debug-iphonesimulator/React-RCTVibration\"\ \"-F/Users/vinay/Library/Developer/Xcode/DerivedData/FindFood-ceewejdexqlrirddbceaqvuunhkx/Build/Products/Debug-iphonesimulator/React-RuntimeApple\"\ \"-F/Users/vinay/Library/Developer/Xcode/DerivedData/FindFood-ceewejdexqlrirddbceaqvuunhkx/Build/Products/Debug-iphonesimulator/React-RuntimeCore\"\ \"-F/Users/vinay/Library/Developer/Xcode/DerivedData/FindFood-ceewejdexqlrirddbceaqvuunhkx/Build/Products/Debug-iphonesimulator/React-RuntimeHermes\"\ \"-F/Users/vinay/Library/Developer/Xcode/DerivedData/FindFood-ceewejdexqlrirddbceaqvuunhkx/Build/Products/Debug-iphonesimulator/React-callinvoker\"\ \"-F/Users/vinay/Library/Developer/Xcode/DerivedData/FindFood-ceewejdexqlrirddbceaqvuunhkx/Build/Products/Debug-iphonesimulator/React-cxxreact\"\ \"-F/Users/vinay/Library/Developer/Xcode/DerivedData/FindFood-ceewejdexqlrirddbceaqvuunhkx/Build/Products/Debug-iphonesimulator/React-debug\"\ \"-F/Users/vinay/Library/Developer/Xcode/DerivedData/FindFood-ceewejdexqlrirddbceaqvuunhkx/Build/Products/Debug-iphonesimulator/React-defaultsnativemodule\"\ \"-F/Users/vinay/Library/Developer/Xcode/DerivedData/FindFood-ceewejdexqlrirddbceaqvuunhkx/Build/Products/Debug-iphonesimulator/React-domnativemodule\"\ \"-F/Users/vinay/Library/Developer/Xcode/DerivedData/FindFood-ceewejdexqlrirddbceaqvuunhkx/Build/Products/Debug-iphonesimulator/React-featureflags\"\ \"-F/Users/vinay/Library/Developer/Xcode/DerivedData/FindFood-ceewejdexqlrirddbceaqvuunhkx/Build/Products/Debug-iphonesimulator/React-featureflagsnativemodule\"\ \"-F/Users/vinay/Library/Developer/Xcode/DerivedData/FindFood-ceewejdexqlrirddbceaqvuunhkx/Build/Products/Debug-iphonesimulator/React-graphics\"\ \"-F/Users/vinay/Library/Developer/Xcode/DerivedData/FindFood-ceewejdexqlrirddbceaqvuunhkx/Build/Products/Debug-iphonesimulator/React-hermes\"\ \"-F/Users/vinay/Library/Developer/Xcode/DerivedData/FindFood-ceewejdexqlrirddbceaqvuunhkx/Build/Products/Debug-iphonesimulator/React-idlecallbacksnativemodule\"\ \"-F/Users/vinay/Library/Developer/Xcode/DerivedData/FindFood-ceewejdexqlrirddbceaqvuunhkx/Build/Products/Debug-iphonesimulator/React-jserrorhandler\"\ \"-F/Users/vinay/Library/Developer/Xcode/DerivedData/FindFood-ceewejdexqlrirddbceaqvuunhkx/Build/Products/Debug-iphonesimulator/React-jsi\"\ \"-F/Users/vinay/Library/Developer/Xcode/DerivedData/FindFood-ceewejdexqlrirddbceaqvuunhkx/Build/Products/Debug-iphonesimulator/React-jsiexecutor\"\ \"-F/Users/vinay/Library/Developer/Xcode/DerivedData/FindFood-ceewejdexqlrirddbceaqvuunhkx/Build/Products/Debug-iphonesimulator/React-jsinspector\"\ \"-F/Users/vinay/Library/Developer/Xcode/DerivedData/FindFood-ceewejdexqlrirddbceaqvuunhkx/Build/Products/Debug-iphonesimulator/React-jsinspectorcdp\"\ \"-F/Users/vinay/Library/Developer/Xcode/DerivedData/FindFood-ceewejdexqlrirddbceaqvuunhkx/Build/Products/Debug-iphonesimulator/React-jsinspectornetwork\"\ \"-F/Users/vinay/Library/Developer/Xcode/DerivedData/FindFood-ceewejdexqlrirddbceaqvuunhkx/Build/Products/Debug-iphonesimulator/React-jsinspectortracing\"\ \"-F/Users/vinay/Library/Developer/Xcode/DerivedData/FindFood-ceewejdexqlrirddbceaqvuunhkx/Build/Products/Debug-iphonesimulator/React-jsitooling\"\ \"-F/Users/vinay/Library/Developer/Xcode/DerivedData/FindFood-ceewejdexqlrirddbceaqvuunhkx/Build/Products/Debug-iphonesimulator/React-jsitracing\"\ \"-F/Users/vinay/Library/Developer/Xcode/DerivedData/FindFood-ceewejdexqlrirddbceaqvuunhkx/Build/Products/Debug-iphonesimulator/React-logger\"\ \"-F/Users/vinay/Library/Developer/Xcode/DerivedData/FindFood-ceewejdexqlrirddbceaqvuunhkx/Build/Products/Debug-iphonesimulator/React-microtasksnativemodule\"\ \"-F/Users/vinay/Library/Developer/Xcode/DerivedData/FindFood-ceewejdexqlrirddbceaqvuunhkx/Build/Products/Debug-iphonesimulator/React-oscompat\"\ \"-F/Users/vinay/Library/Developer/Xcode/DerivedData/FindFood-ceewejdexqlrirddbceaqvuunhkx/Build/Products/Debug-iphonesimulator/React-perflogger\"\ \"-F/Users/vinay/Library/Developer/Xcode/DerivedData/FindFood-ceewejdexqlrirddbceaqvuunhkx/Build/Products/Debug-iphonesimulator/React-performancetimeline\"\ \"-F/Users/vinay/Library/Developer/Xcode/DerivedData/FindFood-ceewejdexqlrirddbceaqvuunhkx/Build/Products/Debug-iphonesimulator/React-rendererconsistency\"\ \"-F/Users/vinay/Library/Developer/Xcode/DerivedData/FindFood-ceewejdexqlrirddbceaqvuunhkx/Build/Products/Debug-iphonesimulator/React-renderercss\"\ \"-F/Users/vinay/Library/Developer/Xcode/DerivedData/FindFood-ceewejdexqlrirddbceaqvuunhkx/Build/Products/Debug-iphonesimulator/React-rendererdebug\"\ \"-F/Users/vinay/Library/Developer/Xcode/DerivedData/FindFood-ceewejdexqlrirddbceaqvuunhkx/Build/Products/Debug-iphonesimulator/React-runtimeexecutor\"\ \"-F/Users/vinay/Library/Developer/Xcode/DerivedData/FindFood-ceewejdexqlrirddbceaqvuunhkx/Build/Products/Debug-iphonesimulator/React-runtimescheduler\"\ \"-F/Users/vinay/Library/Developer/Xcode/DerivedData/FindFood-ceewejdexqlrirddbceaqvuunhkx/Build/Products/Debug-iphonesimulator/React-timing\"\ \"-F/Users/vinay/Library/Developer/Xcode/DerivedData/FindFood-ceewejdexqlrirddbceaqvuunhkx/Build/Products/Debug-iphonesimulator/React-utils\"\ \"-F/Users/vinay/Library/Developer/Xcode/DerivedData/FindFood-ceewejdexqlrirddbceaqvuunhkx/Build/Products/Debug-iphonesimulator/ReactAppDependencyProvider\"\ \"-F/Users/vinay/Library/Developer/Xcode/DerivedData/FindFood-ceewejdexqlrirddbceaqvuunhkx/Build/Products/Debug-iphonesimulator/ReactCodegen\"\ \"-F/Users/vinay/Library/Developer/Xcode/DerivedData/FindFood-ceewejdexqlrirddbceaqvuunhkx/Build/Products/Debug-iphonesimulator/ReactCommon\"\ \"-F/Users/vinay/Library/Developer/Xcode/DerivedData/FindFood-ceewejdexqlrirddbceaqvuunhkx/Build/Products/Debug-iphonesimulator/ReactNativeDependencies\"\ \"-F/Users/vinay/Library/Developer/Xcode/DerivedData/FindFood-ceewejdexqlrirddbceaqvuunhkx/Build/Products/Debug-iphonesimulator/Yoga\"\ \"-F/Users/vinay/Library/Developer/Xcode/DerivedData/FindFood-ceewejdexqlrirddbceaqvuunhkx/Build/Products/Debug-iphonesimulator/expo-dev-client\"\ \"-F/Users/vinay/Library/Developer/Xcode/DerivedData/FindFood-ceewejdexqlrirddbceaqvuunhkx/Build/Products/Debug-iphonesimulator/expo-dev-launcher\"\ \"-F/Users/vinay/Library/Developer/Xcode/DerivedData/FindFood-ceewejdexqlrirddbceaqvuunhkx/Build/Products/Debug-iphonesimulator/expo-dev-menu\"\ \"-F/Users/vinay/Library/Developer/Xcode/DerivedData/FindFood-ceewejdexqlrirddbceaqvuunhkx/Build/Products/Debug-iphonesimulator/expo-dev-menu-interface\"\ \"-F/Users/vinay/Library/Developer/Xcode/DerivedData/FindFood-ceewejdexqlrirddbceaqvuunhkx/Build/Products/Debug-iphonesimulator/hermes-engine\"\ \"-F/Users/vinay/Library/Developer/Xcode/DerivedData/FindFood-ceewejdexqlrirddbceaqvuunhkx/Build/Products/Debug-iphonesimulator/react-native-maps\"\ \"-F/Users/vinay/Library/Developer/Xcode/DerivedData/FindFood-ceewejdexqlrirddbceaqvuunhkx/Build/Products/Debug-iphonesimulator/react-native-safe-area-context\"
    export OTHER_SWIFT_FLAGS\=\ -D\ COCOAPODS\ -Xcc\ -fmodule-map-file\=\"/Users/vinay/Library/Developer/Xcode/DerivedData/FindFood-ceewejdexqlrirddbceaqvuunhkx/Build/Products/Debug-iphonesimulator/EXConstants/EXConstants.modulemap\"\ -Xcc\ -fmodule-map-file\=\"/Users/vinay/Library/Developer/Xcode/DerivedData/FindFood-ceewejdexqlrirddbceaqvuunhkx/Build/Products/Debug-iphonesimulator/EXManifests/EXManifests.modulemap\"\ -Xcc\ -fmodule-map-file\=\"/Users/vinay/Library/Developer/Xcode/DerivedData/FindFood-ceewejdexqlrirddbceaqvuunhkx/Build/Products/Debug-iphonesimulator/EXUpdatesInterface/EXUpdatesInterface.modulemap\"\ -Xcc\ -fmodule-map-file\=\"/Users/vinay/Library/Developer/Xcode/DerivedData/FindFood-ceewejdexqlrirddbceaqvuunhkx/Build/Products/Debug-iphonesimulator/Expo/Expo.modulemap\"\ -Xcc\ -fmodule-map-file\=\"/Users/vinay/Library/Developer/Xcode/DerivedData/FindFood-ceewejdexqlrirddbceaqvuunhkx/Build/Products/Debug-iphonesimulator/ExpoAdapterGoogleSignIn/ExpoAdapterGoogleSignIn.modulemap\"\ -Xcc\ -fmodule-map-file\=\"/Users/vinay/Library/Developer/Xcode/DerivedData/FindFood-ceewejdexqlrirddbceaqvuunhkx/Build/Products/Debug-iphonesimulator/ExpoAsset/ExpoAsset.modulemap\"\ -Xcc\ -fmodule-map-file\=\"/Users/vinay/Library/Developer/Xcode/DerivedData/FindFood-ceewejdexqlrirddbceaqvuunhkx/Build/Products/Debug-iphonesimulator/ExpoFileSystem/ExpoFileSystem.modulemap\"\ -Xcc\ -fmodule-map-file\=\"/Users/vinay/Library/Developer/Xcode/DerivedData/FindFood-ceewejdexqlrirddbceaqvuunhkx/Build/Products/Debug-iphonesimulator/ExpoFont/ExpoFont.modulemap\"\ -Xcc\ -fmodule-map-file\=\"/Users/vinay/Library/Developer/Xcode/DerivedData/FindFood-ceewejdexqlrirddbceaqvuunhkx/Build/Products/Debug-iphonesimulator/ExpoKeepAwake/ExpoKeepAwake.modulemap\"\ -Xcc\ -fmodule-map-file\=\"/Users/vinay/Library/Developer/Xcode/DerivedData/FindFood-ceewejdexqlrirddbceaqvuunhkx/Build/Products/Debug-iphonesimulator/ExpoLocation/ExpoLocation.modulemap\"\ -Xcc\ -fmodule-map-file\=\"/Users/vinay/Library/Developer/Xcode/DerivedData/FindFood-ceewejdexqlrirddbceaqvuunhkx/Build/Products/Debug-iphonesimulator/ExpoModulesCore/ExpoModulesCore.modulemap\"\ -Xcc\ -fmodule-map-file\=\"/Users/vinay/Library/Developer/Xcode/DerivedData/FindFood-ceewejdexqlrirddbceaqvuunhkx/Build/Products/Debug-iphonesimulator/GTMAppAuth/GTMAppAuth.modulemap\"\ -Xcc\ -fmodule-map-file\=\"/Users/vinay/Library/Developer/Xcode/DerivedData/FindFood-ceewejdexqlrirddbceaqvuunhkx/Build/Products/Debug-iphonesimulator/expo-dev-launcher/EXDevLauncher.modulemap\"\ -Xcc\ -fmodule-map-file\=\"/Users/vinay/Library/Developer/Xcode/DerivedData/FindFood-ceewejdexqlrirddbceaqvuunhkx/Build/Products/Debug-iphonesimulator/expo-dev-menu-interface/EXDevMenuInterface.modulemap\"\ -Xcc\ -fmodule-map-file\=\"/Users/vinay/Library/Developer/Xcode/DerivedData/FindFood-ceewejdexqlrirddbceaqvuunhkx/Build/Products/Debug-iphonesimulator/expo-dev-menu/EXDevMenu.modulemap\"\ -Xcc\ -fmodule-map-file\=\"/Users/vinay/Documents/Github/FindFood/FindFood/FindFood-FE/ios/Pods/Headers/Public/AppAuth/AppAuth.modulemap\"\ -Xcc\ -fmodule-map-file\=\"/Users/vinay/Documents/Github/FindFood/FindFood/FindFood-FE/ios/Pods/Headers/Public/EXJSONUtils/EXJSONUtils.modulemap\"\ -Xcc\ -fmodule-map-file\=\"/Users/vinay/Documents/Github/FindFood/FindFood/FindFood-FE/ios/Pods/Headers/Public/FBLPromises/PromisesObjC.modulemap\"\ -Xcc\ -fmodule-map-file\=\"/Users/vinay/Documents/Github/FindFood/FindFood/FindFood-FE/ios/Pods/Headers/Public/GTMSessionFetcher/GTMSessionFetcher.modulemap\"\ -Xcc\ -fmodule-map-file\=\"/Users/vinay/Documents/Github/FindFood/FindFood/FindFood-FE/ios/Pods/Headers/Public/GoogleSignIn/GoogleSignIn.modulemap\"\ -Xcc\ -fmodule-map-file\=\"/Users/vinay/Documents/Github/FindFood/FindFood/FindFood-FE/ios/Pods/Headers/Public/ReactAppDependencyProvider/ReactAppDependencyProvider.modulemap\"\ -Xcc\ -fmodule-map-file\=\"/Users/vinay/Documents/Github/FindFood/FindFood/FindFood-FE/ios/Pods/Headers/Public/ReactCodegen/ReactCodegen.modulemap\"\ -DEX_DEV_MENU_ENABLED\ -D\ EXPO_CONFIGURATION_DEBUG
    export PACKAGE_TYPE\=com.apple.package-type.wrapper.application
    export PASCAL_STRINGS\=YES
    export PATH\=/Applications/Xcode.app/Contents/SharedFrameworks/SwiftBuild.framework/Versions/A/PlugIns/SWBBuildService.bundle/Contents/PlugIns/SWBUniversalPlatformPlugin.bundle/Contents/Frameworks/SWBUniversalPlatform.framework/Resources:/Applications/Xcode.app/Contents/Developer/Toolchains/XcodeDefault.xctoolchain/usr/bin:/Applications/Xcode.app/Contents/Developer/Toolchains/XcodeDefault.xctoolchain/usr/local/bin:/Applications/Xcode.app/Contents/Developer/Toolchains/XcodeDefault.xctoolchain/usr/libexec:/Applications/Xcode.app/Contents/Developer/Platforms/iPhoneSimulator.platform/usr/bin:/Applications/Xcode.app/Contents/Developer/Platforms/iPhoneSimulator.platform/usr/local/bin:/Applications/Xcode.app/Contents/Developer/Platforms/iPhoneSimulator.platform/Developer/usr/bin:/Applications/Xcode.app/Contents/Developer/Platforms/iPhoneSimulator.platform/Developer/usr/local/bin:/Applications/Xcode.app/Contents/Developer/usr/bin:/Applications/Xcode.app/Contents/Developer/usr/local/bin:/Users/vinay/Documents/Github/FindFood/FindFood/FindFood-FE/node_modules/.bin:/Users/vinay/Documents/Github/FindFood/FindFood/node_modules/.bin:/Users/vinay/Documents/Github/FindFood/node_modules/.bin:/Users/vinay/Documents/Github/node_modules/.bin:/Users/vinay/Documents/node_modules/.bin:/Users/vinay/node_modules/.bin:/Users/node_modules/.bin:/node_modules/.bin:/Users/vinay/.nvm/versions/node/v22.20.0/lib/node_modules/npm/node_modules/@npmcli/run-script/lib/node-gyp-bin:/Users/vinay/.rbenv/shims:/Users/vinay/.rbenv/bin:/Users/vinay/.nvm/versions/node/v22.20.0/bin:/usr/local/bin:/System/Cryptexes/App/usr/bin:/usr/bin:/bin:/usr/sbin:/sbin:/var/run/com.apple.security.cryptexd/codex.system/bootstrap/usr/local/bin:/var/run/com.apple.security.cryptexd/codex.system/bootstrap/usr/bin:/var/run/com.apple.security.cryptexd/codex.system/bootstrap/usr/appleinternal/bin:/opt/pmk/env/global/bin:/Library/Apple/usr/bin:/opt/homebrew/bin:/Users/vinay/Library/Application\ Support/Code/User/globalStorage/github.copilot-chat/debugCommand
    export PATH_PREFIXES_EXCLUDED_FROM_HEADER_DEPENDENCIES\=/usr/include\ /usr/local/include\ /System/Library/Frameworks\ /System/Library/PrivateFrameworks\ /Applications/Xcode.app/Contents/Developer/Headers\ /Applications/Xcode.app/Contents/Developer/SDKs\ /Applications/Xcode.app/Contents/Developer/Platforms
    export PBDEVELOPMENTPLIST_PATH\=FindFood.app/pbdevelopment.plist
    export PER_ARCH_MODULE_FILE_DIR\=/Users/vinay/Library/Developer/Xcode/DerivedData/FindFood-ceewejdexqlrirddbceaqvuunhkx/Build/Intermediates.noindex/FindFood.build/Debug-iphonesimulator/FindFood.build/Objects-normal/undefined_arch
    export PER_ARCH_OBJECT_FILE_DIR\=/Users/vinay/Library/Developer/Xcode/DerivedData/FindFood-ceewejdexqlrirddbceaqvuunhkx/Build/Intermediates.noindex/FindFood.build/Debug-iphonesimulator/FindFood.build/Objects-normal/undefined_arch
    export PER_VARIANT_OBJECT_FILE_DIR\=/Users/vinay/Library/Developer/Xcode/DerivedData/FindFood-ceewejdexqlrirddbceaqvuunhkx/Build/Intermediates.noindex/FindFood.build/Debug-iphonesimulator/FindFood.build/Objects-normal
    export PKGINFO_FILE_PATH\=/Users/vinay/Library/Developer/Xcode/DerivedData/FindFood-ceewejdexqlrirddbceaqvuunhkx/Build/Intermediates.noindex/FindFood.build/Debug-iphonesimulator/FindFood.build/PkgInfo
    export PKGINFO_PATH\=FindFood.app/PkgInfo
    export PLATFORM_DEVELOPER_APPLICATIONS_DIR\=/Applications/Xcode.app/Contents/Developer/Platforms/iPhoneSimulator.platform/Developer/Applications
    export PLATFORM_DEVELOPER_BIN_DIR\=/Applications/Xcode.app/Contents/Developer/Platforms/iPhoneSimulator.platform/Developer/usr/bin
    export PLATFORM_DEVELOPER_LIBRARY_DIR\=/Applications/Xcode.app/Contents/Developer/Platforms/iPhoneSimulator.platform/Developer/Library
    export PLATFORM_DEVELOPER_SDK_DIR\=/Applications/Xcode.app/Contents/Developer/Platforms/iPhoneSimulator.platform/Developer/SDKs
    export PLATFORM_DEVELOPER_TOOLS_DIR\=/Applications/Xcode.app/Contents/Developer/Platforms/iPhoneSimulator.platform/Developer/Tools
    export PLATFORM_DEVELOPER_USR_DIR\=/Applications/Xcode.app/Contents/Developer/Platforms/iPhoneSimulator.platform/Developer/usr
    export PLATFORM_DIR\=/Applications/Xcode.app/Contents/Developer/Platforms/iPhoneSimulator.platform
    export PLATFORM_DISPLAY_NAME\=iOS\ Simulator
    export PLATFORM_FAMILY_NAME\=iOS
    export PLATFORM_NAME\=iphonesimulator
    export PLATFORM_PREFERRED_ARCH\=x86_64
    export PLATFORM_PRODUCT_BUILD_VERSION\=23C53
    export PLATFORM_REQUIRES_SWIFT_AUTOLINK_EXTRACT\=NO
    export PLATFORM_REQUIRES_SWIFT_MODULEWRAP\=NO
    export PLIST_FILE_OUTPUT_FORMAT\=binary
    export PLUGINS_FOLDER_PATH\=FindFood.app/PlugIns
    export PODS_BUILD_DIR\=/Users/vinay/Library/Developer/Xcode/DerivedData/FindFood-ceewejdexqlrirddbceaqvuunhkx/Build/Products
    export PODS_CONFIGURATION_BUILD_DIR\=/Users/vinay/Library/Developer/Xcode/DerivedData/FindFood-ceewejdexqlrirddbceaqvuunhkx/Build/Products/Debug-iphonesimulator
    export PODS_PODFILE_DIR_PATH\=/Users/vinay/Documents/Github/FindFood/FindFood/FindFood-FE/ios/.
    export PODS_ROOT\=/Users/vinay/Documents/Github/FindFood/FindFood/FindFood-FE/ios/Pods
    export PODS_XCFRAMEWORKS_BUILD_DIR\=/Users/vinay/Library/Developer/Xcode/DerivedData/FindFood-ceewejdexqlrirddbceaqvuunhkx/Build/Products/Debug-iphonesimulator/XCFrameworkIntermediates
    export PRECOMPS_INCLUDE_HEADERS_FROM_BUILT_PRODUCTS_DIR\=YES
    export PRECOMP_DESTINATION_DIR\=/Users/vinay/Library/Developer/Xcode/DerivedData/FindFood-ceewejdexqlrirddbceaqvuunhkx/Build/Intermediates.noindex/FindFood.build/Debug-iphonesimulator/FindFood.build/PrefixHeaders
    export PRIVATE_HEADERS_FOLDER_PATH\=FindFood.app/PrivateHeaders
    export PROCESSED_INFOPLIST_PATH\=/Users/vinay/Library/Developer/Xcode/DerivedData/FindFood-ceewejdexqlrirddbceaqvuunhkx/Build/Intermediates.noindex/FindFood.build/Debug-iphonesimulator/FindFood.build/Objects-normal/undefined_arch/Processed-Info.plist
    export PRODUCT_BUNDLE_IDENTIFIER\=org.reactjs.native.example.FindFood
    export PRODUCT_BUNDLE_PACKAGE_TYPE\=APPL
    export PRODUCT_MODULE_NAME\=FindFood
    export PRODUCT_NAME\=FindFood
    export PRODUCT_SETTINGS_PATH\=/Users/vinay/Documents/Github/FindFood/FindFood/FindFood-FE/ios/FindFood/Info.plist
    export PRODUCT_TYPE\=com.apple.product-type.application
    export PROFILING_CODE\=NO
    export PROJECT\=FindFood
    export PROJECT_DERIVED_FILE_DIR\=/Users/vinay/Library/Developer/Xcode/DerivedData/FindFood-ceewejdexqlrirddbceaqvuunhkx/Build/Intermediates.noindex/FindFood.build/DerivedSources
    export PROJECT_DIR\=/Users/vinay/Documents/Github/FindFood/FindFood/FindFood-FE/ios
    export PROJECT_FILE_PATH\=/Users/vinay/Documents/Github/FindFood/FindFood/FindFood-FE/ios/FindFood.xcodeproj
    export PROJECT_GUID\=360dfa63a350b5be5ad76782e42e473a
    export PROJECT_NAME\=FindFood
    export PROJECT_TEMP_DIR\=/Users/vinay/Library/Developer/Xcode/DerivedData/FindFood-ceewejdexqlrirddbceaqvuunhkx/Build/Intermediates.noindex/FindFood.build
    export PROJECT_TEMP_ROOT\=/Users/vinay/Library/Developer/Xcode/DerivedData/FindFood-ceewejdexqlrirddbceaqvuunhkx/Build/Intermediates.noindex
    export PROVISIONING_PROFILE_REQUIRED\=NO
    export PROVISIONING_PROFILE_REQUIRED_YES_YES\=YES
    export PROVISIONING_PROFILE_SUPPORTED\=YES
    export PUBLIC_HEADERS_FOLDER_PATH\=FindFood.app/Headers
    export REACT_NATIVE_PATH\=/Users/vinay/Documents/Github/FindFood/FindFood/FindFood-FE/ios/Pods/../../node_modules/react-native
    export RECOMMENDED_IPHONEOS_DEPLOYMENT_TARGET\=15.0
    export RECURSIVE_SEARCH_PATHS_FOLLOW_SYMLINKS\=YES
    export REMOVE_CVS_FROM_RESOURCES\=YES
    export REMOVE_GIT_FROM_RESOURCES\=YES
    export REMOVE_HEADERS_FROM_EMBEDDED_BUNDLES\=YES
    export REMOVE_HG_FROM_RESOURCES\=YES
    export REMOVE_STATIC_EXECUTABLES_FROM_EMBEDDED_BUNDLES\=YES
    export REMOVE_SVN_FROM_RESOURCES\=YES
    export RESCHEDULE_INDEPENDENT_HEADERS_PHASES\=YES
    export REZ_COLLECTOR_DIR\=/Users/vinay/Library/Developer/Xcode/DerivedData/FindFood-ceewejdexqlrirddbceaqvuunhkx/Build/Intermediates.noindex/FindFood.build/Debug-iphonesimulator/FindFood.build/ResourceManagerResources
    export REZ_OBJECTS_DIR\=/Users/vinay/Library/Developer/Xcode/DerivedData/FindFood-ceewejdexqlrirddbceaqvuunhkx/Build/Intermediates.noindex/FindFood.build/Debug-iphonesimulator/FindFood.build/ResourceManagerResources/Objects
    export REZ_SEARCH_PATHS\=/Users/vinay/Library/Developer/Xcode/DerivedData/FindFood-ceewejdexqlrirddbceaqvuunhkx/Build/Products/Debug-iphonesimulator\ 
    export RUNTIME_EXCEPTION_ALLOW_DYLD_ENVIRONMENT_VARIABLES\=NO
    export RUNTIME_EXCEPTION_ALLOW_JIT\=NO
    export RUNTIME_EXCEPTION_ALLOW_UNSIGNED_EXECUTABLE_MEMORY\=NO
    export RUNTIME_EXCEPTION_DEBUGGING_TOOL\=NO
    export RUNTIME_EXCEPTION_DISABLE_EXECUTABLE_PAGE_PROTECTION\=NO
    export RUNTIME_EXCEPTION_DISABLE_LIBRARY_VALIDATION\=NO
    export SCAN_ALL_SOURCE_FILES_FOR_INCLUDES\=NO
    export SCRIPTS_FOLDER_PATH\=FindFood.app/Scripts
    export SCRIPT_INPUT_FILE_0\=/Users/vinay/Documents/Github/FindFood/FindFood/FindFood-FE/ios/.xcode.env
    export SCRIPT_INPUT_FILE_1\=/Users/vinay/Documents/Github/FindFood/FindFood/FindFood-FE/ios/.xcode.env.local
    export SCRIPT_INPUT_FILE_COUNT\=2
    export SCRIPT_INPUT_FILE_LIST_COUNT\=0
    export SCRIPT_OUTPUT_FILE_COUNT\=0
    export SCRIPT_OUTPUT_FILE_LIST_COUNT\=0
    export SDKROOT\=/Applications/Xcode.app/Contents/Developer/Platforms/iPhoneSimulator.platform/Developer/SDKs/iPhoneSimulator26.2.sdk
    export SDK_DIR\=/Applications/Xcode.app/Contents/Developer/Platforms/iPhoneSimulator.platform/Developer/SDKs/iPhoneSimulator26.2.sdk
    export SDK_DIR_iphonesimulator\=/Applications/Xcode.app/Contents/Developer/Platforms/iPhoneSimulator.platform/Developer/SDKs/iPhoneSimulator26.2.sdk
    export SDK_DIR_iphonesimulator26_2\=/Applications/Xcode.app/Contents/Developer/Platforms/iPhoneSimulator.platform/Developer/SDKs/iPhoneSimulator26.2.sdk
    export SDK_NAME\=iphonesimulator26.2
    export SDK_NAMES\=iphonesimulator26.2
    export SDK_PRODUCT_BUILD_VERSION\=23C53
    export SDK_STAT_CACHE_DIR\=/Users/vinay/Library/Developer/Xcode/DerivedData
    export SDK_STAT_CACHE_ENABLE\=YES
    export SDK_STAT_CACHE_PATH\=/Users/vinay/Library/Developer/Xcode/DerivedData/SDKStatCaches.noindex/iphonesimulator26.2-23C53-7d00a8b37fbd7999ea79df8ebc024bf0.sdkstatcache
    export SDK_VERSION\=26.2
    export SDK_VERSION_ACTUAL\=260200
    export SDK_VERSION_MAJOR\=260000
    export SDK_VERSION_MINOR\=260200
    export SED\=/usr/bin/sed
    export SEPARATE_STRIP\=NO
    export SEPARATE_SYMBOL_EDIT\=NO
    export SET_DIR_MODE_OWNER_GROUP\=YES
    export SET_FILE_MODE_OWNER_GROUP\=NO
    export SHALLOW_BUNDLE\=YES
    export SHALLOW_BUNDLE_TRIPLE\=ios-simulator
    export SHALLOW_BUNDLE_ios_macabi\=NO
    export SHALLOW_BUNDLE_macos\=NO
    export SHARED_DERIVED_FILE_DIR\=/Users/vinay/Library/Developer/Xcode/DerivedData/FindFood-ceewejdexqlrirddbceaqvuunhkx/Build/Products/Debug-iphonesimulator/DerivedSources
    export SHARED_FRAMEWORKS_FOLDER_PATH\=FindFood.app/SharedFrameworks
    export SHARED_PRECOMPS_DIR\=/Users/vinay/Library/Developer/Xcode/DerivedData/FindFood-ceewejdexqlrirddbceaqvuunhkx/Build/Intermediates.noindex/PrecompiledHeaders
    export SHARED_SUPPORT_FOLDER_PATH\=FindFood.app/SharedSupport
    export SKIP_INSTALL\=NO
    export SOURCE_ROOT\=/Users/vinay/Documents/Github/FindFood/FindFood/FindFood-FE/ios
    export SRCROOT\=/Users/vinay/Documents/Github/FindFood/FindFood/FindFood-FE/ios
    export STRINGSDATA_DIR\=/Users/vinay/Library/Developer/Xcode/DerivedData/FindFood-ceewejdexqlrirddbceaqvuunhkx/Build/Intermediates.noindex/FindFood.build/Debug-iphonesimulator/FindFood.build/Objects-normal/undefined_arch
    export STRINGSDATA_ROOT\=/Users/vinay/Library/Developer/Xcode/DerivedData/FindFood-ceewejdexqlrirddbceaqvuunhkx/Build/Intermediates.noindex/FindFood.build/Debug-iphonesimulator/FindFood.build
    export STRINGS_FILE_INFOPLIST_RENAME\=YES
    export STRINGS_FILE_OUTPUT_ENCODING\=binary
    export STRING_CATALOG_GENERATE_SYMBOLS\=NO
    export STRIP_BITCODE_FROM_COPIED_FILES\=NO
    export STRIP_INSTALLED_PRODUCT\=NO
    export STRIP_STYLE\=all
    export STRIP_SWIFT_SYMBOLS\=YES
    export SUPPORTED_DEVICE_FAMILIES\=1,2
    export SUPPORTED_PLATFORMS\=iphoneos\ iphonesimulator
    export SUPPORTS_MACCATALYST\=NO
    export SUPPORTS_ON_DEMAND_RESOURCES\=YES
    export SUPPORTS_TEXT_BASED_API\=NO
    export SUPPRESS_WARNINGS\=NO
    export SWIFT_ACTIVE_COMPILATION_CONDITIONS\=\ DEBUG
    export SWIFT_EMIT_CONST_VALUE_PROTOCOLS\=AppIntent\ EntityQuery\ AppEntity\ TransientEntity\ AppEnum\ AppShortcutProviding\ AppShortcutsProvider\ AnyResolverProviding\ AppIntentsPackage\ DynamicOptionsProvider\ _IntentValueRepresentable\ _AssistantIntentsProvider\ _GenerativeFunctionExtractable\ IntentValueQuery\ Resolver\ AppExtension\ ExtensionPointDefining
    export SWIFT_EMIT_LOC_STRINGS\=NO
    export SWIFT_ENABLE_EXPLICIT_MODULES\=NO
    export SWIFT_INCLUDE_PATHS\=/Users/vinay/Library/Developer/Xcode/DerivedData/FindFood-ceewejdexqlrirddbceaqvuunhkx/Build/Products/Debug-iphonesimulator\ \ \"/Users/vinay/Library/Developer/Xcode/DerivedData/FindFood-ceewejdexqlrirddbceaqvuunhkx/Build/Products/Debug-iphonesimulator/EXConstants\"\ \"/Users/vinay/Library/Developer/Xcode/DerivedData/FindFood-ceewejdexqlrirddbceaqvuunhkx/Build/Products/Debug-iphonesimulator/EXManifests\"\ \"/Users/vinay/Library/Developer/Xcode/DerivedData/FindFood-ceewejdexqlrirddbceaqvuunhkx/Build/Products/Debug-iphonesimulator/EXUpdatesInterface\"\ \"/Users/vinay/Library/Developer/Xcode/DerivedData/FindFood-ceewejdexqlrirddbceaqvuunhkx/Build/Products/Debug-iphonesimulator/Expo\"\ \"/Users/vinay/Library/Developer/Xcode/DerivedData/FindFood-ceewejdexqlrirddbceaqvuunhkx/Build/Products/Debug-iphonesimulator/ExpoAdapterGoogleSignIn\"\ \"/Users/vinay/Library/Developer/Xcode/DerivedData/FindFood-ceewejdexqlrirddbceaqvuunhkx/Build/Products/Debug-iphonesimulator/ExpoAsset\"\ \"/Users/vinay/Library/Developer/Xcode/DerivedData/FindFood-ceewejdexqlrirddbceaqvuunhkx/Build/Products/Debug-iphonesimulator/ExpoFileSystem\"\ \"/Users/vinay/Library/Developer/Xcode/DerivedData/FindFood-ceewejdexqlrirddbceaqvuunhkx/Build/Products/Debug-iphonesimulator/ExpoFont\"\ \"/Users/vinay/Library/Developer/Xcode/DerivedData/FindFood-ceewejdexqlrirddbceaqvuunhkx/Build/Products/Debug-iphonesimulator/ExpoKeepAwake\"\ \"/Users/vinay/Library/Developer/Xcode/DerivedData/FindFood-ceewejdexqlrirddbceaqvuunhkx/Build/Products/Debug-iphonesimulator/ExpoLocation\"\ \"/Users/vinay/Library/Developer/Xcode/DerivedData/FindFood-ceewejdexqlrirddbceaqvuunhkx/Build/Products/Debug-iphonesimulator/ExpoModulesCore\"\ \"/Users/vinay/Library/Developer/Xcode/DerivedData/FindFood-ceewejdexqlrirddbceaqvuunhkx/Build/Products/Debug-iphonesimulator/GTMAppAuth\"\ \"/Users/vinay/Library/Developer/Xcode/DerivedData/FindFood-ceewejdexqlrirddbceaqvuunhkx/Build/Products/Debug-iphonesimulator/expo-dev-launcher\"\ \"/Users/vinay/Library/Developer/Xcode/DerivedData/FindFood-ceewejdexqlrirddbceaqvuunhkx/Build/Products/Debug-iphonesimulator/expo-dev-menu\"\ \"/Users/vinay/Library/Developer/Xcode/DerivedData/FindFood-ceewejdexqlrirddbceaqvuunhkx/Build/Products/Debug-iphonesimulator/expo-dev-menu-interface\"
    export SWIFT_OBJC_BRIDGING_HEADER\=FindFood/FindFood-Bridging-Header.h
    export SWIFT_OPTIMIZATION_LEVEL\=-Onone
    export SWIFT_PLATFORM_TARGET_PREFIX\=ios
    export SWIFT_RESPONSE_FILE_PATH_normal_arm64\=/Users/vinay/Library/Developer/Xcode/DerivedData/FindFood-ceewejdexqlrirddbceaqvuunhkx/Build/Intermediates.noindex/FindFood.build/Debug-iphonesimulator/FindFood.build/Objects-normal/arm64/FindFood.SwiftFileList
    export SWIFT_VERSION\=5.0
    export SYMROOT\=/Users/vinay/Library/Developer/Xcode/DerivedData/FindFood-ceewejdexqlrirddbceaqvuunhkx/Build/Products
    export SYSTEM_ADMIN_APPS_DIR\=/Applications/Utilities
    export SYSTEM_APPS_DIR\=/Applications
    export SYSTEM_CORE_SERVICES_DIR\=/System/Library/CoreServices
    export SYSTEM_DEMOS_DIR\=/Applications/Extras
    export SYSTEM_DEVELOPER_APPS_DIR\=/Applications/Xcode.app/Contents/Developer/Applications
    export SYSTEM_DEVELOPER_BIN_DIR\=/Applications/Xcode.app/Contents/Developer/usr/bin
    export SYSTEM_DEVELOPER_DEMOS_DIR\=/Applications/Xcode.app/Contents/Developer/Applications/Utilities/Built\ Examples
    export SYSTEM_DEVELOPER_DIR\=/Applications/Xcode.app/Contents/Developer
    export SYSTEM_DEVELOPER_DOC_DIR\=/Applications/Xcode.app/Contents/Developer/ADC\ Reference\ Library
    export SYSTEM_DEVELOPER_GRAPHICS_TOOLS_DIR\=/Applications/Xcode.app/Contents/Developer/Applications/Graphics\ Tools
    export SYSTEM_DEVELOPER_JAVA_TOOLS_DIR\=/Applications/Xcode.app/Contents/Developer/Applications/Java\ Tools
    export SYSTEM_DEVELOPER_PERFORMANCE_TOOLS_DIR\=/Applications/Xcode.app/Contents/Developer/Applications/Performance\ Tools
    export SYSTEM_DEVELOPER_RELEASENOTES_DIR\=/Applications/Xcode.app/Contents/Developer/ADC\ Reference\ Library/releasenotes
    export SYSTEM_DEVELOPER_TOOLS\=/Applications/Xcode.app/Contents/Developer/Tools
    export SYSTEM_DEVELOPER_TOOLS_DOC_DIR\=/Applications/Xcode.app/Contents/Developer/ADC\ Reference\ Library/documentation/DeveloperTools
    export SYSTEM_DEVELOPER_TOOLS_RELEASENOTES_DIR\=/Applications/Xcode.app/Contents/Developer/ADC\ Reference\ Library/releasenotes/DeveloperTools
    export SYSTEM_DEVELOPER_USR_DIR\=/Applications/Xcode.app/Contents/Developer/usr
    export SYSTEM_DEVELOPER_UTILITIES_DIR\=/Applications/Xcode.app/Contents/Developer/Applications/Utilities
    export SYSTEM_DEXT_INSTALL_PATH\=/System/Library/DriverExtensions
    export SYSTEM_DOCUMENTATION_DIR\=/Library/Documentation
    export SYSTEM_EXTENSIONS_FOLDER_PATH\=FindFood.app/SystemExtensions
    export SYSTEM_EXTENSIONS_FOLDER_PATH_SHALLOW_BUNDLE_NO\=FindFood.app/Library/SystemExtensions
    export SYSTEM_EXTENSIONS_FOLDER_PATH_SHALLOW_BUNDLE_YES\=FindFood.app/SystemExtensions
    export SYSTEM_KEXT_INSTALL_PATH\=/System/Library/Extensions
    export SYSTEM_LIBRARY_DIR\=/System/Library
    export TAPI_DEMANGLE\=YES
    export TAPI_ENABLE_PROJECT_HEADERS\=NO
    export TAPI_LANGUAGE\=objective-c
    export TAPI_LANGUAGE_STANDARD\=compiler-default
    export TAPI_USE_SRCROOT\=YES
    export TAPI_VERIFY_MODE\=Pedantic
    export TARGETED_DEVICE_FAMILY\=1,2
    export TARGETNAME\=FindFood
    export TARGET_BUILD_DIR\=/Users/vinay/Library/Developer/Xcode/DerivedData/FindFood-ceewejdexqlrirddbceaqvuunhkx/Build/Products/Debug-iphonesimulator
    export TARGET_DEVICE_IDENTIFIER\=3C87BD02-CE09-4166-8EA9-2E43247858B8
    export TARGET_DEVICE_MODEL\=iPhone18,1
    export TARGET_DEVICE_OS_VERSION\=26.2
    export TARGET_DEVICE_PLATFORM_NAME\=iphonesimulator
    export TARGET_NAME\=FindFood
    export TARGET_TEMP_DIR\=/Users/vinay/Library/Developer/Xcode/DerivedData/FindFood-ceewejdexqlrirddbceaqvuunhkx/Build/Intermediates.noindex/FindFood.build/Debug-iphonesimulator/FindFood.build
    export TEMP_DIR\=/Users/vinay/Library/Developer/Xcode/DerivedData/FindFood-ceewejdexqlrirddbceaqvuunhkx/Build/Intermediates.noindex/FindFood.build/Debug-iphonesimulator/FindFood.build
    export TEMP_FILES_DIR\=/Users/vinay/Library/Developer/Xcode/DerivedData/FindFood-ceewejdexqlrirddbceaqvuunhkx/Build/Intermediates.noindex/FindFood.build/Debug-iphonesimulator/FindFood.build
    export TEMP_FILE_DIR\=/Users/vinay/Library/Developer/Xcode/DerivedData/FindFood-ceewejdexqlrirddbceaqvuunhkx/Build/Intermediates.noindex/FindFood.build/Debug-iphonesimulator/FindFood.build
    export TEMP_ROOT\=/Users/vinay/Library/Developer/Xcode/DerivedData/FindFood-ceewejdexqlrirddbceaqvuunhkx/Build/Intermediates.noindex
    export TEMP_SANDBOX_DIR\=/Users/vinay/Library/Developer/Xcode/DerivedData/FindFood-ceewejdexqlrirddbceaqvuunhkx/Build/Intermediates.noindex/TemporaryTaskSandboxes
    export TEST_FRAMEWORK_SEARCH_PATHS\=\ /Applications/Xcode.app/Contents/Developer/Platforms/iPhoneSimulator.platform/Developer/Library/Frameworks\ /Applications/Xcode.app/Contents/Developer/Platforms/iPhoneSimulator.platform/Developer/SDKs/iPhoneSimulator26.2.sdk/Developer/Library/Frameworks
    export TEST_LIBRARY_SEARCH_PATHS\=\ /Applications/Xcode.app/Contents/Developer/Platforms/iPhoneSimulator.platform/Developer/usr/lib
    export TOOLCHAINS\=com.apple.dt.toolchain.XcodeDefault
    export TOOLCHAIN_DIR\=/Applications/Xcode.app/Contents/Developer/Toolchains/XcodeDefault.xctoolchain
    export TREAT_MISSING_BASELINES_AS_TEST_FAILURES\=NO
    export TREAT_MISSING_SCRIPT_PHASE_OUTPUTS_AS_ERRORS\=NO
    export TeamIdentifierPrefix\=FAKETEAMID.
    export UID\=501
    export UNINSTALLED_PRODUCTS_DIR\=/Users/vinay/Library/Developer/Xcode/DerivedData/FindFood-ceewejdexqlrirddbceaqvuunhkx/Build/Intermediates.noindex/UninstalledProducts
    export UNLOCALIZED_RESOURCES_FOLDER_PATH\=FindFood.app
    export UNLOCALIZED_RESOURCES_FOLDER_PATH_SHALLOW_BUNDLE_NO\=FindFood.app/Resources
    export UNLOCALIZED_RESOURCES_FOLDER_PATH_SHALLOW_BUNDLE_YES\=FindFood.app
    export UNSTRIPPED_PRODUCT\=NO
    export USER\=vinay
    export USER_APPS_DIR\=/Users/vinay/Applications
    export USER_LIBRARY_DIR\=/Users/vinay/Library
    export USE_DYNAMIC_NO_PIC\=YES
    export USE_HEADERMAP\=YES
    export USE_HEADER_SYMLINKS\=NO
    export USE_HERMES\=true
    export USE_RECURSIVE_SCRIPT_INPUTS_IN_SCRIPT_PHASES\=YES
    export VALIDATE_DEVELOPMENT_ASSET_PATHS\=YES_ERROR
    export VALIDATE_PRODUCT\=NO
    export VALID_ARCHS\=arm64\ x86_64
    export VERBOSE_PBXCP\=NO
    export VERSIONING_SYSTEM\=apple-generic
    export VERSIONPLIST_PATH\=FindFood.app/version.plist
    export VERSION_INFO_BUILDER\=vinay
    export VERSION_INFO_FILE\=FindFood_vers.c
    export VERSION_INFO_STRING\=\"@\(\#\)PROGRAM:FindFood\ \ PROJECT:FindFood-1\"
    export WARNING_CFLAGS\=-Wno-comma\ -Wno-shorten-64-to-32
    export WORKSPACE_DIR\=/Users/vinay/Documents/Github/FindFood/FindFood/FindFood-FE/ios
    export WRAPPER_EXTENSION\=app
    export WRAPPER_NAME\=FindFood.app
    export WRAPPER_SUFFIX\=.app
    export WRAP_ASSET_PACKS_IN_SEPARATE_DIRECTORIES\=NO
    export XCODE_APP_SUPPORT_DIR\=/Applications/Xcode.app/Contents/Developer/Library/Xcode
    export XCODE_PRODUCT_BUILD_VERSION\=17C52
    export XCODE_VERSION_ACTUAL\=2620
    export XCODE_VERSION_MAJOR\=2600
    export XCODE_VERSION_MINOR\=2620
    export XPCSERVICES_FOLDER_PATH\=FindFood.app/XPCServices
    export YACC\=yacc
    export _DISCOVER_COMMAND_LINE_LINKER_INPUTS\=YES
    export _DISCOVER_COMMAND_LINE_LINKER_INPUTS_INCLUDE_WL\=YES
    export _LD_MULTIARCH\=YES
    export _WRAPPER_CONTENTS_DIR_SHALLOW_BUNDLE_NO\=/Contents
    export _WRAPPER_PARENT_PATH_SHALLOW_BUNDLE_NO\=/..
    export _WRAPPER_RESOURCES_DIR_SHALLOW_BUNDLE_NO\=/Resources
    export __DIAGNOSE_DEPRECATED_ARCHS\=YES
    export __IS_NOT_MACOS\=YES
    export __IS_NOT_MACOS_macosx\=NO
    export __IS_NOT_SIMULATOR\=NO
    export __IS_NOT_SIMULATOR_simulator\=NO
    export arch\=undefined_arch
    export variant\=normal
    /bin/sh -c /Users/vinay/Library/Developer/Xcode/DerivedData/FindFood-ceewejdexqlrirddbceaqvuunhkx/Build/Intermediates.noindex/FindFood.build/Debug-iphonesimulator/FindFood.build/Script-00DD1BFF1BD5951E006B06BC.sh
+ DEST=/Users/vinay/Library/Developer/Xcode/DerivedData/FindFood-ceewejdexqlrirddbceaqvuunhkx/Build/Products/Debug-iphonesimulator/FindFood.app
+ [[ ! -n '' ]]
+ [[ Debug = *Debug* ]]
+ [[ ! iphonesimulator == *simulator ]]
+ [[ -n 1 ]]
+ echo 'SKIP_BUNDLING enabled; skipping.'
SKIP_BUNDLING enabled; skipping.
+ exit 0

PhaseScriptExecution [CP]\ Copy\ Pods\ Resources /Users/vinay/Library/Developer/Xcode/DerivedData/FindFood-ceewejdexqlrirddbceaqvuunhkx/Build/Intermediates.noindex/FindFood.build/Debug-iphonesimulator/FindFood.build/Script-800E24972A6A228C8D4807E9.sh (in target 'FindFood' from project 'FindFood')
    cd /Users/vinay/Documents/Github/FindFood/FindFood/FindFood-FE/ios
    /bin/sh -c /Users/vinay/Library/Developer/Xcode/DerivedData/FindFood-ceewejdexqlrirddbceaqvuunhkx/Build/Intermediates.noindex/FindFood.build/Debug-iphonesimulator/FindFood.build/Script-800E24972A6A228C8D4807E9.sh
/Users/vinay/Library/Developer/Xcode/DerivedData/FindFood-ceewejdexqlrirddbceaqvuunhkx/Build/Products/Debug-iphonesimulator/AppAuth/AppAuthCore_Privacy.bundle
/Users/vinay/Library/Developer/Xcode/DerivedData/FindFood-ceewejdexqlrirddbceaqvuunhkx/Build/Products/Debug-iphonesimulator/EXConstants/EXConstants.bundle
/Users/vinay/Library/Developer/Xcode/DerivedData/FindFood-ceewejdexqlrirddbceaqvuunhkx/Build/Products/Debug-iphonesimulator/EXConstants/ExpoConstants_privacy.bundle
/Users/vinay/Library/Developer/Xcode/DerivedData/FindFood-ceewejdexqlrirddbceaqvuunhkx/Build/Products/Debug-iphonesimulator/ExpoFileSystem/ExpoFileSystem_privacy.bundle
/Users/vinay/Library/Developer/Xcode/DerivedData/FindFood-ceewejdexqlrirddbceaqvuunhkx/Build/Products/Debug-iphonesimulator/GTMAppAuth/GTMAppAuth_Privacy.bundle
/Users/vinay/Library/Developer/Xcode/DerivedData/FindFood-ceewejdexqlrirddbceaqvuunhkx/Build/Products/Debug-iphonesimulator/GTMSessionFetcher/GTMSessionFetcher_Core_Privacy.bundle
/Users/vinay/Library/Developer/Xcode/DerivedData/FindFood-ceewejdexqlrirddbceaqvuunhkx/Build/Products/Debug-iphonesimulator/GoogleSignIn/GoogleSignIn.bundle
/Users/vinay/Library/Developer/Xcode/DerivedData/FindFood-ceewejdexqlrirddbceaqvuunhkx/Build/Products/Debug-iphonesimulator/GoogleUtilities/GoogleUtilities_Privacy.bundle
/Users/vinay/Library/Developer/Xcode/DerivedData/FindFood-ceewejdexqlrirddbceaqvuunhkx/Build/Products/Debug-iphonesimulator/PromisesObjC/FBLPromises_Privacy.bundle
/Users/vinay/Library/Developer/Xcode/DerivedData/FindFood-ceewejdexqlrirddbceaqvuunhkx/Build/Products/Debug-iphonesimulator/RNCAsyncStorage/RNCAsyncStorage_resources.bundle
/Users/vinay/Library/Developer/Xcode/DerivedData/FindFood-ceewejdexqlrirddbceaqvuunhkx/Build/Products/Debug-iphonesimulator/RNSVG/RNSVGFilters.bundle
/Users/vinay/Library/Developer/Xcode/DerivedData/FindFood-ceewejdexqlrirddbceaqvuunhkx/Build/Products/Debug-iphonesimulator/React-Core/React-Core_privacy.bundle
/Users/vinay/Library/Developer/Xcode/DerivedData/FindFood-ceewejdexqlrirddbceaqvuunhkx/Build/Products/Debug-iphonesimulator/React-cxxreact/React-cxxreact_privacy.bundle
/Users/vinay/Library/Developer/Xcode/DerivedData/FindFood-ceewejdexqlrirddbceaqvuunhkx/Build/Products/Debug-iphonesimulator/expo-dev-launcher/EXDevLauncher.bundle
/Users/vinay/Library/Developer/Xcode/DerivedData/FindFood-ceewejdexqlrirddbceaqvuunhkx/Build/Products/Debug-iphonesimulator/expo-dev-menu/EXDevMenu.bundle
Transfer starting: 269 files
EXConstants.bundle/app.config

sent 24654 bytes  received 42 bytes  1635496 bytes/sec
total size is 389828  speedup is 15.79

CopySwiftLibs /Users/vinay/Library/Developer/Xcode/DerivedData/FindFood-ceewejdexqlrirddbceaqvuunhkx/Build/Products/Debug-iphonesimulator/FindFood.app (in target 'FindFood' from project 'FindFood')
    cd /Users/vinay/Documents/Github/FindFood/FindFood/FindFood-FE/ios
    builtin-swiftStdLibTool --copy --verbose --sign - --scan-executable /Users/vinay/Library/Developer/Xcode/DerivedData/FindFood-ceewejdexqlrirddbceaqvuunhkx/Build/Products/Debug-iphonesimulator/FindFood.app/FindFood.debug.dylib --scan-folder /Users/vinay/Library/Developer/Xcode/DerivedData/FindFood-ceewejdexqlrirddbceaqvuunhkx/Build/Products/Debug-iphonesimulator/FindFood.app/Frameworks --scan-folder /Users/vinay/Library/Developer/Xcode/DerivedData/FindFood-ceewejdexqlrirddbceaqvuunhkx/Build/Products/Debug-iphonesimulator/FindFood.app/PlugIns --scan-folder /Users/vinay/Library/Developer/Xcode/DerivedData/FindFood-ceewejdexqlrirddbceaqvuunhkx/Build/Products/Debug-iphonesimulator/FindFood.app/SystemExtensions --scan-folder /Users/vinay/Library/Developer/Xcode/DerivedData/FindFood-ceewejdexqlrirddbceaqvuunhkx/Build/Products/Debug-iphonesimulator/FindFood.app/Extensions --platform iphonesimulator --toolchain /Applications/Xcode.app/Contents/Developer/Toolchains/XcodeDefault.xctoolchain --destination /Users/vinay/Library/Developer/Xcode/DerivedData/FindFood-ceewejdexqlrirddbceaqvuunhkx/Build/Products/Debug-iphonesimulator/FindFood.app/Frameworks --strip-bitcode --strip-bitcode-tool /Applications/Xcode.app/Contents/Developer/Toolchains/XcodeDefault.xctoolchain/usr/bin/bitcode_strip --emit-dependency-info /Users/vinay/Library/Developer/Xcode/DerivedData/FindFood-ceewejdexqlrirddbceaqvuunhkx/Build/Intermediates.noindex/FindFood.build/Debug-iphonesimulator/FindFood.build/SwiftStdLibToolInputDependencies.dep --filter-for-swift-os

ExtractAppIntentsMetadata (in target 'FindFood' from project 'FindFood')
    cd /Users/vinay/Documents/Github/FindFood/FindFood/FindFood-FE/ios
    /Applications/Xcode.app/Contents/Developer/Toolchains/XcodeDefault.xctoolchain/usr/bin/appintentsmetadataprocessor --toolchain-dir /Applications/Xcode.app/Contents/Developer/Toolchains/XcodeDefault.xctoolchain --module-name FindFood --sdk-root /Applications/Xcode.app/Contents/Developer/Platforms/iPhoneSimulator.platform/Developer/SDKs/iPhoneSimulator26.2.sdk --xcode-version 17C52 --platform-family iOS --deployment-target 15.1 --bundle-identifier org.reactjs.native.example.FindFood --output /Users/vinay/Library/Developer/Xcode/DerivedData/FindFood-ceewejdexqlrirddbceaqvuunhkx/Build/Products/Debug-iphonesimulator/FindFood.app --target-triple arm64-apple-ios15.1-simulator --binary-file /Users/vinay/Library/Developer/Xcode/DerivedData/FindFood-ceewejdexqlrirddbceaqvuunhkx/Build/Products/Debug-iphonesimulator/FindFood.app/FindFood --dependency-file /Users/vinay/Library/Developer/Xcode/DerivedData/FindFood-ceewejdexqlrirddbceaqvuunhkx/Build/Intermediates.noindex/FindFood.build/Debug-iphonesimulator/FindFood.build/Objects-normal/arm64/FindFood_dependency_info.dat --stringsdata-file /Users/vinay/Library/Developer/Xcode/DerivedData/FindFood-ceewejdexqlrirddbceaqvuunhkx/Build/Intermediates.noindex/FindFood.build/Debug-iphonesimulator/FindFood.build/Objects-normal/arm64/ExtractedAppShortcutsMetadata.stringsdata --source-file-list /Users/vinay/Library/Developer/Xcode/DerivedData/FindFood-ceewejdexqlrirddbceaqvuunhkx/Build/Intermediates.noindex/FindFood.build/Debug-iphonesimulator/FindFood.build/Objects-normal/arm64/FindFood.SwiftFileList --metadata-file-list /Users/vinay/Library/Developer/Xcode/DerivedData/FindFood-ceewejdexqlrirddbceaqvuunhkx/Build/Intermediates.noindex/FindFood.build/Debug-iphonesimulator/FindFood.build/FindFood.DependencyMetadataFileList --static-metadata-file-list /Users/vinay/Library/Developer/Xcode/DerivedData/FindFood-ceewejdexqlrirddbceaqvuunhkx/Build/Intermediates.noindex/FindFood.build/Debug-iphonesimulator/FindFood.build/FindFood.DependencyStaticMetadataFileList --swift-const-vals-list /Users/vinay/Library/Developer/Xcode/DerivedData/FindFood-ceewejdexqlrirddbceaqvuunhkx/Build/Intermediates.noindex/FindFood.build/Debug-iphonesimulator/FindFood.build/Objects-normal/arm64/FindFood.SwiftConstValuesFileList --compile-time-extraction --deployment-aware-processing --validate-assistant-intents --no-app-shortcuts-localization
2026-01-18 09:52:06.879 appintentsmetadataprocessor[5604:49283] Starting appintentsmetadataprocessor export
2026-01-18 09:52:06.882 appintentsmetadataprocessor[5604:49283] warning: Metadata extraction skipped. No AppIntents.framework dependency found.

CodeSign /Users/vinay/Library/Developer/Xcode/DerivedData/FindFood-ceewejdexqlrirddbceaqvuunhkx/Build/Products/Debug-iphonesimulator/FindFood.app/FindFood.debug.dylib (in target 'FindFood' from project 'FindFood')
    cd /Users/vinay/Documents/Github/FindFood/FindFood/FindFood-FE/ios
    
    Signing Identity:     "Sign to Run Locally"
    
    /usr/bin/codesign --force --sign - --timestamp\=none --generate-entitlement-der /Users/vinay/Library/Developer/Xcode/DerivedData/FindFood-ceewejdexqlrirddbceaqvuunhkx/Build/Products/Debug-iphonesimulator/FindFood.app/FindFood.debug.dylib

CodeSign /Users/vinay/Library/Developer/Xcode/DerivedData/FindFood-ceewejdexqlrirddbceaqvuunhkx/Build/Products/Debug-iphonesimulator/FindFood.app/__preview.dylib (in target 'FindFood' from project 'FindFood')
    cd /Users/vinay/Documents/Github/FindFood/FindFood/FindFood-FE/ios
    
    Signing Identity:     "Sign to Run Locally"
    
    /usr/bin/codesign --force --sign - --timestamp\=none --generate-entitlement-der /Users/vinay/Library/Developer/Xcode/DerivedData/FindFood-ceewejdexqlrirddbceaqvuunhkx/Build/Products/Debug-iphonesimulator/FindFood.app/__preview.dylib
/Users/vinay/Library/Developer/Xcode/DerivedData/FindFood-ceewejdexqlrirddbceaqvuunhkx/Build/Products/Debug-iphonesimulator/FindFood.app/__preview.dylib: replacing existing signature

CodeSign /Users/vinay/Library/Developer/Xcode/DerivedData/FindFood-ceewejdexqlrirddbceaqvuunhkx/Build/Products/Debug-iphonesimulator/FindFood.app (in target 'FindFood' from project 'FindFood')
    cd /Users/vinay/Documents/Github/FindFood/FindFood/FindFood-FE/ios
    
    Signing Identity:     "Sign to Run Locally"
    
    /usr/bin/codesign --force --sign - --entitlements /Users/vinay/Library/Developer/Xcode/DerivedData/FindFood-ceewejdexqlrirddbceaqvuunhkx/Build/Intermediates.noindex/FindFood.build/Debug-iphonesimulator/FindFood.build/FindFood.app.xcent --timestamp\=none --generate-entitlement-der /Users/vinay/Library/Developer/Xcode/DerivedData/FindFood-ceewejdexqlrirddbceaqvuunhkx/Build/Products/Debug-iphonesimulator/FindFood.app

Validate /Users/vinay/Library/Developer/Xcode/DerivedData/FindFood-ceewejdexqlrirddbceaqvuunhkx/Build/Products/Debug-iphonesimulator/FindFood.app (in target 'FindFood' from project 'FindFood')
    cd /Users/vinay/Documents/Github/FindFood/FindFood/FindFood-FE/ios
    builtin-validationUtility /Users/vinay/Library/Developer/Xcode/DerivedData/FindFood-ceewejdexqlrirddbceaqvuunhkx/Build/Products/Debug-iphonesimulator/FindFood.app -shallow-bundle -infoplist-subpath Info.plist

note: Run script build phase '[CP-User] [RNDeps] Replace React Native Dependencies for the right configuration, if needed' will be run during every build because the option to run the script phase "Based on dependency analysis" is unchecked. (in target 'ReactNativeDependencies' from project 'Pods')
/Users/vinay/Documents/Github/FindFood/FindFood/FindFood-FE/ios/Pods/Pods.xcodeproj: warning: The iOS Simulator deployment target 'IPHONEOS_DEPLOYMENT_TARGET' is set to 9.0, but the range of supported deployment target versions is 12.0 to 26.2.99. (in target 'PromisesObjC-FBLPromises_Privacy' from project 'Pods')
/Users/vinay/Documents/Github/FindFood/FindFood/FindFood-FE/ios/Pods/Pods.xcodeproj: warning: The iOS Simulator deployment target 'IPHONEOS_DEPLOYMENT_TARGET' is set to 10.0, but the range of supported deployment target versions is 12.0 to 26.2.99. (in target 'GTMSessionFetcher-GTMSessionFetcher_Core_Privacy' from project 'Pods')
note: Run script build phase '[CP-User] Generate app.config for prebuilt Constants.manifest' will be run during every build because the option to run the script phase "Based on dependency analysis" is unchecked. (in target 'EXConstants' from project 'Pods')
note: Run script build phase 'Bundle React Native code and images' will be run during every build because the option to run the script phase "Based on dependency analysis" is unchecked. (in target 'FindFood' from project 'FindFood')
note: Run script build phase '[Expo] Configure project' will be run during every build because the option to run the script phase "Based on dependency analysis" is unchecked. (in target 'FindFood' from project 'FindFood')
** BUILD SUCCEEDED **

